# 3ds Max Wavefront OBJ Exporter v0.99 - (c)2007 guruware
# File Created: 02.01.2026 18:05:46

mtllib barrier.mtl

#
# object barrier
#

v  70.2370 0.0000 -2.7763
v  70.6025 0.0000 -0.0000
v  69.1654 0.0000 -5.3634
v  70.2370 0.0000 2.7763
v  67.4607 0.0000 -7.5849
v  65.2392 0.0000 -9.2896
v  69.1654 0.0000 5.3633
v  59.8758 0.0000 -0.0000
v  62.6521 0.0000 10.3612
v  59.8758 0.0000 10.7267
v  65.2392 0.0000 9.2896
v  57.0995 0.0000 10.3612
v  67.4608 0.0000 7.5849
v  54.5125 0.0000 9.2896
v  67.0465 1.3482 -7.1706
v  68.6580 1.3482 -5.0704
v  69.6711 1.3482 -2.6247
v  70.0166 1.3482 -0.0000
v  69.6711 1.3482 2.6246
v  68.6580 1.3482 5.0704
v  67.0465 1.3482 7.1706
v  64.9462 1.3482 8.7822
v  62.5004 1.3482 9.7953
v  59.8758 1.3482 10.1408
v  57.2512 1.3482 9.7953
v  54.8054 1.3482 8.7822
v  52.2909 0.0000 7.5849
v  52.7052 1.3482 7.1706
v  64.9462 1.3482 -8.7822
v  62.6521 0.0000 -10.3612
v  62.5004 1.3482 -9.7953
v  59.8758 0.0000 -10.7267
v  59.8758 1.3482 -10.1408
v  57.0995 0.0000 -10.3612
v  57.2512 1.3482 -9.7953
v  54.5125 0.0000 -9.2896
v  54.8054 1.3482 -8.7822
v  52.2909 0.0000 -7.5849
v  52.7052 1.3482 -7.1706
v  50.5862 0.0000 -5.3633
v  51.0936 1.3482 -5.0704
v  50.0805 1.3482 -2.6247
v  49.5146 0.0000 -2.7763
v  49.7350 1.3482 -0.0000
v  49.1491 0.0000 -0.0000
v  50.0805 1.3482 2.6246
v  49.5146 0.0000 2.7763
v  51.0936 1.3482 5.0704
v  50.5862 0.0000 5.3634
v  61.5529 1.7483 -0.9682
v  60.8441 56.2137 -1.6771
v  61.5529 56.2137 -0.9682
v  60.8441 1.7483 -1.6771
v  59.8758 56.2137 -1.9365
v  59.8758 1.7483 -1.9365
v  58.9075 56.2137 -1.6771
v  58.9075 1.7483 -1.6771
v  58.1987 56.2137 -0.9682
v  58.1987 1.7483 -0.9682
v  57.9393 56.2137 0.0000
v  57.9393 1.7483 -0.0000
v  58.1987 56.2137 0.9683
v  58.1987 1.7483 0.9683
v  58.9075 56.2137 1.6771
v  58.9075 1.7483 1.6771
v  59.8758 56.2137 1.9366
v  59.8758 1.7483 1.9366
v  60.8441 56.2137 1.6771
v  60.8441 1.7483 1.6771
v  61.5529 56.2137 0.9683
v  61.5529 1.7483 0.9683
v  61.8123 56.2137 0.0000
v  61.8123 1.7483 -0.0000
v  60.8637 56.7717 -1.7328
v  59.8707 58.0256 -0.9406
v  60.3417 58.0256 -0.8172
v  59.8649 56.7717 -1.9945
v  59.4010 58.0256 -0.8120
v  58.8691 56.7717 -1.7219
v  59.0587 58.0256 -0.4659
v  58.1431 56.7717 -0.9878
v  58.9352 58.0256 0.0051
v  57.8813 56.7717 0.0109
v  59.0637 58.0256 0.4748
v  58.1539 56.7717 1.0067
v  59.4099 58.0256 0.8172
v  58.8880 56.7717 1.7328
v  59.8809 58.0256 0.9407
v  59.8867 56.7717 1.9946
v  60.3506 58.0256 0.8121
v  60.8825 56.7717 1.7219
v  60.6930 58.0256 0.4659
v  61.6086 56.7717 0.9878
v  61.8703 56.7717 -0.0109
v  60.8164 58.0256 -0.0051
v  60.6879 58.0256 -0.4747
v  61.5977 56.7717 -1.0067
v  60.4912 58.8429 -0.8113
v  59.7374 58.8429 -1.0089
v  59.0647 58.8429 -0.6156
v  58.8662 58.8450 0.1414
v  59.2604 58.8429 0.8109
v  60.0142 58.8429 1.0085
v  60.6869 58.8429 0.6152
v  60.8845 58.8429 -0.1386
v  63.3723 56.3188 -1.4460
v  63.3723 56.7717 -1.4460
v  63.6595 56.3188 0.0021
v  63.6595 56.7717 0.0021
v  63.3707 56.3188 1.4499
v  63.3707 56.7717 1.4499
v  62.5499 56.7717 2.6770
v  62.5499 56.3188 2.6770
v  61.3219 56.7717 3.4965
v  61.3219 56.3188 3.4965
v  -62.6521 0.0000 -10.3612
v  -59.8758 0.0000 -10.7267
v  -65.2392 0.0000 -9.2896
v  -67.4607 0.0000 -7.5849
v  -57.0995 0.0000 -10.3612
v  -54.5125 0.0000 -9.2896
v  -69.1654 0.0000 -5.3633
v  -59.8758 0.0000 -0.0000
v  -49.5146 0.0000 -2.7763
v  -49.1491 0.0000 -0.0000
v  -50.5862 0.0000 -5.3633
v  -49.5146 0.0000 2.7763
v  -52.2909 0.0000 -7.5849
v  -50.5862 0.0000 5.3633
v  -67.0465 1.3482 -7.1706
v  -64.9462 1.3482 -8.7822
v  -62.5004 1.3482 -9.7953
v  -59.8758 1.3482 -10.1408
v  -57.2512 1.3482 -9.7953
v  -54.8054 1.3482 -8.7822
v  -52.7052 1.3482 -7.1706
v  -51.0936 1.3482 -5.0704
v  -50.0805 1.3482 -2.6247
v  -49.7350 1.3482 -0.0000
v  -50.0805 1.3482 2.6246
v  -51.0936 1.3482 5.0704
v  -52.2909 0.0000 7.5849
v  -52.7052 1.3482 7.1707
v  -68.6580 1.3482 -5.0704
v  -70.2370 0.0000 -2.7763
v  -69.6711 1.3482 -2.6247
v  -70.6025 0.0000 -0.0000
v  -70.0166 1.3482 -0.0000
v  -70.2370 0.0000 2.7763
v  -69.6711 1.3482 2.6246
v  -69.1654 0.0000 5.3634
v  -68.6580 1.3482 5.0704
v  -67.4607 0.0000 7.5849
v  -67.0465 1.3482 7.1707
v  -65.2392 0.0000 9.2896
v  -64.9462 1.3482 8.7822
v  -62.6521 0.0000 10.3612
v  -62.5004 1.3482 9.7953
v  -59.8758 1.3482 10.1408
v  -59.8758 0.0000 10.7267
v  -57.2512 1.3482 9.7953
v  -57.0995 0.0000 10.3612
v  -54.8054 1.3482 8.7822
v  -54.5125 0.0000 9.2896
v  -60.8441 1.7483 -1.6771
v  -61.5528 56.2137 -0.9682
v  -60.8441 56.2137 -1.6771
v  -61.5528 1.7483 -0.9682
v  -61.8123 56.2137 0.0000
v  -61.8123 1.7483 -0.0000
v  -61.5528 56.2137 0.9683
v  -61.5528 1.7483 0.9683
v  -60.8441 56.2137 1.6771
v  -60.8441 1.7483 1.6771
v  -59.8758 56.2137 1.9366
v  -59.8758 1.7483 1.9366
v  -58.9075 56.2137 1.6771
v  -58.9075 1.7483 1.6771
v  -58.1987 56.2137 0.9683
v  -58.1987 1.7483 0.9683
v  -57.9393 56.2137 0.0000
v  -57.9393 1.7483 -0.0000
v  -58.1987 56.2137 -0.9682
v  -58.1987 1.7483 -0.9682
v  -58.9075 56.2137 -1.6771
v  -58.9075 1.7483 -1.6771
v  -59.8758 56.2137 -1.9365
v  -59.8758 1.7483 -1.9365
v  -61.6085 56.7717 -0.9878
v  -60.8164 58.0256 0.0051
v  -60.6930 58.0256 -0.4659
v  -61.8703 56.7717 0.0109
v  -60.6879 58.0256 0.4748
v  -61.5977 56.7717 1.0067
v  -60.3417 58.0256 0.8172
v  -60.8637 56.7717 1.7328
v  -59.8707 58.0256 0.9407
v  -59.8649 56.7717 1.9946
v  -59.4010 58.0256 0.8121
v  -58.8691 56.7717 1.7219
v  -59.0586 58.0256 0.4659
v  -58.1431 56.7717 0.9878
v  -58.9351 58.0256 -0.0051
v  -57.8813 56.7717 -0.0109
v  -59.0637 58.0256 -0.4747
v  -58.1539 56.7717 -1.0067
v  -59.4099 58.0256 -0.8172
v  -58.8880 56.7717 -1.7328
v  -59.8809 58.0256 -0.9406
v  -59.8867 56.7717 -1.9945
v  -60.3506 58.0256 -0.8120
v  -60.8825 56.7717 -1.7218
v  -60.6872 58.8429 -0.6154
v  -60.8847 58.8429 0.1384
v  -60.4914 58.8429 0.8112
v  -59.7344 58.8450 1.0096
v  -59.0649 58.8429 0.6155
v  -58.8673 58.8429 -0.1384
v  -59.2606 58.8429 -0.8111
v  -60.0144 58.8429 -1.0087
v  -61.3218 56.3188 -3.4964
v  -61.3218 56.7717 -3.4964
v  -59.8737 56.3188 -3.7837
v  -59.8737 56.7717 -3.7837
v  -58.4259 56.3188 -3.4949
v  -58.4259 56.7717 -3.4949
v  -57.1988 56.7717 -2.6740
v  -57.1988 56.3188 -2.6740
v  -56.3793 56.7717 -1.4460
v  -56.3793 56.3188 -1.4460
v  -56.0921 56.3188 0.0021
v  -56.0921 56.7717 0.0021
v  -56.3809 56.7717 1.4499
v  -56.3809 56.3188 1.4499
v  -57.2018 56.7717 2.6770
v  -57.2017 56.3188 2.6770
v  -58.4297 56.7717 3.4965
v  -58.4297 56.3188 3.4965
v  -59.8778 56.3188 3.7837
v  -59.8778 56.7717 3.7837
v  -61.3256 56.3188 3.4949
v  -61.3256 56.7717 3.4949
v  -62.5527 56.7717 2.6740
v  -62.5527 56.3188 2.6740
v  -63.3722 56.7717 1.4461
v  -63.3722 56.3188 1.4461
v  -63.6595 56.3188 -0.0020
v  -63.6595 56.7717 -0.0021
v  -63.3707 56.7717 -1.4498
v  -63.3707 56.3188 -1.4498
v  -62.5498 56.7717 -2.6769
v  -62.5498 56.3188 -2.6769
v  -58.4573 59.2248 0.9478
v  -58.2026 59.2248 -0.3328
v  -57.4817 59.8794 0.0000
v  -57.6640 59.8794 0.9162
v  -57.2756 60.7044 1.0771
v  -57.6640 59.8794 -0.9162
v  -57.0614 60.7044 0.0000
v  -58.1829 59.8794 -1.6929
v  -58.9280 59.2248 -1.4185
v  -57.1418 61.6189 1.1325
v  -57.2756 60.7044 -1.0770
v  -57.8857 60.7044 -1.9901
v  -58.9596 59.8794 -2.2119
v  -60.2086 59.2248 -1.6732
v  -56.9166 61.6189 0.0000
v  -57.1418 61.6189 -1.1325
v  59.8738 56.3188 3.7837
v  59.8738 56.7717 3.7837
v  58.4259 56.3188 3.4949
v  58.4259 56.7717 3.4949
v  57.1989 56.7717 2.6741
v  57.1989 56.3188 2.6741
v  56.3793 56.7717 1.4461
v  56.3793 56.3188 1.4461
v  56.0921 56.3188 -0.0020
v  56.0921 56.7717 -0.0020
v  56.3809 56.3188 -1.4498
v  56.3809 56.7717 -1.4498
v  57.2018 56.7717 -2.6769
v  57.2018 56.3188 -2.6769
v  58.4298 56.3188 -3.4964
v  58.4298 56.7717 -3.4964
v  59.8779 56.3188 -3.7837
v  59.8779 56.7717 -3.7837
v  61.3257 56.3188 -3.4949
v  61.3257 56.7717 -3.4949
v  62.5527 56.7717 -2.6740
v  62.5527 56.3188 -2.6740
v  58.9280 59.2248 1.4185
v  60.2087 59.2248 1.6732
v  59.8758 59.8794 2.3941
v  58.9597 59.8794 2.2119
v  58.7988 60.7044 2.6002
v  60.7920 59.8794 2.2119
v  61.2943 59.2248 0.9478
v  61.5687 59.8794 1.6929
v  60.9528 60.7044 2.6002
v  59.8758 60.7044 2.8144
v  58.7434 61.6189 2.7340
v  59.8758 61.6189 2.9593
v  62.0877 59.8794 0.9162
v  61.5490 59.2248 -0.3328
v  61.8659 60.7044 1.9901
v  61.0083 61.6189 2.7340
v  59.8758 62.5333 2.8144
v  60.9528 62.5333 2.6002
v  58.7988 62.5333 2.6002
v  62.2699 59.8794 0.0000
v  62.4760 60.7044 1.0771
v  59.8758 63.3582 2.3941
v  61.9683 61.6189 2.0925
v  62.6098 61.6189 1.1325
v  61.8659 62.5333 1.9901
v  60.8236 59.2248 -1.4184
v  60.7920 63.3582 2.2119
v  61.5687 63.3582 1.6929
v  58.9597 63.3582 2.2119
v  62.6902 60.7044 0.0000
v  62.8351 61.6189 0.0000
v  62.4760 62.5333 1.0771
v  62.0877 63.3582 0.9162
v  59.2102 64.0129 1.6070
v  59.8758 64.0129 1.7394
v  60.5415 64.0129 1.6070
v  61.1058 64.0129 1.2300
v  60.2258 64.4333 0.8449
v  59.8758 64.4333 0.9145
v  62.6902 62.5333 0.0000
v  62.2699 63.3582 0.0000
v  61.4828 64.0129 0.6657
v  61.6152 64.0129 0.0000
v  59.5259 64.4333 0.8449
v  59.8758 64.5781 0.0000
v  60.5224 64.4333 0.6467
v  60.7207 64.4333 0.3500
v  60.7903 64.4333 0.0000
v  62.4760 62.5333 -1.0770
v  62.0877 63.3582 -0.9162
v  61.4828 64.0129 -0.6656
v  60.7207 64.4333 -0.3500
v  61.1058 64.0129 -1.2299
v  60.5224 64.4333 -0.6466
v  60.2258 64.4333 -0.8449
v  61.8659 62.5333 -1.9901
v  61.5687 63.3582 -1.6929
v  61.9683 61.6189 -2.0925
v  62.6098 61.6189 -1.1325
v  60.5415 64.0129 -1.6070
v  62.4760 60.7044 -1.0770
v  61.0083 61.6189 -2.7340
v  60.9528 62.5333 -2.6002
v  60.7920 63.3582 -2.2119
v  61.8659 60.7044 -1.9901
v  62.0877 59.8794 -0.9162
v  60.9528 60.7044 -2.6002
v  61.5687 59.8794 -1.6929
v  60.7920 59.8794 -2.2119
v  59.5430 59.2248 -1.6732
v  59.8758 59.8794 -2.3941
v  58.9597 59.8794 -2.2119
v  58.4573 59.2248 -0.9478
v  59.8758 60.7044 -2.8144
v  58.7988 60.7044 -2.6002
v  58.1829 59.8794 -1.6929
v  57.8857 60.7044 -1.9901
v  58.7434 61.6189 -2.7340
v  59.8758 61.6189 -2.9593
v  57.6640 59.8794 -0.9162
v  58.2026 59.2248 0.3328
v  57.2757 60.7044 -1.0770
v  57.7833 61.6189 -2.0925
v  57.4817 59.8794 0.0000
v  59.8758 62.5333 -2.8144
v  58.7988 62.5333 -2.6002
v  57.8857 62.5333 -1.9901
v  57.6640 59.8794 0.9162
v  57.0614 60.7044 0.0000
v  57.1418 61.6189 -1.1325
v  57.2757 62.5333 -1.0770
v  57.2756 60.7044 1.0771
v  59.8758 63.3582 -2.3941
v  58.9597 63.3582 -2.2119
v  58.1829 63.3582 -1.6929
v  58.1829 59.8794 1.6929
v  56.9166 61.6189 0.0000
v  57.0614 62.5333 0.0000
v  -57.7833 61.6189 -2.0925
v  -57.0614 62.5333 0.0000
v  -57.2756 62.5333 1.0771
v  -57.2756 62.5333 -1.0770
v  -58.7988 60.7044 -2.6002
v  -58.7434 61.6189 -2.7340
v  -59.8758 59.8794 -2.3941
v  -57.8857 62.5333 -1.9901
v  -57.6640 63.3582 -0.9162
v  -57.4817 63.3582 0.0000
v  -61.2943 59.2248 -0.9478
v  -57.6640 63.3582 0.9162
v  -59.8758 60.7044 -2.8144
v  -59.8758 61.6189 -2.9593
v  -58.7988 62.5333 -2.6002
v  -58.1364 64.0129 0.0000
v  -58.1829 63.3582 -1.6929
v  -58.9596 63.3582 -2.2119
v  -58.2688 64.0129 -0.6656
v  -60.9528 60.7044 -2.6002
v  -58.2688 64.0129 0.6657
v  -59.8758 62.5333 -2.8144
v  -59.8758 63.3582 -2.3941
v  -59.2102 64.0129 -1.6070
v  -58.6458 64.0129 -1.2299
v  -61.0083 61.6189 -2.7340
v  -60.9528 62.5333 -2.6002
v  -59.0310 64.4333 -0.3500
v  -59.2292 64.4333 -0.6466
v  -59.5259 64.4333 -0.8449
v  -59.8758 64.0129 -1.7394
v  -61.9683 61.6189 -2.0925
v  -60.7920 63.3582 -2.2119
v  -60.5414 64.0129 -1.6070
v  -61.8659 62.5333 -1.9901
v  -59.8758 64.5781 0.0000
v  -59.8758 64.4333 -0.9145
v  -60.2257 64.4333 -0.8449
v  -61.5687 63.3582 -1.6929
v  -61.1057 64.0129 -1.2299
v  -60.5224 64.4333 -0.6466
v  -61.4828 64.0129 -0.6656
v  -62.0877 63.3582 -0.9162
v  -62.6098 61.6189 -1.1325
v  -62.4760 62.5333 -1.0770
v  -60.7206 64.4333 -0.3500
v  -58.9613 64.4333 0.0000
v  -59.0310 64.4333 0.3500
v  -61.8659 60.7044 -1.9901
v  -62.4760 60.7044 -1.0770
v  -62.0877 59.8794 -0.9162
v  -60.7920 59.8794 -2.2119
v  -61.5687 59.8794 -1.6929
v  -61.5490 59.2248 0.3328
v  -62.2699 59.8794 0.0000
v  -62.0877 59.8794 0.9162
v  -62.6902 60.7044 0.0000
v  -61.5687 59.8794 1.6929
v  -60.8236 59.2248 1.4185
v  -62.4760 60.7044 1.0771
v  -61.8659 60.7044 1.9901
v  -62.8351 61.6189 0.0000
v  -62.6098 61.6189 1.1325
v  -61.9683 61.6189 2.0925
v  -60.7920 59.8794 2.2119
v  -60.9528 60.7044 2.6002
v  -59.5430 59.2248 1.6732
v  -61.0083 61.6189 2.7340
v  -62.6902 62.5333 0.0000
v  -62.4760 62.5333 1.0771
v  -61.8659 62.5333 1.9901
v  -59.8758 59.8794 2.3941
v  -59.8758 60.7044 2.8144
v  -62.0877 63.3582 0.9162
v  -58.9596 59.8794 2.2119
v  -58.1829 59.8794 1.6929
v  -58.7988 60.7044 2.6002
v  -59.8758 61.6189 2.9593
v  -57.8857 60.7044 1.9901
v  -60.9528 62.5333 2.6002
v  -61.5687 63.3582 1.6929
v  -58.7434 61.6189 2.7340
v  -57.7833 61.6189 2.0925
v  -58.7988 62.5333 2.6002
v  -57.8857 62.5333 1.9901
v  -59.8758 62.5333 2.8144
v  -59.8758 63.3582 2.3941
v  -60.7920 63.3582 2.2119
v  -58.9596 63.3582 2.2119
v  -60.5414 64.0129 1.6070
v  -58.1829 63.3582 1.6929
v  -59.2102 64.0129 1.6070
v  -59.8758 64.0129 1.7394
v  -58.6458 64.0129 1.2300
v  -59.5259 64.4333 0.8449
v  -59.2292 64.4333 0.6467
v  -60.2257 64.4333 0.8449
v  -59.8758 64.4333 0.9145
v  -61.1057 64.0129 1.2300
v  -60.5224 64.4333 0.6467
v  -61.4828 64.0129 0.6657
v  -60.7206 64.4333 0.3500
v  -61.6152 64.0129 0.0000
v  -60.7903 64.4333 0.0000
v  -62.2699 63.3582 0.0000
v  57.6640 63.3582 -0.9162
v  57.4817 63.3582 0.0000
v  57.8857 60.7044 1.9901
v  57.1418 61.6189 1.1325
v  57.7833 61.6189 2.0925
v  57.2756 62.5333 1.0771
v  59.2102 64.0129 -1.6070
v  58.6459 64.0129 -1.2299
v  58.2688 64.0129 -0.6656
v  57.8857 62.5333 1.9901
v  59.2292 64.4333 -0.6466
v  57.6640 63.3582 0.9162
v  58.1829 63.3582 1.6929
v  58.2688 64.0129 0.6657
v  58.6459 64.0129 1.2300
v  59.5259 64.4333 -0.8449
v  59.0310 64.4333 -0.3500
v  58.9613 64.4333 0.0000
v  59.2292 64.4333 0.6467
v  59.0310 64.4333 0.3500
v  58.1364 64.0129 0.0000
v  59.8758 64.4333 -0.9144
v  59.8758 64.0129 -1.7394
v  61.8791 2.6109 -3.4700
v  63.0273 2.6109 -2.4183
v  60.3943 2.6109 -3.9385
v  63.7460 2.6109 -1.0370
v  58.8388 2.6109 -3.8702
v  63.8143 2.6109 0.5185
v  57.4575 2.6109 -3.1516
v  63.3457 2.6109 2.0033
v  56.4059 2.6109 -2.0033
v  62.2941 2.6109 3.1515
v  55.9374 2.6109 -0.5185
v  60.9128 2.6109 3.8702
v  56.0056 2.6109 1.0370
v  59.3573 2.6109 3.9385
v  56.7242 2.6109 2.4183
v  57.8724 2.6109 3.4699
v  -63.3457 2.6109 -2.0033
v  -62.2941 2.6109 -3.1516
v  -63.8143 2.6109 -0.5185
v  -60.9129 2.6109 -3.8702
v  -63.7460 2.6109 1.0370
v  -59.3573 2.6109 -3.9384
v  -63.0273 2.6109 2.4183
v  -57.8724 2.6109 -3.4699
v  -61.8792 2.6109 3.4699
v  -56.7242 2.6109 -2.4183
v  -60.3943 2.6109 3.9385
v  -56.0056 2.6109 -1.0370
v  -58.8387 2.6109 3.8702
v  -55.9374 2.6109 0.5185
v  -57.4575 2.6109 3.1515
v  -56.4059 2.6109 2.0033
v  53.6097 52.6167 1.3100
v  54.8580 54.7790 1.3100
v  52.9430 53.0016 0.5485
v  54.1914 55.1639 0.5485
v  54.5495 55.3916 0.4556
v  55.1483 55.0458 1.1139
v  54.1862 55.1669 -0.5343
v  52.9378 53.0046 -0.5343
v  55.3323 55.2125 0.8344
v  53.5973 52.6238 -1.3041
v  54.8457 54.7861 -1.3041
v  54.5453 55.3940 -0.4438
v  54.9044 55.4595 -0.3402
v  54.9077 55.4576 0.3494
v  55.7834 54.2447 -1.3100
v  55.1388 55.0513 -1.1092
v  55.3245 55.2170 -0.8306
v  54.5351 52.0824 -1.3100
v  55.9217 54.8722 -0.8344
v  55.8686 54.6299 -1.1138
v  56.4501 53.8598 -0.5485
v  56.4681 54.2839 -0.4561
v  55.2017 51.6975 -0.5485
v  56.3463 54.6271 -0.3494
v  55.2068 51.6945 0.5343
v  56.4552 53.8568 0.5343
v  56.3496 54.6252 0.3403
v  56.4723 54.2814 0.4441
v  55.7958 54.2376 1.3041
v  54.5474 52.0753 1.3041
v  55.9296 54.8677 0.8306
v  55.8783 54.6244 1.1091
v  55.5154 56.0874 0.1972
v  56.3169 55.6254 0.1913
v  55.5131 56.0894 -0.1918
v  56.3169 55.6254 -0.1976
v  55.2122 55.2818 -0.2243
v  55.2141 55.2807 0.2308
v  56.0460 54.8004 -0.2303
v  57.1226 56.0922 -0.2092
v  56.0479 54.7994 0.2248
v  57.1259 56.0904 0.2041
v  57.2772 56.4302 0.2097
v  57.2740 56.4323 -0.2150
v  57.2466 56.8812 0.2150
v  57.2445 56.8825 -0.2207
v  56.9110 57.2274 -0.1998
v  56.9120 57.2269 0.2003
v  56.4123 57.3452 0.1808
v  56.4104 57.3463 -0.1768
v  56.0354 57.1446 0.1770
v  56.0323 57.1461 -0.1718
v  55.8237 56.8439 0.1722
v  55.8208 56.8456 -0.1673
v  55.5157 56.0138 -0.1566
v  55.5177 56.0120 0.1612
v  56.8359 56.2262 -0.2094
v  56.9715 56.5205 -0.2145
v  56.9535 56.7269 -0.2169
v  56.7545 56.9618 -0.1981
v  56.4318 57.0527 -0.1749
v  56.2187 56.9439 -0.1743
v  56.0294 56.6922 -0.1707
v  55.7403 55.8842 -0.1602
v  56.8356 56.2257 0.2030
v  56.9715 56.5204 0.2080
v  56.9544 56.7283 0.2087
v  56.7602 56.9585 0.1935
v  56.4325 57.0507 0.1745
v  56.2192 56.9450 0.1725
v  56.0294 56.6922 0.1680
v  55.7403 55.8842 0.1576
v  50.1956 44.1350 -0.8547
v  54.1541 52.5347 -1.2717
v  55.0350 52.0776 -0.7801
v  50.4076 43.9923 0.3024
v  48.3887 45.3530 -0.8605
v  53.0536 53.1066 0.2700
v  53.2650 52.9966 -0.7872
v  48.1735 45.4982 0.3049
v  48.7878 45.0837 1.2539
v  49.8007 44.4010 1.2490
v  53.6568 52.7930 1.1297
v  54.6488 52.2780 1.1239
v  55.2423 51.9700 0.2669
v  -55.5057 51.7510 0.2610
v  -55.2985 51.8512 -0.7681
v  -51.8268 44.3749 0.3023
v  -51.6043 44.5008 -0.8545
v  -46.6400 36.6379 0.3095
v  -46.4414 36.7976 -0.8696
v  -40.1780 30.0441 0.3003
v  -40.0178 30.2277 -0.8508
v  -32.2166 24.9214 0.3000
v  -14.7282 17.8504 0.2996
v  -14.5600 18.5170 1.2467
v  -23.6817 20.8519 0.2998
v  -5.3831 16.7841 1.2462
v  -5.2768 17.9449 1.2522
v  -5.4454 16.0989 0.2995
v  3.9534 16.6026 1.2463
v  3.8725 17.7679 1.2524
v  4.0012 15.9144 0.2996
v  13.3366 17.3527 0.2998
v  13.1797 18.0271 1.2467
v  22.3300 20.2510 0.3001
v  -56.6323 55.3700 0.1972
v  -55.8012 55.7764 0.1913
v  -56.6352 55.3692 -0.1918
v  -55.8012 55.7764 -0.1976
v  -56.1337 54.6684 -0.2243
v  -56.1318 54.6693 0.2308
v  -55.2685 55.0907 -0.2303
v  -55.7381 56.7054 -0.2092
v  -55.2666 55.0917 0.2248
v  -55.7347 56.7071 0.2041
v  -55.9319 57.0225 0.2097
v  -55.9354 57.0210 -0.2150
v  -56.3230 57.2493 0.2150
v  -56.3252 57.2482 -0.2207
v  -56.7976 57.1645 -0.1998
v  -56.7967 57.1650 0.2003
v  -57.1741 56.8167 0.1808
v  -57.1760 56.8157 -0.1768
v  -57.2184 56.3920 0.1770
v  -57.2213 56.3903 -0.1718
v  -57.0873 56.0485 0.1722
v  -57.0904 56.0470 -0.1673
v  -56.5711 55.3291 -0.1566
v  -56.5685 55.3297 0.1612
v  -54.9132 52.0376 1.1014
v  -51.1899 44.7357 1.2488
v  -53.9281 52.5140 1.1036
v  -46.0703 37.0967 1.2765
v  -50.1265 45.3389 1.2541
v  -45.1155 37.8686 1.2826
v  -53.3317 52.8023 0.2621
v  -39.7172 30.5727 1.2470
v  -38.9418 31.4658 1.2529
v  -49.4810 45.7053 0.3050
v  -44.5377 38.3357 0.3123
v  -38.4755 32.0041 0.3031
v  -49.7072 45.5770 -0.8609
v  -44.7397 38.1726 -0.8767
v  -53.5406 52.7013 -0.7708
v  -31.8523 25.5113 1.2472
v  -31.2381 26.5084 1.2517
v  -50.6594 45.0365 -1.3968
v  -45.5940 37.4814 -1.4257
v  -38.6379 31.8166 -0.8574
v  -30.8703 27.1060 0.3020
v  -30.9982 26.8983 -0.8555
v  -54.4212 52.2756 -1.2475
v  -23.4137 21.4865 1.2470
v  -22.9609 22.5600 1.2514
v  -39.3304 31.0178 -1.3968
v  -31.5458 26.0086 -1.3969
v  -22.6901 23.2023 0.3017
v  -22.7842 22.9793 -0.8549
v  -23.1878 22.0221 -1.3969
v  -32.0902 25.1260 -0.8504
v  -23.5888 21.0719 -0.8501
v  -14.2749 19.6455 1.2516
v  -14.1043 20.3208 0.3018
v  -14.1635 20.0864 -0.8551
v  -14.4178 19.0798 -1.3968
v  -14.6699 18.0815 -0.8497
v  -5.2131 18.6413 0.3022
v  -5.2352 18.3994 -0.8559
v  -5.3302 17.3628 -1.3968
v  3.8239 18.4675 0.3024
v  3.8408 18.2243 -0.8563
v  -5.4238 16.3364 -0.8493
v  3.9131 17.1834 -1.3968
v  13.0472 18.5956 -1.3968
v  12.8098 19.6140 -0.8563
v  3.9846 16.1530 -0.8495
v  13.2822 17.5867 -0.8500
v  12.9139 19.1674 1.2523
v  12.7543 19.8520 0.3024
v  21.8482 21.4393 -1.3968
v  22.2392 20.4749 -0.8506
v  21.4536 22.4118 -0.8564
v  21.6267 21.9852 1.2523
v  21.3612 22.6394 0.3026
v  22.0685 20.8961 1.2470
v  30.1314 25.5495 -1.3968
v  29.5893 26.4559 -0.8570
v  30.6691 24.6503 -0.8513
v  29.4622 26.6684 0.3029
v  29.8272 26.0581 1.2525
v  30.7943 24.4410 0.3006
v  36.9014 31.8169 0.3034
v  37.0610 31.6236 -0.8579
v  37.7392 30.8018 -1.3968
v  38.4125 29.9862 -0.8524
v  30.4341 25.0433 1.2474
v  37.3589 31.2626 1.2528
v  38.5698 29.7957 0.3011
v  43.9829 37.3274 -1.4185
v  43.1681 38.0613 -0.8720
v  44.7924 36.5990 -0.8666
v  44.9825 36.4282 0.3080
v  43.5265 37.7386 1.2748
v  42.9755 38.2346 0.3102
v  38.1179 30.3430 1.2480
v  44.4377 36.9181 1.2703
v  49.2953 44.7415 -1.3968
v  -56.0094 56.5425 -0.2094
v  -56.1776 56.8195 -0.2145
v  -56.3589 56.9199 -0.2169
v  -56.6648 56.8862 -0.1981
v  -56.9207 56.6694 -0.1749
v  -56.9495 56.4319 -0.1743
v  -56.8465 56.1341 -0.1707
v  -56.3381 55.4429 -0.1602
v  -56.0092 56.5420 0.2030
v  -56.1776 56.8194 0.2080
v  -56.3595 56.9215 0.2087
v  -56.6589 56.8891 0.1935
v  -56.9185 56.6689 0.1745
v  -56.9501 56.4330 0.1725
v  -56.8465 56.1342 0.1680
v  -56.3381 55.4429 0.1576
v  -53.8592 52.3186 -1.3100
v  -53.1674 52.6563 -0.5485
v  -54.8322 51.8436 -1.3041
v  -53.1621 52.6590 0.5343
v  -55.5165 51.5096 -0.5343
v  -53.8464 52.3249 1.3041
v  -55.5112 51.5122 0.5485
v  -54.8194 51.8499 1.3100
v  -56.6118 53.7533 -0.5343
v  -55.9275 54.0873 -1.3041
v  -56.6065 53.7559 0.5485
v  -56.5951 54.1801 0.4556
v  -56.5995 54.1780 -0.4438
v  -55.9147 54.0936 1.3100
v  -54.9544 54.5624 -1.3100
v  -55.9837 54.4786 -1.1092
v  -56.0173 54.7252 -0.8306
v  -56.4531 54.5125 -0.3402
v  -54.2627 54.9000 -0.5485
v  -55.9738 54.4835 1.1139
v  -56.4497 54.5141 0.3494
v  -56.0092 54.7292 0.8344
v  -54.6043 55.1519 -0.4561
v  -55.2263 54.8483 -1.1138
v  -55.3975 55.0277 -0.8344
v  -54.2574 54.9027 0.5343
v  -54.9570 55.2428 -0.3494
v  -54.9536 55.2444 0.3403
v  -54.5999 55.1541 0.4441
v  -54.9417 54.5686 1.3041
v  -55.3894 55.0317 0.8306
v  -55.2163 54.8532 1.1091
# 804 vertices

vn 0.0000 -1.0000 -0.0000
vn 0.6484 0.3986 -0.6485
vn 0.7952 0.3976 -0.4578
vn 0.6484 0.3989 -0.6484
vn 0.7939 0.3991 -0.4587
vn 0.8854 0.3993 -0.2381
vn 0.8859 0.3986 -0.2374
vn 0.9172 0.3985 0.0000
vn 0.9171 0.3988 0.0000
vn 0.8854 0.3993 0.2381
vn 0.8859 0.3986 0.2374
vn 0.7941 0.3985 0.4589
vn 0.7952 0.3976 0.4578
vn 0.6485 0.3983 0.6487
vn 0.6485 0.3983 0.6486
vn 0.4583 0.3982 0.7946
vn 0.4583 0.3985 0.7945
vn 0.2389 0.3981 0.8857
vn 0.2375 0.3986 0.8858
vn 0.0000 0.3983 0.9173
vn 0.0000 0.3986 0.9171
vn -0.2376 0.3983 0.8860
vn -0.2375 0.3986 0.8858
vn -0.4583 0.3982 0.7946
vn -0.4572 0.3988 0.7950
vn -0.6485 0.3983 0.6486
vn -0.6493 0.3980 0.6480
vn 0.4582 0.3988 -0.7943
vn 0.4583 0.3985 -0.7945
vn 0.2388 0.3987 -0.8854
vn 0.2375 0.3986 -0.8858
vn 0.0000 0.3989 -0.9170
vn 0.0000 0.3986 -0.9171
vn -0.2375 0.3989 -0.8857
vn -0.2375 0.3986 -0.8858
vn -0.4582 0.3988 -0.7943
vn -0.4572 0.3988 -0.7950
vn -0.6483 0.3989 -0.6485
vn -0.6493 0.3983 -0.6479
vn -0.7944 0.3986 -0.4582
vn -0.7947 0.3980 -0.4583
vn -0.8856 0.3991 -0.2377
vn -0.8857 0.3988 -0.2378
vn -0.9171 0.3988 0.0000
vn -0.9172 0.3985 0.0000
vn -0.8856 0.3991 0.2377
vn -0.8857 0.3988 0.2378
vn -0.7947 0.3980 0.4583
vn 0.8664 0.0000 -0.4993
vn 0.5001 0.0000 -0.8660
vn 0.0000 0.0000 -1.0000
vn -0.5001 0.0000 -0.8660
vn -0.8661 0.0000 -0.4999
vn -1.0000 0.0000 -0.0000
vn -0.8661 0.0000 0.4999
vn -0.5001 0.0000 0.8660
vn 0.0000 0.0000 1.0000
vn 0.5001 0.0000 0.8660
vn 0.8664 0.0000 0.4993
vn 1.0000 0.0000 0.0000
vn 0.3773 0.6443 -0.6652
vn -0.0056 0.6437 -0.7652
vn 0.3785 0.6439 -0.6649
vn -0.0042 0.6437 -0.7652
vn -0.3856 0.6441 -0.6606
vn -0.3868 0.6437 -0.6603
vn -0.6648 0.6438 -0.3790
vn -0.7652 0.6437 0.0042
vn -0.6598 0.6444 0.3866
vn -0.6605 0.6438 0.3863
vn -0.3785 0.6439 0.6649
vn 0.0042 0.6438 0.7652
vn 0.0042 0.6437 0.7652
vn 0.3856 0.6441 0.6606
vn 0.6648 0.6438 0.3790
vn 0.6655 0.6432 0.3786
vn 0.7652 0.6437 -0.0042
vn 0.6605 0.6438 -0.3863
vn 0.5326 -0.0454 -0.8452
vn 0.1327 -0.0608 -0.9893
vn 0.5881 -0.0461 -0.8075
vn -0.1440 -0.0538 -0.9881
vn -0.5338 -0.0615 -0.8434
vn -0.8076 -0.0461 -0.5879
vn -0.8451 -0.0454 -0.5326
vn -0.9977 -0.0461 0.0492
vn -0.9920 -0.0475 0.1170
vn -0.7812 -0.0608 0.6213
vn -0.6537 -0.0677 0.7537
vn -0.4136 -0.0685 0.9079
vn 0.1006 -0.0601 0.9931
vn 0.2124 -0.0468 0.9761
vn 0.4724 -0.0615 0.8792
vn 0.7897 -0.0538 0.6111
vn 0.9269 -0.0608 0.3703
vn 0.9894 -0.0608 0.1322
vn 0.9879 -0.0539 -0.1454
vn 0.8434 -0.0614 -0.5338
vn 0.9239 0.0000 -0.3827
vn 0.9237 0.0000 0.3832
vn 0.7071 0.0000 0.7072
vn 0.3828 0.0000 0.9238
vn -0.6484 0.3986 -0.6485
vn -0.4583 0.3985 -0.7945
vn -0.6484 0.3989 -0.6484
vn 0.2375 0.3989 -0.8857
vn 0.4588 0.3984 -0.7942
vn 0.6483 0.3989 -0.6485
vn 0.7942 0.3988 -0.4585
vn 0.7944 0.3983 -0.4586
vn 0.8860 0.3983 -0.2375
vn 0.9173 0.3982 0.0000
vn 0.8860 0.3983 0.2375
vn 0.7944 0.3983 0.4586
vn 0.6489 0.3982 0.6483
vn -0.7941 0.3985 -0.4589
vn -0.8860 0.3983 -0.2375
vn -0.8859 0.3986 -0.2374
vn -0.9174 0.3980 0.0000
vn -0.8860 0.3983 0.2375
vn -0.8859 0.3986 0.2374
vn -0.7941 0.3985 0.4589
vn -0.6485 0.3983 0.6487
vn -0.4583 0.3985 0.7945
vn 0.2376 0.3983 0.8860
vn -0.4995 0.0000 -0.8663
vn -0.8659 0.0000 -0.5002
vn -0.8659 0.0000 0.5002
vn -0.4995 0.0000 0.8663
vn 0.8661 0.0000 0.4999
vn 0.8661 0.0000 -0.4999
vn -0.3791 0.6438 0.6647
vn 0.3862 0.6439 0.6605
vn 0.6602 0.6441 -0.3865
vn 0.3791 0.6438 -0.6647
vn -0.0042 0.6438 -0.7652
vn -0.3862 0.6439 -0.6605
vn -0.8449 -0.0454 -0.5329
vn -0.9894 -0.0608 -0.1322
vn -0.9879 -0.0538 0.1452
vn -0.8433 -0.0621 0.5338
vn -0.5870 -0.0461 0.8083
vn -0.5324 -0.0454 0.8453
vn 0.0496 -0.0461 0.9977
vn 0.1166 -0.0475 0.9920
vn 0.6211 -0.0608 0.7814
vn 0.7542 -0.0677 0.6531
vn 0.9077 -0.0685 0.4139
vn 0.9931 -0.0601 -0.1009
vn 0.9762 -0.0468 -0.2117
vn 0.8790 -0.0615 -0.4728
vn 0.6113 -0.0538 -0.7896
vn 0.3703 -0.0608 -0.9269
vn -0.1453 -0.0538 -0.9879
vn -0.5343 -0.0615 -0.8431
vn -0.3828 0.0000 -0.9238
vn 0.3828 0.0000 -0.9238
vn 0.7071 0.0000 -0.7072
vn 0.9240 0.0000 -0.3825
vn 0.9240 0.0000 0.3825
vn -0.3828 0.0000 0.9238
vn -0.7071 0.0000 0.7072
vn -0.9240 0.0000 0.3825
vn -0.9240 0.0000 -0.3825
vn -0.7071 0.0000 -0.7072
vn -0.0552 -0.9984 -0.0126
vn -0.0559 -0.9984 -0.0126
vn -0.0552 -0.9984 0.0126
vn -0.0559 -0.9984 0.0126
vn -0.0510 -0.9984 0.0228
vn -0.0489 -0.9985 0.0256
vn -0.0412 -0.9984 0.0392
vn -0.0279 -0.9985 0.0467
vn -0.0189 -0.9984 0.0535
vn 0.0000 -0.9985 0.0556
vn 0.0231 -0.9984 0.0507
vn 0.0258 -0.9984 0.0494
vn 0.0391 -0.9984 0.0414
vn 0.0468 -0.9985 0.0280
vn 0.0538 -0.9984 0.0191
vn 0.0552 -0.9985 0.0000
vn 0.0510 -0.9984 -0.0228
vn 0.0496 -0.9984 -0.0256
vn 0.0412 -0.9984 -0.0392
vn 0.0286 -0.9985 -0.0467
vn 0.0189 -0.9984 -0.0535
vn 0.0000 -0.9985 -0.0556
vn -0.0231 -0.9984 -0.0507
vn -0.0252 -0.9985 -0.0494
vn -0.0391 -0.9984 -0.0417
vn -0.0384 -0.9984 -0.0417
vn -0.0496 -0.9982 -0.0328
vn 0.0000 1.0000 -0.0000
vn 0.3900 -0.8743 0.2889
vn 0.4801 -0.8743 -0.0708
vn 0.4827 -0.8145 0.3218
vn 0.5687 -0.8146 -0.1137
vn 0.2894 -0.8744 -0.3896
vn 0.7998 -0.5993 0.0343
vn 0.7521 -0.5992 0.2743
vn 0.8826 -0.2956 0.3656
vn 0.7261 -0.5991 -0.3375
vn 0.9554 -0.2954 -0.0000
vn 0.5900 -0.5991 -0.5412
vn 0.3220 -0.8144 -0.4828
vn -0.0706 -0.8743 -0.4802
vn 0.9239 0.0000 0.3827
vn 0.8825 -0.2956 -0.3658
vn 0.6758 -0.2953 -0.6753
vn 0.2745 -0.5994 -0.7519
vn -0.1138 -0.8143 -0.5692
vn -0.3840 0.0000 0.9233
vn -0.9237 0.0000 0.3832
vn -0.9239 0.0000 -0.3827
vn 0.0112 -0.9984 -0.0556
vn 0.0126 -0.9984 -0.0556
vn -0.0126 -0.9984 -0.0556
vn -0.0238 -0.9984 -0.0507
vn -0.0251 -0.9985 -0.0494
vn -0.0461 -0.9985 -0.0280
vn -0.0531 -0.9984 -0.0191
vn -0.0545 -0.9985 -0.0000
vn -0.0559 -0.9984 -0.0000
vn -0.0503 -0.9985 0.0228
vn -0.0419 -0.9984 0.0392
vn -0.0210 -0.9983 0.0535
vn 0.0224 -0.9985 0.0507
vn 0.0251 -0.9985 0.0494
vn 0.0475 -0.9985 0.0280
vn 0.0531 -0.9984 0.0191
vn 0.0545 -0.9985 0.0000
vn 0.0503 -0.9985 -0.0228
vn 0.0489 -0.9985 -0.0256
vn 0.0405 -0.9984 -0.0392
vn 0.0322 -0.9983 -0.0491
vn -0.2894 -0.8744 0.3894
vn 0.0713 -0.8745 0.4798
vn -0.3214 -0.8147 0.4827
vn 0.1132 -0.8146 0.5689
vn -0.0349 -0.5993 0.7997
vn -0.2752 -0.5992 0.7518
vn -0.3659 -0.2954 0.8825
vn 0.3380 -0.5991 0.7258
vn 0.4822 -0.8148 0.3219
vn 0.5408 -0.5995 0.5900
vn 0.3671 -0.2952 0.8821
vn 0.0000 -0.2954 0.9554
vn 0.4807 -0.8740 -0.0707
vn 0.7518 -0.5995 0.2745
vn 0.5697 -0.8140 -0.1136
vn 0.6758 -0.2953 0.6753
vn 0.2906 -0.8740 -0.3894
vn 0.0000 0.2948 0.9556
vn 0.3672 0.2946 0.8822
vn -0.3660 0.2948 0.8827
vn 0.7995 -0.5996 0.0343
vn 0.8827 -0.2954 0.3654
vn 0.0000 0.5637 0.8260
vn 0.7071 0.0000 0.7071
vn 0.6759 0.2947 0.6755
vn 0.3226 -0.8142 -0.4827
vn 0.3158 0.5638 0.7632
vn 0.5840 0.5638 0.5840
vn -0.3158 0.5638 0.7632
vn 0.8828 0.2947 0.3657
vn 0.7630 0.5638 0.3162
vn -0.2405 0.7787 0.5795
vn 0.0000 0.7787 0.6274
vn 0.2405 0.7787 0.5795
vn 0.4433 0.7789 0.4437
vn 0.1356 0.9367 0.3229
vn 0.0000 0.9354 0.3535
vn 0.9556 0.2948 0.0000
vn 0.8259 0.5639 0.0000
vn 0.5800 0.7784 0.2401
vn 0.6276 0.7785 0.0000
vn -0.1342 0.9368 0.3230
vn 0.2503 0.9354 0.2499
vn 0.3230 0.9369 0.1338
vn 0.3537 0.9353 0.0000
vn 0.8829 0.2948 -0.3655
vn 0.7630 0.5638 -0.3162
vn 0.5800 0.7784 -0.2401
vn 0.3230 0.9369 -0.1338
vn 0.4433 0.7789 -0.4437
vn 0.2503 0.9354 -0.2499
vn 0.1356 0.9367 -0.3229
vn 0.6759 0.2947 -0.6755
vn 0.5840 0.5638 -0.5840
vn 0.7071 0.0000 -0.7071
vn 0.2405 0.7787 -0.5795
vn 0.8827 -0.2954 -0.3656
vn 0.3672 0.2946 -0.8822
vn 0.3158 0.5638 -0.7632
vn 0.3671 -0.2952 -0.8821
vn 0.5896 -0.5994 -0.5415
vn 0.2752 -0.5992 -0.7518
vn -0.0699 -0.8744 -0.4802
vn -0.1145 -0.8142 -0.5691
vn -0.3899 -0.8741 -0.2896
vn 0.0335 -0.5994 -0.7998
vn -0.3380 -0.5991 -0.7258
vn -0.4821 -0.8147 -0.3221
vn -0.4804 -0.8742 0.0708
vn 0.0000 -0.2954 -0.9554
vn -0.3659 -0.2954 -0.8825
vn -0.5418 -0.5991 -0.5895
vn -0.6758 -0.2953 -0.6753
vn -0.7524 -0.5989 -0.2742
vn -0.5687 -0.8146 0.1138
vn -0.8827 -0.2954 -0.3654
vn -0.7071 0.0000 -0.7071
vn -0.7995 -0.5996 -0.0343
vn 0.0000 0.2948 -0.9556
vn -0.3660 0.2948 -0.8827
vn -0.6759 0.2947 -0.6755
vn -0.7261 -0.5991 0.3375
vn -0.9552 -0.2958 0.0000
vn -0.8828 0.2947 -0.3657
vn -0.8830 -0.2950 0.3651
vn 0.0000 0.5637 -0.8260
vn -0.3158 0.5638 -0.7632
vn -0.5840 0.5638 -0.5840
vn -0.5905 -0.5989 0.5410
vn -0.9554 0.2952 -0.0000
vn 0.8827 0.2949 0.3659
vn 0.8828 0.2950 -0.3657
vn 0.3659 -0.2954 -0.8825
vn 0.3822 0.0000 -0.9241
vn 0.0342 -0.5994 -0.7998
vn 0.7632 0.5635 -0.3160
vn -0.4832 -0.8142 -0.3219
vn 0.7632 0.5635 0.3160
vn 0.3660 0.2948 -0.8827
vn 0.6272 0.7789 0.0000
vn 0.3164 0.5637 -0.7630
vn 0.5795 0.7788 -0.2402
vn 0.5795 0.7788 0.2402
vn 0.2496 0.9355 -0.2500
vn 0.1335 0.9369 -0.3230
vn 0.0000 0.7787 -0.6274
vn -0.3164 0.5637 -0.7630
vn -0.2405 0.7787 -0.5795
vn -0.6756 0.2948 -0.6758
vn 0.0000 0.9354 -0.3535
vn -0.1335 0.9369 -0.3230
vn -0.4433 0.7789 -0.4437
vn -0.2496 0.9355 -0.2500
vn -0.5795 0.7788 -0.2402
vn -0.7630 0.5638 -0.3162
vn -0.3230 0.9369 -0.1339
vn -0.6754 -0.2955 -0.6757
vn -0.7518 -0.5995 -0.2745
vn -0.5413 -0.5993 -0.5898
vn -0.4801 -0.8743 0.0708
vn -0.5692 -0.8143 0.1137
vn -0.7998 -0.5993 -0.0343
vn -0.7258 -0.5994 0.3376
vn -0.9554 -0.2954 0.0000
vn -0.5896 -0.5994 0.5415
vn 0.0713 -0.8746 0.4795
vn -0.8827 -0.2954 0.3656
vn -0.6754 -0.2955 0.6757
vn -0.7071 0.0000 0.7071
vn -0.2745 -0.5994 0.7519
vn 0.1139 -0.8145 0.5688
vn -0.9556 0.2948 -0.0000
vn -0.8829 0.2948 0.3655
vn -0.6756 0.2948 0.6758
vn -0.0342 -0.5994 0.7998
vn -0.7630 0.5638 0.3162
vn 0.3374 -0.5993 0.7260
vn 0.5418 -0.5991 0.5895
vn 0.3659 -0.2954 0.8825
vn -0.5840 0.5638 0.5840
vn 0.3822 0.0000 0.9241
vn 0.3654 0.2948 0.8829
vn -0.3164 0.5637 0.7630
vn 0.3164 0.5637 0.7630
vn 0.1335 0.9369 0.3230
vn 0.2496 0.9355 0.2500
vn -0.1335 0.9369 0.3230
vn -0.4433 0.7789 0.4437
vn -0.2496 0.9355 0.2500
vn -0.5795 0.7788 0.2402
vn -0.3230 0.9369 0.1338
vn -0.6272 0.7789 0.0000
vn -0.3531 0.9356 0.0000
vn -0.8261 0.5635 -0.0000
vn -0.8259 0.5639 -0.0000
vn -0.6758 -0.2953 0.6753
vn -0.9239 0.0000 0.3827
vn -0.8832 0.2944 0.3650
vn -0.4444 0.7784 -0.4434
vn -0.5800 0.7784 -0.2401
vn -0.6759 0.2947 0.6755
vn -0.2503 0.9354 -0.2499
vn -0.5800 0.7784 0.2401
vn -0.4444 0.7784 0.4434
vn -0.1342 0.9368 -0.3230
vn -0.3537 0.9353 0.0000
vn -0.2503 0.9354 0.2499
vn -0.6267 0.7792 0.0000
vn 0.0978 0.9802 -0.1723
vn 0.0894 0.9836 -0.1565
vn 0.1397 0.9796 -0.1444
vn 0.0545 0.9796 -0.1932
vn 0.1411 0.9841 -0.1078
vn 0.0196 0.9892 -0.1454
vn 0.1761 0.9795 -0.0976
vn 0.1467 0.9884 -0.0392
vn -0.0028 0.9796 -0.2009
vn -0.0335 0.9914 -0.1262
vn 0.1229 0.9923 0.0163
vn 0.1928 0.9799 -0.0515
vn 0.2012 0.9795 -0.0032
vn -0.0517 0.9800 -0.1921
vn -0.0978 0.9796 -0.1757
vn -0.0698 0.9934 -0.0908
vn 0.1955 0.9791 0.0551
vn 0.1034 0.9928 0.0603
vn -0.1453 0.9795 -0.1398
vn -0.1034 0.9928 -0.0603
vn 0.0699 0.9934 0.0908
vn 0.1733 0.9798 0.0995
vn 0.1453 0.9795 0.1398
vn -0.1733 0.9798 -0.0995
vn -0.1941 0.9794 -0.0551
vn -0.1243 0.9921 -0.0163
vn 0.0978 0.9796 0.1757
vn 0.0335 0.9914 0.1263
vn -0.2012 0.9795 0.0032
vn -0.1467 0.9884 0.0392
vn -0.0196 0.9892 0.1454
vn 0.0517 0.9800 0.1921
vn 0.0028 0.9796 0.2008
vn -0.1928 0.9799 0.0515
vn -0.1761 0.9795 0.0976
vn -0.1411 0.9841 0.1078
vn -0.0545 0.9797 0.1931
vn -0.0908 0.9835 0.1565
vn -0.1411 0.9794 0.1443
vn -0.0992 0.9801 0.1722
vn -0.1719 0.9801 -0.0995
vn -0.1565 0.9835 -0.0903
vn -0.1439 0.9797 -0.1398
vn -0.1083 0.9841 -0.1405
vn -0.1453 0.9892 -0.0191
vn -0.0391 0.9884 -0.1465
vn -0.1265 0.9914 0.0338
vn 0.0161 0.9922 -0.1238
vn -0.0035 0.9796 -0.2009
vn -0.0908 0.9934 0.0697
vn 0.0552 0.9796 -0.1932
vn 0.0601 0.9927 -0.1044
vn -0.1397 0.9796 0.1444
vn -0.0608 0.9927 0.1044
vn 0.0908 0.9934 -0.0697
vn 0.0999 0.9800 -0.1722
vn -0.0552 0.9796 0.1931
vn -0.0161 0.9922 0.1238
vn 0.1265 0.9914 -0.0338
vn 0.0035 0.9796 0.2008
vn 0.0391 0.9884 0.1465
vn 0.1460 0.9891 0.0191
vn 0.1921 0.9800 -0.0515
vn 0.2005 0.9797 -0.0032
vn 0.1076 0.9842 0.1405
vn 0.1935 0.9795 0.0552
vn 0.1565 0.9835 0.0904
vn 0.1439 0.9797 0.1398
vn 0.1726 0.9800 0.0995
vn -0.3257 0.1894 0.9263
vn -0.2975 0.2451 0.9227
vn -0.7981 0.4612 0.3878
vn -0.7633 0.5159 0.3889
vn -0.3300 0.8907 0.3125
vn 0.0503 0.6693 0.7413
vn -0.7675 0.5173 -0.3786
vn -0.8018 0.4631 -0.3777
vn 0.1676 0.7996 0.5766
vn -0.3353 0.1942 -0.9219
vn -0.3060 0.2501 -0.9186
vn -0.3325 0.8926 -0.3046
vn -0.1118 0.9622 -0.2483
vn -0.1104 0.9608 0.2544
vn 0.3592 -0.1356 -0.9233
vn 0.0447 0.6729 -0.7384
vn 0.1621 0.8026 -0.5741
vn 0.3269 -0.1893 -0.9259
vn 0.6089 0.5446 -0.5768
vn 0.5544 0.3792 -0.7408
vn 0.8284 -0.4037 -0.3884
vn 0.9366 0.1591 -0.3122
vn 0.7983 -0.4607 -0.3879
vn 0.8872 0.3849 -0.2544
vn 0.8018 -0.4631 0.3777
vn 0.8317 -0.4061 0.3786
vn 0.8894 0.3840 0.2482
vn 0.9394 0.1577 0.3044
vn 0.3689 -0.1404 0.9188
vn 0.3354 -0.1935 0.9220
vn 0.6137 0.5410 0.5750
vn 0.5603 0.3752 0.7384
vn 0.5011 0.8654 0.0007
vn 0.5000 0.8660 0.0007
vn 0.5003 0.8658 0.0007
vn -0.9369 0.3496 0.0059
vn -0.9371 0.3491 0.0059
vn 0.7672 -0.6414 -0.0069
vn 0.7981 -0.6024 -0.0073
vn 0.7681 -0.6403 -0.0069
vn 0.7978 -0.6029 -0.0073
vn 0.9891 -0.1474 -0.0076
vn 0.9893 -0.1460 -0.0076
vn 0.9126 0.4088 -0.0038
vn 0.9124 0.4094 -0.0038
vn 0.5054 0.8629 -0.0000
vn 0.5051 0.8630 -0.0000
vn -0.0727 0.9973 0.0037
vn -0.0741 0.9972 0.0037
vn -0.6437 0.7652 0.0083
vn -0.9085 0.4179 0.0093
vn -0.9082 0.4185 0.0093
vn -0.9384 0.3454 0.0090
vn -0.9388 0.3444 0.0090
vn 0.0140 0.0349 -0.9993
vn -0.0070 0.0349 -0.9994
vn 0.0084 0.0349 -0.9994
vn -0.0279 0.0217 -0.9994
vn -0.0293 0.0238 -0.9993
vn -0.0070 -0.0140 -0.9999
vn -0.0056 -0.0140 -0.9999
vn -0.0251 0.0098 -0.9996
vn -0.0265 0.0126 -0.9996
vn -0.0475 0.0189 -0.9987
vn -0.0349 0.0035 -0.9994
vn -0.0363 0.0028 -0.9993
vn -0.0126 -0.0021 -0.9999
vn -0.0126 -0.0028 -0.9999
vn -0.0196 -0.0042 -0.9998
vn -0.0182 -0.0042 -0.9998
vn -0.0196 -0.0049 -0.9998
vn -0.0210 -0.0056 -0.9998
vn -0.8091 0.5876 0.0001
vn -0.7563 0.6542 0.0001
vn -0.8095 0.5872 0.0001
vn -0.9742 0.2257 0.0004
vn -0.9743 0.2251 0.0004
vn -0.9037 -0.4281 0.0033
vn -0.5518 -0.8340 0.0002
vn -0.5479 -0.8365 0.0002
vn 0.0098 -0.9999 -0.0039
vn 0.6636 -0.7481 -0.0007
vn 0.9101 -0.4145 0.0001
vn 0.9412 -0.3378 0.0000
vn -0.0293 0.0231 0.9993
vn -0.0363 0.0356 0.9987
vn -0.0307 0.0265 0.9992
vn -0.0112 -0.0112 0.9999
vn -0.0098 -0.0119 0.9999
vn -0.0279 0.0028 0.9996
vn -0.0293 0.0028 0.9996
vn -0.0461 0.0007 0.9989
vn -0.0447 0.0007 0.9990
vn -0.0265 -0.0154 0.9995
vn -0.0279 -0.0154 0.9995
vn 0.0042 -0.0203 0.9998
vn 0.0028 -0.0210 0.9998
vn 0.0070 -0.0168 0.9998
vn 0.0056 -0.0168 0.9998
vn 0.0070 -0.0161 0.9998
vn 0.0265 0.0321 0.9991
vn 0.0251 0.0314 0.9992
vn 0.6605 -0.4350 -0.6119
vn 0.0307 -0.0042 -0.9995
vn 0.6802 -0.4092 -0.6082
vn 0.8150 -0.5373 0.2172
vn -0.6438 0.4392 -0.6266
vn -0.8189 0.5268 0.2277
vn -0.6483 0.4198 -0.6352
vn -0.8061 0.5477 0.2241
vn -0.3479 0.2431 0.9054
vn 0.3773 -0.2431 0.8936
vn -0.3410 0.2306 0.9113
vn 0.3954 -0.2299 0.8893
vn 0.8360 -0.5045 0.2156
vn -0.8736 -0.4344 0.2193
vn -0.7063 -0.3479 -0.6166
vn -0.8418 -0.4946 0.2162
vn -0.6847 -0.4003 -0.6090
vn -0.7588 -0.6162 0.2111
vn -0.6223 -0.5050 -0.5981
vn -0.6183 -0.7583 0.2066
vn -0.5098 -0.6268 -0.5893
vn -0.4769 -0.8544 0.2064
vn -0.2466 -0.9472 0.2050
vn -0.1202 -0.4607 0.8794
vn -0.3674 -0.9070 0.2056
vn -0.0496 -0.4768 0.8776
vn 0.0440 0.4265 0.9034
vn -0.1006 -0.9737 0.2045
vn 0.0321 -0.4785 0.8775
vn -0.0293 0.4258 0.9043
vn 0.0657 -0.9766 0.2048
vn 0.2250 -0.9524 0.2058
vn 0.1090 -0.4639 0.8791
vn 0.3676 -0.9067 0.2070
vn -0.5000 -0.8660 -0.0000
vn -0.5003 -0.8658 0.0000
vn -0.5003 -0.8658 -0.0000
vn -0.5014 -0.8652 0.0000
vn -0.5011 -0.8654 -0.0000
vn -0.5000 -0.8660 0.0000
vn -0.4388 0.8986 0.0007
vn -0.4385 0.8987 0.0007
vn -0.8134 -0.5816 0.0059
vn -0.8135 -0.5815 0.0059
vn -0.8138 -0.5812 0.0059
vn 0.9605 0.2780 -0.0068
vn 0.9455 0.3254 -0.0073
vn 0.9604 0.2787 -0.0068
vn 0.9457 0.3250 -0.0073
vn 0.6749 0.7378 -0.0076
vn 0.6742 0.7385 -0.0075
vn 0.1712 0.9852 -0.0037
vn -0.4338 0.9010 -0.0000
vn -0.4343 0.9008 -0.0000
vn -0.8680 0.4965 0.0037
vn -0.8683 0.4960 0.0037
vn -0.9943 -0.1061 0.0083
vn -0.8548 -0.5189 0.0093
vn -0.8551 -0.5184 0.0093
vn -0.8111 -0.5848 0.0090
vn -0.8106 -0.5856 0.0090
vn -0.4031 -0.1879 0.8957
vn -0.3947 -0.2250 0.8908
vn 0.3674 0.2137 0.9052
vn -0.3639 -0.2955 0.8833
vn 0.3535 0.2243 0.9081
vn 0.3228 0.2606 0.9099
vn 0.8558 0.4660 0.2246
vn -0.3018 -0.3731 0.8773
vn 0.2641 0.3189 0.9102
vn 0.8309 0.5087 0.2255
vn 0.7591 0.6110 0.2245
vn 0.6187 0.7534 0.2227
vn 0.6611 0.4067 -0.6305
vn 0.6050 0.4869 -0.6300
vn 0.6818 0.3744 -0.6285
vn -0.2298 -0.4136 0.8810
vn 0.2110 0.3776 0.9016
vn -0.0238 -0.0035 -0.9997
vn -0.0258 -0.0217 -0.9994
vn 0.4946 0.6012 -0.6276
vn 0.4749 0.8530 0.2165
vn 0.3842 0.6894 -0.6141
vn -0.0196 0.0098 -0.9998
vn -0.1775 -0.4394 0.8806
vn 0.1635 0.4031 0.9004
vn -0.0244 -0.0339 -0.9991
vn -0.0119 -0.0227 -0.9997
vn 0.3661 0.9054 0.2152
vn 0.2969 0.7332 -0.6118
vn -0.0091 -0.0231 -0.9997
vn -0.3926 -0.7052 -0.5905
vn -0.3032 -0.7489 -0.5893
vn 0.1097 0.4195 0.9011
vn 0.2466 0.9449 0.2155
vn 0.1998 0.7646 -0.6128
vn -0.0063 -0.0265 -0.9996
vn -0.2040 -0.7832 -0.5874
vn 0.1006 0.9710 0.2169
vn 0.0810 0.7838 -0.6157
vn -0.0035 -0.0321 -0.9995
vn -0.0657 0.9738 0.2177
vn -0.0524 0.7850 -0.6173
vn -0.0831 -0.8061 -0.5859
vn 0.0021 -0.0335 -0.9994
vn 0.0070 -0.0300 -0.9995
vn -0.1816 0.7656 -0.6171
vn 0.0545 -0.8082 -0.5864
vn 0.1858 -0.7866 -0.5888
vn -0.0992 0.4160 0.9039
vn -0.2264 0.9494 0.2176
vn 0.0112 -0.0269 -0.9996
vn 0.3046 -0.7467 -0.5913
vn -0.2976 0.7276 -0.6181
vn -0.1621 0.3961 0.9038
vn -0.3700 0.9031 0.2181
vn 0.1788 -0.4387 0.8807
vn 0.0140 -0.0245 -0.9996
vn -0.3982 0.6759 -0.6201
vn 0.4079 -0.6933 -0.5941
vn -0.4959 0.8402 0.2194
vn -0.2166 0.3671 0.9046
vn 0.4960 -0.8429 0.2084
vn -0.6343 0.7401 0.2235
vn -0.5059 0.5908 -0.6286
vn 0.0224 -0.0286 -0.9993
vn 0.5185 -0.6142 -0.5949
vn 0.2389 -0.4058 0.8822
vn -0.2697 0.3151 0.9099
vn 0.6314 -0.7467 0.2091
vn 0.0224 -0.0168 -0.9996
vn -0.5997 0.4955 -0.6284
vn 0.6133 -0.5107 -0.6025
vn 0.7509 -0.6253 0.2126
vn -0.3228 0.2676 0.9079
vn -0.7526 0.6193 0.2237
vn 0.3047 -0.3613 0.8813
vn 0.3550 -0.2949 0.8871
vn 0.0168 -0.0028 -0.9999
vn -0.0217 0.0307 -0.9993
vn -0.0321 0.0140 -0.9994
vn -0.0224 0.0300 -0.9993
vn -0.0251 0.0258 -0.9993
vn -0.0328 -0.0098 -0.9994
vn -0.0356 -0.0105 -0.9993
vn 0.0077 -0.0126 -0.9999
vn 0.0084 -0.0126 -0.9999
vn -0.0217 -0.0147 -0.9997
vn -0.0251 -0.0147 -0.9996
vn -0.0426 -0.0286 -0.9987
vn -0.0419 -0.0293 -0.9987
vn -0.0217 -0.0272 -0.9994
vn -0.0224 -0.0286 -0.9993
vn -0.0056 -0.0119 -0.9999
vn -0.0049 -0.0119 -0.9999
vn -0.0070 -0.0182 -0.9998
vn -0.0063 -0.0189 -0.9998
vn -0.0063 -0.0196 -0.9998
vn -0.0070 -0.0203 -0.9998
vn -0.9394 -0.3429 0.0001
vn -0.9651 -0.2621 0.0001
vn -0.9651 -0.2619 0.0001
vn -0.7311 -0.6822 0.0004
vn -0.7315 -0.6819 0.0004
vn -0.1489 -0.9889 0.0033
vn -0.1501 -0.9887 0.0033
vn 0.3835 -0.9235 0.0002
vn 0.3870 -0.9221 0.0002
vn 0.8345 -0.5510 -0.0039
vn 0.8343 -0.5513 -0.0039
vn 0.9913 0.1313 -0.0008
vn 0.9912 0.1327 -0.0008
vn 0.8527 0.5224 0.0001
vn 0.8059 0.5920 -0.0000
vn -0.0356 -0.0112 0.9993
vn -0.0489 -0.0098 0.9988
vn -0.0391 -0.0119 0.9992
vn 0.0035 -0.0154 0.9999
vn -0.0175 -0.0217 0.9996
vn -0.0196 -0.0231 0.9995
vn -0.0258 -0.0370 0.9990
vn -0.0258 -0.0377 0.9990
vn -0.0028 -0.0321 0.9995
vn -0.0035 -0.0328 0.9995
vn 0.0182 -0.0098 0.9998
vn 0.0182 -0.0091 0.9998
vn 0.0175 -0.0035 0.9998
vn 0.0182 -0.0042 0.9998
vn 0.0175 -0.0021 0.9998
vn -0.0119 0.0391 0.9992
vn -0.0126 0.0391 0.9992
vn 0.4391 -0.8984 -0.0000
vn 0.4385 -0.8987 -0.0000
vn 0.4388 -0.8986 -0.0000
vn 0.5014 0.8652 0.0007
vn -0.8580 -0.3472 -0.3785
vn -0.3479 -0.1705 -0.9219
vn -0.8322 -0.4060 -0.3778
vn -0.8283 -0.4044 0.3877
vn -0.3786 -0.1139 -0.9185
vn 0.3395 0.1656 -0.9259
vn -0.8546 -0.3445 0.3887
vn -0.9233 0.2236 0.3124
vn -0.9261 0.2228 -0.3046
vn -0.3395 -0.1656 0.9259
vn -0.3695 -0.1104 0.9227
vn 0.3137 0.2235 -0.9228
vn -0.5332 0.4130 -0.7384
vn -0.5755 0.5825 -0.5741
vn -0.8605 0.4449 -0.2483
vn 0.7978 0.4611 -0.3884
vn 0.8281 0.4046 -0.3879
vn -0.5268 0.4157 0.7413
vn -0.8579 0.4464 0.2544
vn -0.5693 0.5860 0.5766
vn 0.3910 0.8658 -0.3123
vn -0.0042 0.6712 -0.7413
vn -0.1118 0.8090 -0.5771
vn 0.8322 0.4060 0.3778
vn 0.8014 0.4632 0.3785
vn 0.1762 0.9509 -0.2546
vn 0.1788 0.9521 0.2482
vn 0.3941 0.8671 0.3047
vn 0.3228 0.2277 0.9187
vn 0.3486 0.1698 0.9218
vn -0.1055 0.8116 0.5746
vn 0.0021 0.6743 0.7385
vn -0.4394 0.8983 0.0007
vn -0.4391 0.8984 0.0007
# 803 vertex normals

vt 0.7123 0.6071 0.0000
vt 0.7557 0.6405 0.0000
vt 0.6789 0.5636 0.0000
vt 0.8064 0.6615 0.0000
vt 0.6580 0.5129 0.0000
vt 0.6509 0.4586 0.0000
vt 0.8609 0.6687 0.0000
vt 0.8609 0.4586 0.0000
vt 0.9611 0.9871 0.0000
vt 0.9611 0.9267 0.0000
vt 0.9899 0.9871 0.0000
vt 0.9899 0.9266 0.0000
vt 0.9899 0.8677 0.0000
vt 0.9611 0.8677 0.0000
vt 0.9899 0.8088 0.0000
vt 0.9611 0.8088 0.0000
vt 0.9899 0.7498 0.0000
vt 0.9611 0.7498 0.0000
vt 0.9899 0.6909 0.0000
vt 0.9611 0.6909 0.0000
vt 0.9899 0.6320 0.0000
vt 0.9611 0.6320 0.0000
vt 0.9898 0.5730 0.0000
vt 0.9611 0.5730 0.0000
vt 0.9899 0.5141 0.0000
vt 0.9611 0.5141 0.0000
vt 0.9899 0.4552 0.0000
vt 0.9611 0.4552 0.0000
vt 0.9899 0.3962 0.0000
vt 0.9611 0.3962 0.0000
vt 0.9898 0.3373 0.0000
vt 0.9611 0.3373 0.0000
vt 0.9898 0.2784 0.0000
vt 0.9611 0.2784 0.0000
vt 0.4421 0.3417 0.0000
vt 0.4133 0.2827 0.0000
vt 0.4421 0.2827 0.0000
vt 0.4133 0.3419 0.0000
vt 0.4421 0.4008 0.0000
vt 0.4133 0.4008 0.0000
vt 0.4421 0.4598 0.0000
vt 0.4133 0.4598 0.0000
vt 0.4421 0.5188 0.0000
vt 0.4133 0.5188 0.0000
vt 0.4421 0.5778 0.0000
vt 0.4133 0.5778 0.0000
vt 0.4421 0.6368 0.0000
vt 0.4133 0.6368 0.0000
vt 0.4421 0.6958 0.0000
vt 0.4133 0.6958 0.0000
vt 0.4133 0.7548 0.0000
vt 0.4421 0.7548 0.0000
vt 0.4133 0.8138 0.0000
vt 0.4421 0.8138 0.0000
vt 0.4133 0.8728 0.0000
vt 0.4421 0.8728 0.0000
vt 0.4133 0.9318 0.0000
vt 0.4421 0.9318 0.0000
vt 0.4133 0.9908 0.0000
vt 0.4421 0.9908 0.0000
vt 0.1180 0.0034 0.0000
vt 0.1391 0.9965 0.0000
vt 0.1180 0.9965 0.0000
vt 0.1391 0.0034 0.0000
vt 0.1614 0.9965 0.0000
vt 0.1614 0.0034 0.0000
vt 0.1857 0.9965 0.0000
vt 0.1857 0.0034 0.0000
vt 0.2096 0.9965 0.0000
vt 0.2096 0.0034 0.0000
vt 0.2352 0.9965 0.0000
vt 0.2352 0.0034 0.0000
vt 0.2604 0.9965 0.0000
vt 0.2604 0.0034 0.0000
vt 0.2856 0.9965 0.0000
vt 0.2856 0.0034 0.0000
vt 0.3111 0.9965 0.0000
vt 0.3111 0.0034 0.0000
vt 0.3351 0.9965 0.0000
vt 0.3351 0.0034 0.0000
vt 0.3594 0.9965 0.0000
vt 0.3594 0.0034 0.0000
vt 0.3817 0.9965 0.0000
vt 0.3817 0.0034 0.0000
vt 0.4027 0.9965 0.0000
vt 0.4027 0.0034 0.0000
vt 0.8586 0.8715 0.0000
vt 0.8978 0.8534 0.0000
vt 0.8978 0.8715 0.0000
vt 0.8586 0.8534 0.0000
vt 0.8978 0.8372 0.0000
vt 0.8586 0.8372 0.0000
vt 0.8978 0.8216 0.0000
vt 0.8586 0.8216 0.0000
vt 0.8978 0.8056 0.0000
vt 0.8586 0.8056 0.0000
vt 0.8978 0.7894 0.0000
vt 0.8586 0.7894 0.0000
vt 0.8978 0.7735 0.0000
vt 0.8586 0.7735 0.0000
vt 0.8978 0.7579 0.0000
vt 0.8586 0.7579 0.0000
vt 0.8978 0.7422 0.0000
vt 0.8586 0.7422 0.0000
vt 0.8978 0.7267 0.0000
vt 0.8586 0.7267 0.0000
vt 0.8586 0.7111 0.0000
vt 0.8978 0.7111 0.0000
vt 0.8978 0.6953 0.0000
vt 0.8586 0.6953 0.0000
vt 0.8978 0.6787 0.0000
vt 0.8586 0.6787 0.0000
vt 0.8996 0.4908 0.0000
vt 0.8996 0.5018 0.0000
vt 0.8809 0.4908 0.0000
vt 0.8809 0.5010 0.0000
vt 0.8996 0.5128 0.0000
vt 0.8809 0.5188 0.0000
vt 0.8996 0.5240 0.0000
vt 0.8996 0.5352 0.0000
vt 0.8809 0.5368 0.0000
vt 0.8996 0.5464 0.0000
vt 0.8809 0.5548 0.0000
vt 0.8996 0.5576 0.0000
vt 0.8809 0.5727 0.0000
vt 0.8996 0.5689 0.0000
vt 0.8996 0.5801 0.0000
vt 0.8809 0.5907 0.0000
vt 0.8996 0.5913 0.0000
vt 0.8996 0.6024 0.0000
vt 0.8809 0.6085 0.0000
vt 0.8996 0.6135 0.0000
vt 0.8809 0.6262 0.0000
vt 0.8996 0.6262 0.0000
vt 0.9269 0.3294 0.0000
vt 0.9372 0.3294 0.0000
vt 0.9269 0.3630 0.0000
vt 0.9372 0.3630 0.0000
vt 0.9269 0.3965 0.0000
vt 0.9372 0.3965 0.0000
vt 0.9372 0.4300 0.0000
vt 0.9269 0.4300 0.0000
vt 0.9372 0.4635 0.0000
vt 0.9269 0.4635 0.0000
vt 0.9269 0.4970 0.0000
vt 0.9372 0.4970 0.0000
vt 0.9372 0.5305 0.0000
vt 0.9269 0.5305 0.0000
vt 0.9372 0.5640 0.0000
vt 0.9269 0.5640 0.0000
vt 0.9372 0.5975 0.0000
vt 0.9269 0.5975 0.0000
vt 0.9269 0.6310 0.0000
vt 0.9372 0.6310 0.0000
vt 0.9269 0.6645 0.0000
vt 0.9372 0.6645 0.0000
vt 0.9372 0.6980 0.0000
vt 0.9269 0.6980 0.0000
vt 0.9372 0.7315 0.0000
vt 0.9269 0.7315 0.0000
vt 0.9269 0.7650 0.0000
vt 0.9372 0.7650 0.0000
vt 0.9372 0.7984 0.0000
vt 0.9269 0.7984 0.0000
vt 0.9372 0.8319 0.0000
vt 0.9269 0.8319 0.0000
vt 0.9372 0.8653 0.0000
vt 0.9269 0.8653 0.0000
vt 0.7410 0.7905 0.0000
vt 0.7634 0.7868 0.0000
vt 0.7481 0.8326 0.0000
vt 0.7807 0.8250 0.0000
vt 0.8079 0.8054 0.0000
vt 0.7809 0.7723 0.0000
vt 0.8256 0.7770 0.0000
vt 0.7889 0.7511 0.0000
vt 0.8310 0.7439 0.0000
vt 0.7852 0.7286 0.0000
vt 0.8234 0.7113 0.0000
vt 0.8038 0.6841 0.0000
vt 0.7707 0.7111 0.0000
vt 0.7754 0.6664 0.0000
vt 0.7494 0.7031 0.0000
vt 0.7423 0.6610 0.0000
vt 0.7270 0.7069 0.0000
vt 0.7097 0.6687 0.0000
vt 0.6825 0.6882 0.0000
vt 0.7095 0.7213 0.0000
vt 0.6648 0.7167 0.0000
vt 0.7015 0.7426 0.0000
vt 0.6594 0.7497 0.0000
vt 0.7052 0.7650 0.0000
vt 0.6670 0.7823 0.0000
vt 0.6866 0.8095 0.0000
vt 0.7197 0.7825 0.0000
vt 0.7150 0.8272 0.0000
vt 0.6116 0.4533 0.0000
vt 0.5506 0.4290 0.0000
vt 0.5835 0.4351 0.0000
vt 0.5179 0.4359 0.0000
vt 0.6306 0.4809 0.0000
vt 0.4903 0.4549 0.0000
vt 0.4721 0.4829 0.0000
vt 0.6376 0.5137 0.0000
vt 0.4660 0.5158 0.0000
vt 0.6315 0.5466 0.0000
vt 0.4729 0.5486 0.0000
vt 0.6132 0.5747 0.0000
vt 0.5857 0.5936 0.0000
vt 0.4919 0.5762 0.0000
vt 0.5529 0.6006 0.0000
vt 0.5200 0.5944 0.0000
vt 0.5036 0.6143 0.0000
vt 0.5226 0.6220 0.0000
vt 0.4883 0.6280 0.0000
vt 0.5126 0.6391 0.0000
vt 0.5454 0.6240 0.0000
vt 0.4907 0.6588 0.0000
vt 0.4717 0.6532 0.0000
vt 0.4608 0.6793 0.0000
vt 0.5100 0.6603 0.0000
vt 0.4826 0.6816 0.0000
vt 0.5310 0.6596 0.0000
vt 0.5444 0.6411 0.0000
vt 0.5693 0.6246 0.0000
vt 0.4577 0.7081 0.0000
vt 0.5052 0.6814 0.0000
vt 0.5284 0.6798 0.0000
vt 0.5525 0.6599 0.0000
vt 0.5772 0.6413 0.0000
vt 0.4800 0.7058 0.0000
vt 0.5028 0.7024 0.0000
vt 0.5911 0.6237 0.0000
vt 0.4838 0.7299 0.0000
vt 0.5049 0.7235 0.0000
vt 0.4637 0.7367 0.0000
vt 0.5742 0.6607 0.0000
vt 0.5523 0.6796 0.0000
vt 0.4938 0.7523 0.0000
vt 0.5269 0.6992 0.0000
vt 0.5520 0.6984 0.0000
vt 0.5277 0.7184 0.0000
vt 0.6088 0.6359 0.0000
vt 0.5114 0.7439 0.0000
vt 0.5308 0.7380 0.0000
vt 0.4780 0.7620 0.0000
vt 0.5762 0.6807 0.0000
vt 0.5771 0.7001 0.0000
vt 0.5517 0.7167 0.0000
vt 0.5514 0.7360 0.0000
vt 0.4985 0.7817 0.0000
vt 0.5088 0.7717 0.0000
vt 0.5213 0.7635 0.0000
vt 0.5357 0.7582 0.0000
vt 0.5340 0.7821 0.0000
vt 0.5270 0.7871 0.0000
vt 0.5757 0.7192 0.0000
vt 0.5720 0.7386 0.0000
vt 0.5511 0.7565 0.0000
vt 0.5665 0.7587 0.0000
vt 0.5227 0.7943 0.0000
vt 0.5504 0.7980 0.0000
vt 0.5420 0.7789 0.0000
vt 0.5507 0.7780 0.0000
vt 0.5594 0.7792 0.0000
vt 0.5983 0.7248 0.0000
vt 0.5912 0.7451 0.0000
vt 0.5806 0.7645 0.0000
vt 0.5674 0.7826 0.0000
vt 0.5929 0.7730 0.0000
vt 0.5742 0.7878 0.0000
vt 0.5782 0.7952 0.0000
vt 0.6191 0.7321 0.0000
vt 0.6084 0.7541 0.0000
vt 0.6236 0.7081 0.0000
vt 0.6011 0.7036 0.0000
vt 0.6027 0.7834 0.0000
vt 0.5995 0.6821 0.0000
vt 0.6459 0.7113 0.0000
vt 0.6390 0.7396 0.0000
vt 0.6239 0.7644 0.0000
vt 0.6217 0.6838 0.0000
vt 0.5949 0.6604 0.0000
vt 0.6438 0.6825 0.0000
vt 0.6150 0.6605 0.0000
vt 0.6335 0.6564 0.0000
vt 0.5025 0.8079 0.0000
vt 0.5214 0.8158 0.0000
vt 0.4873 0.8217 0.0000
vt 0.5113 0.8329 0.0000
vt 0.5442 0.8177 0.0000
vt 0.4878 0.8518 0.0000
vt 0.4721 0.8478 0.0000
vt 0.5079 0.8536 0.0000
vt 0.5432 0.8348 0.0000
vt 0.5680 0.8181 0.0000
vt 0.4597 0.8735 0.0000
vt 0.4812 0.8756 0.0000
vt 0.5036 0.8748 0.0000
vt 0.5293 0.8530 0.0000
vt 0.5270 0.8732 0.0000
vt 0.5017 0.8961 0.0000
vt 0.4789 0.8999 0.0000
vt 0.5512 0.8534 0.0000
vt 0.5766 0.8345 0.0000
vt 0.5509 0.8731 0.0000
vt 0.5257 0.8928 0.0000
vt 0.5896 0.8166 0.0000
vt 0.4567 0.9023 0.0000
vt 0.5730 0.8541 0.0000
vt 0.4628 0.9309 0.0000
vt 0.4829 0.9240 0.0000
vt 0.5040 0.9173 0.0000
vt 0.5267 0.9121 0.0000
vt 0.5938 0.8540 0.0000
vt 0.6071 0.8291 0.0000
vt 0.5749 0.8742 0.0000
vt 0.5508 0.8919 0.0000
vt 0.5507 0.9104 0.0000
vt 0.5983 0.8756 0.0000
vt 0.4931 0.9463 0.0000
vt 0.5106 0.9378 0.0000
vt 0.5300 0.9318 0.0000
vt 0.6139 0.8538 0.0000
vt 0.5760 0.8935 0.0000
vt 0.5747 0.9127 0.0000
vt 0.6321 0.8494 0.0000
vt 0.6207 0.8771 0.0000
vt 0.6000 0.8970 0.0000
vt 0.6227 0.9013 0.0000
vt 0.5974 0.9182 0.0000
vt 0.6427 0.8756 0.0000
vt 0.6450 0.9044 0.0000
vt 0.6183 0.9254 0.0000
vt 0.5711 0.9322 0.0000
vt 0.5506 0.9297 0.0000
vt 0.5904 0.9387 0.0000
vt 0.5504 0.9502 0.0000
vt 0.6382 0.9328 0.0000
vt 0.6077 0.9475 0.0000
vt 0.6233 0.9577 0.0000
vt 0.5800 0.9581 0.0000
vt 0.5657 0.9524 0.0000
vt 0.5923 0.9666 0.0000
vt 0.6022 0.9769 0.0000
vt 0.5668 0.9763 0.0000
vt 0.5736 0.9815 0.0000
vt 0.5501 0.9717 0.0000
vt 0.5588 0.9729 0.0000
vt 0.5499 0.9918 0.0000
vt 0.5778 0.9888 0.0000
vt 0.5349 0.9520 0.0000
vt 0.5414 0.9728 0.0000
vt 0.5206 0.9575 0.0000
vt 0.5334 0.9759 0.0000
vt 0.5081 0.9657 0.0000
vt 0.5264 0.9810 0.0000
vt 0.5221 0.9882 0.0000
vt 0.4979 0.9758 0.0000
vt 0.4773 0.9561 0.0000
vt 0.6366 0.0104 0.0000
vt 0.6702 0.1421 0.0000
vt 0.5828 0.0321 0.0000
vt 0.6942 0.0035 0.0000
vt 0.6403 0.1573 0.0000
vt 0.7038 0.1409 0.0000
vt 0.5364 0.0669 0.0000
vt 0.6174 0.1818 0.0000
vt 0.7516 0.0116 0.0000
vt 0.7356 0.1513 0.0000
vt 0.6070 0.2136 0.0000
vt 0.5005 0.1125 0.0000
vt 0.4777 0.1658 0.0000
vt 0.8049 0.0344 0.0000
vt 0.8504 0.0701 0.0000
vt 0.7600 0.1742 0.0000
vt 0.4695 0.2233 0.0000
vt 0.6080 0.2470 0.0000
vt 0.8851 0.1164 0.0000
vt 0.7751 0.2040 0.0000
vt 0.6232 0.2769 0.0000
vt 0.4764 0.2808 0.0000
vt 0.4980 0.3346 0.0000
vt 0.9066 0.1701 0.0000
vt 0.9135 0.2276 0.0000
vt 0.7762 0.2374 0.0000
vt 0.5328 0.3809 0.0000
vt 0.6476 0.2997 0.0000
vt 0.9053 0.2849 0.0000
vt 0.7658 0.2692 0.0000
vt 0.6794 0.3101 0.0000
vt 0.5785 0.4166 0.0000
vt 0.6319 0.4393 0.0000
vt 0.8826 0.3381 0.0000
vt 0.8469 0.3837 0.0000
vt 0.7428 0.2937 0.0000
vt 0.6893 0.4473 0.0000
vt 0.7130 0.3089 0.0000
vt 0.8006 0.4185 0.0000
vt 0.7468 0.4402 0.0000
vt 0.9442 0.8938 0.0000
vt 0.9442 0.9680 0.0000
vt 0.9085 0.8938 0.0000
vt 0.9085 0.9680 0.0000
vt 0.9085 0.9803 0.0000
vt 0.9442 0.9803 0.0000
vt 0.8728 0.9680 0.0000
vt 0.8728 0.8938 0.0000
vt 0.9442 0.9876 0.0000
vt 0.8366 0.8938 0.0000
vt 0.8366 0.9680 0.0000
vt 0.8728 0.9803 0.0000
vt 0.8728 0.9876 0.0000
vt 0.9085 0.9876 0.0000
vt 0.7994 0.9680 0.0000
vt 0.8366 0.9803 0.0000
vt 0.8366 0.9876 0.0000
vt 0.7994 0.8938 0.0000
vt 0.7994 0.9876 0.0000
vt 0.7994 0.9803 0.0000
vt 0.7618 0.9680 0.0000
vt 0.7618 0.9803 0.0000
vt 0.7618 0.8938 0.0000
vt 0.7618 0.9876 0.0000
vt 0.7249 0.8938 0.0000
vt 0.7249 0.9680 0.0000
vt 0.7249 0.9876 0.0000
vt 0.7249 0.9803 0.0000
vt 0.6893 0.9680 0.0000
vt 0.6893 0.8938 0.0000
vt 0.6893 0.9876 0.0000
vt 0.6893 0.9803 0.0000
vt 0.6567 0.9680 0.0000
vt 0.6567 0.8938 0.0000
vt 0.6567 0.9876 0.0000
vt 0.6567 0.9803 0.0000
vt 0.4323 0.2477 0.0000
vt 0.4323 0.2148 0.0000
vt 0.4461 0.2477 0.0000
vt 0.4461 0.2147 0.0000
vt 0.6518 0.5962 0.0000
vt 0.6674 0.6256 0.0000
vt 0.6518 0.6257 0.0000
vt 0.6674 0.5960 0.0000
vt 0.6581 0.8501 0.0000
vt 0.7139 0.8501 0.0000
vt 0.6581 0.8652 0.0000
vt 0.7139 0.8652 0.0000
vt 0.7262 0.8652 0.0000
vt 0.7262 0.8501 0.0000
vt 0.7413 0.8652 0.0000
vt 0.7412 0.8501 0.0000
vt 0.7571 0.8501 0.0000
vt 0.7571 0.8652 0.0000
vt 0.7742 0.8652 0.0000
vt 0.7742 0.8501 0.0000
vt 0.7884 0.8652 0.0000
vt 0.7884 0.8501 0.0000
vt 0.8006 0.8652 0.0000
vt 0.8006 0.8501 0.0000
vt 0.8300 0.8501 0.0000
vt 0.8300 0.8652 0.0000
vt 0.9826 0.1997 0.0000
vt 0.9492 0.1997 0.0000
vt 0.9774 0.1691 0.0000
vt 0.9427 0.1692 0.0000
vt 0.9325 0.2287 0.0000
vt 0.9438 0.2278 0.0000
vt 0.9449 0.2394 0.0000
vt 0.9339 0.2420 0.0000
vt 0.9491 0.2455 0.0000
vt 0.9428 0.2555 0.0000
vt 0.9596 0.2493 0.0000
vt 0.9594 0.2604 0.0000
vt 0.9713 0.2464 0.0000
vt 0.9772 0.2551 0.0000
vt 0.9854 0.2422 0.0000
vt 0.9760 0.2392 0.0000
vt 0.9867 0.2290 0.0000
vt 0.9775 0.2279 0.0000
vt 0.9830 0.2028 0.0000
vt 0.9736 0.2027 0.0000
vt 0.9344 0.0348 0.0000
vt 0.9610 0.0206 0.0000
vt 0.9609 0.0348 0.0000
vt 0.9345 0.0206 0.0000
vt 0.9236 0.0348 0.0000
vt 0.9237 0.0206 0.0000
vt 0.9166 0.0348 0.0000
vt 0.9168 0.0206 0.0000
vt 0.9066 0.0348 0.0000
vt 0.9065 0.0206 0.0000
vt 0.8953 0.0206 0.0000
vt 0.8952 0.0348 0.0000
vt 0.8873 0.0348 0.0000
vt 0.8873 0.0206 0.0000
vt 0.8768 0.0348 0.0000
vt 0.8768 0.0206 0.0000
vt 0.8482 0.0206 0.0000
vt 0.8481 0.0348 0.0000
vt 0.9827 0.1147 0.0000
vt 0.9658 0.0857 0.0000
vt 0.9722 0.0551 0.0000
vt 0.9712 0.1137 0.0000
vt 0.9701 0.1254 0.0000
vt 0.9813 0.1281 0.0000
vt 0.9658 0.1315 0.0000
vt 0.9722 0.1416 0.0000
vt 0.9556 0.1352 0.0000
vt 0.9555 0.1463 0.0000
vt 0.9437 0.1321 0.0000
vt 0.9378 0.1409 0.0000
vt 0.9297 0.1279 0.0000
vt 0.9390 0.1250 0.0000
vt 0.9286 0.1147 0.0000
vt 0.9377 0.1137 0.0000
vt 0.9345 0.0893 0.0000
vt 0.9438 0.0894 0.0000
vt 0.9376 0.0551 0.0000
vt 0.9324 0.0857 0.0000
vt 0.0443 0.0722 0.0000
vt 0.0382 0.0027 0.0000
vt 0.0443 0.0027 0.0000
vt 0.0504 0.0722 0.0000
vt 0.0322 0.0722 0.0000
vt 0.0260 0.0027 0.0000
vt 0.0322 0.0027 0.0000
vt 0.0260 0.0722 0.0000
vt 0.0200 0.0722 0.0000
vt 0.0139 0.0722 0.0000
vt 0.0200 0.0027 0.0000
vt 0.0078 0.0722 0.0000
vt 0.0139 0.0027 0.0000
vt 0.0504 0.0027 0.0000
vt 0.0078 0.0027 0.0000
vt 0.0503 0.9984 0.0000
vt 0.0443 0.9984 0.0000
vt 0.0504 0.9551 0.0000
vt 0.0443 0.9551 0.0000
vt 0.0504 0.8948 0.0000
vt 0.0443 0.8948 0.0000
vt 0.0504 0.8345 0.0000
vt 0.0443 0.8345 0.0000
vt 0.0504 0.7707 0.0000
vt 0.0078 0.6284 0.0000
vt 0.0139 0.6284 0.0000
vt 0.0078 0.7013 0.0000
vt 0.0139 0.5542 0.0000
vt 0.0200 0.5542 0.0000
vt 0.0078 0.5542 0.0000
vt 0.0139 0.4794 0.0000
vt 0.0200 0.4794 0.0000
vt 0.0078 0.4794 0.0000
vt 0.0078 0.4059 0.0000
vt 0.0139 0.4059 0.0000
vt 0.0078 0.3336 0.0000
vt 0.4440 0.1055 0.0000
vt 0.4168 0.0782 0.0000
vt 0.4826 0.1055 0.0000
vt 0.4168 0.0396 0.0000
vt 0.5099 0.0782 0.0000
vt 0.4440 0.0123 0.0000
vt 0.5099 0.0396 0.0000
vt 0.4826 0.0123 0.0000
vt 0.0078 0.9551 0.0000
vt 0.0139 0.9984 0.0000
vt 0.0079 0.9984 0.0000
vt 0.0139 0.9551 0.0000
vt 0.0200 0.9984 0.0000
vt 0.0139 0.8948 0.0000
vt 0.0078 0.8948 0.0000
vt 0.0200 0.9551 0.0000
vt 0.0200 0.8948 0.0000
vt 0.0260 0.9983 0.0000
vt 0.0078 0.8345 0.0000
vt 0.0139 0.8345 0.0000
vt 0.0200 0.8345 0.0000
vt 0.0260 0.9551 0.0000
vt 0.0260 0.8948 0.0000
vt 0.0260 0.8345 0.0000
vt 0.0322 0.9551 0.0000
vt 0.0322 0.8948 0.0000
vt 0.0322 0.9983 0.0000
vt 0.0078 0.7707 0.0000
vt 0.0139 0.7707 0.0000
vt 0.0200 0.7707 0.0000
vt 0.0382 0.9551 0.0000
vt 0.0382 0.8948 0.0000
vt 0.0322 0.8345 0.0000
vt 0.0260 0.7707 0.0000
vt 0.0322 0.7707 0.0000
vt 0.0382 0.9984 0.0000
vt 0.0139 0.7013 0.0000
vt 0.0200 0.7013 0.0000
vt 0.0382 0.8345 0.0000
vt 0.0382 0.7707 0.0000
vt 0.0260 0.7013 0.0000
vt 0.0322 0.7013 0.0000
vt 0.0382 0.7013 0.0000
vt 0.0443 0.7707 0.0000
vt 0.0443 0.7013 0.0000
vt 0.0200 0.6284 0.0000
vt 0.0260 0.6284 0.0000
vt 0.0322 0.6284 0.0000
vt 0.0382 0.6284 0.0000
vt 0.0504 0.7013 0.0000
vt 0.0443 0.6284 0.0000
vt 0.0260 0.5542 0.0000
vt 0.0322 0.5542 0.0000
vt 0.0382 0.5542 0.0000
vt 0.0260 0.4794 0.0000
vt 0.0322 0.4794 0.0000
vt 0.0504 0.6284 0.0000
vt 0.0443 0.5542 0.0000
vt 0.0382 0.4794 0.0000
vt 0.0382 0.4059 0.0000
vt 0.0322 0.4059 0.0000
vt 0.0504 0.5542 0.0000
vt 0.0443 0.4794 0.0000
vt 0.0443 0.4059 0.0000
vt 0.0200 0.4059 0.0000
vt 0.0260 0.4059 0.0000
vt 0.0382 0.3336 0.0000
vt 0.0443 0.3336 0.0000
vt 0.0322 0.3336 0.0000
vt 0.0504 0.4794 0.0000
vt 0.0504 0.4059 0.0000
vt 0.0504 0.3336 0.0000
vt 0.0200 0.3336 0.0000
vt 0.0260 0.3336 0.0000
vt 0.0139 0.3336 0.0000
vt 0.0382 0.2633 0.0000
vt 0.0322 0.2633 0.0000
vt 0.0443 0.2633 0.0000
vt 0.0260 0.2633 0.0000
vt 0.0200 0.2633 0.0000
vt 0.0504 0.2633 0.0000
vt 0.0260 0.1984 0.0000
vt 0.0322 0.1984 0.0000
vt 0.0382 0.1984 0.0000
vt 0.0443 0.1984 0.0000
vt 0.0139 0.2633 0.0000
vt 0.0200 0.1984 0.0000
vt 0.0504 0.1984 0.0000
vt 0.0382 0.1391 0.0000
vt 0.0322 0.1391 0.0000
vt 0.0443 0.1391 0.0000
vt 0.0504 0.1391 0.0000
vt 0.0200 0.1391 0.0000
vt 0.0260 0.1391 0.0000
vt 0.0078 0.2633 0.0000
vt 0.0139 0.1984 0.0000
vt 0.0139 0.1391 0.0000
vt 0.0382 0.0722 0.0000
vt 0.0078 0.1984 0.0000
vt 0.0078 0.1391 0.0000
vt 0.4585 0.1431 0.0000
vt 0.4539 0.1215 0.0000
vt 0.4712 0.1390 0.0000
vt 0.4292 0.1216 0.0000
vt 0.4710 0.1635 0.0000
vt 0.4584 0.1593 0.0000
vt 0.4242 0.1431 0.0000
vt 0.4118 0.1389 0.0000
vt 0.4536 0.1808 0.0000
vt 0.4117 0.1634 0.0000
vt 0.4241 0.1593 0.0000
vt 0.4291 0.1808 0.0000
# 668 texture coords

o barrier
g barrier
usemtl barrier
s 1
f 1/1/1 2/2/1 3/3/1 
f 4/4/1 3/3/1 2/2/1 
f 5/5/1 3/3/1 4/4/1 
f 5/5/1 4/4/1 6/6/1 
f 6/6/1 4/4/1 7/7/1 
f 6/6/1 7/7/1 8/8/1 
f 9/1/1 10/3/1 11/2/1 
f 12/5/1 11/2/1 10/3/1 
f 13/4/1 11/2/1 12/5/1 
f 13/4/1 12/5/1 7/7/1 
f 7/7/1 12/5/1 14/6/1 
f 7/7/1 14/6/1 8/8/1 
f 15/9/2 16/10/3 5/11/4 
f 5/11/4 16/10/3 3/12/5 
f 3/12/5 16/10/3 1/13/6 
f 1/13/6 16/10/3 17/14/7 
f 1/13/6 17/14/7 2/15/8 
f 2/15/8 17/14/7 18/16/9 
f 2/15/8 18/16/9 4/17/10 
f 4/17/10 18/16/9 19/18/11 
f 4/17/10 19/18/11 7/19/12 
f 7/19/12 19/18/11 20/20/13 
f 7/19/12 20/20/13 13/21/14 
f 13/21/14 20/20/13 21/22/15 
f 13/21/14 21/22/15 11/23/16 
f 11/23/16 21/22/15 22/24/17 
f 11/23/16 22/24/17 9/25/18 
f 9/25/18 22/24/17 23/26/19 
f 9/25/18 23/26/19 10/27/20 
f 10/27/20 23/26/19 24/28/21 
f 10/27/20 24/28/21 12/29/22 
f 12/29/22 24/28/21 25/30/23 
f 12/29/22 25/30/23 14/31/24 
f 14/31/24 25/30/23 26/32/25 
f 14/31/24 26/32/25 27/33/26 
f 27/33/26 26/32/25 28/34/27 
f 6/35/28 15/36/2 5/37/4 
f 29/38/29 15/36/2 6/35/28 
f 30/39/30 29/38/29 6/35/28 
f 31/40/31 29/38/29 30/39/30 
f 32/41/32 31/40/31 30/39/30 
f 33/42/33 31/40/31 32/41/32 
f 34/43/34 33/42/33 32/41/32 
f 35/44/35 33/42/33 34/43/34 
f 36/45/36 35/44/35 34/43/34 
f 37/46/37 35/44/35 36/45/36 
f 38/47/38 37/46/37 36/45/36 
f 39/48/39 37/46/37 38/47/38 
f 40/49/40 39/48/39 38/47/38 
f 41/50/41 39/48/39 40/49/40 
f 40/49/40 42/51/42 41/50/41 
f 43/52/43 42/51/42 40/49/40 
f 43/52/43 44/53/44 42/51/42 
f 45/54/45 44/53/44 43/52/43 
f 45/54/45 46/55/46 44/53/44 
f 47/56/47 46/55/46 45/54/45 
f 47/56/47 48/57/48 46/55/46 
f 49/58/48 48/57/48 47/56/47 
f 49/58/48 28/59/27 48/57/48 
f 27/60/26 28/59/27 49/58/48 
f 50/61/49 51/62/50 52/63/49 
f 53/64/50 51/62/50 50/61/49 
f 53/64/50 54/65/51 51/62/50 
f 55/66/51 54/65/51 53/64/50 
f 55/66/51 56/67/52 54/65/51 
f 57/68/52 56/67/52 55/66/51 
f 57/68/52 58/69/53 56/67/52 
f 59/70/53 58/69/53 57/68/52 
f 59/70/53 60/71/54 58/69/53 
f 61/72/54 60/71/54 59/70/53 
f 61/72/54 62/73/55 60/71/54 
f 63/74/55 62/73/55 61/72/54 
f 63/74/55 64/75/56 62/73/55 
f 65/76/56 64/75/56 63/74/55 
f 65/76/56 66/77/57 64/75/56 
f 67/78/57 66/77/57 65/76/56 
f 67/78/57 68/79/58 66/77/57 
f 69/80/58 68/79/58 67/78/57 
f 69/80/58 70/81/59 68/79/58 
f 71/82/59 70/81/59 69/80/58 
f 71/82/59 72/83/60 70/81/59 
f 73/84/60 72/83/60 71/82/59 
f 73/84/60 52/85/49 72/83/60 
f 50/86/49 52/85/49 73/84/60 
f 74/87/61 75/88/62 76/89/63 
f 77/90/64 75/88/62 74/87/61 
f 77/90/64 78/91/65 75/88/62 
f 79/92/66 78/91/65 77/90/64 
f 79/92/66 80/93/67 78/91/65 
f 81/94/67 80/93/67 79/92/66 
f 81/94/67 82/95/68 80/93/67 
f 83/96/68 82/95/68 81/94/67 
f 83/96/68 84/97/69 82/95/68 
f 85/98/70 84/97/69 83/96/68 
f 85/98/70 86/99/71 84/97/69 
f 87/100/71 86/99/71 85/98/70 
f 87/100/71 88/101/72 86/99/71 
f 89/102/73 88/101/72 87/100/71 
f 89/102/73 90/103/74 88/101/72 
f 91/104/74 90/103/74 89/102/73 
f 91/104/74 92/105/75 90/103/74 
f 93/106/76 92/105/75 91/104/74 
f 94/107/77 92/105/75 93/106/76 
f 95/108/77 92/105/75 94/107/77 
f 94/107/77 96/109/78 95/108/77 
f 97/110/78 96/109/78 94/107/77 
f 97/110/78 76/111/63 96/109/78 
f 74/112/61 76/111/63 97/110/78 
f 76/113/79 75/114/80 98/115/81 
f 98/115/81 75/114/80 99/116/82 
f 78/117/83 99/116/82 75/114/80 
f 99/116/82 78/117/83 100/118/84 
f 100/118/84 78/117/83 80/119/85 
f 80/119/85 82/120/86 100/118/84 
f 100/118/84 82/120/86 101/121/87 
f 82/120/86 84/122/88 101/121/87 
f 101/121/87 84/122/88 102/123/89 
f 84/122/88 86/124/90 102/123/89 
f 102/123/89 86/124/90 103/125/91 
f 103/125/91 86/124/90 88/126/92 
f 88/126/92 90/127/93 103/125/91 
f 103/125/91 90/127/93 104/128/94 
f 104/128/94 90/127/93 92/129/95 
f 92/129/95 95/130/96 104/128/94 
f 104/128/94 95/130/96 105/131/97 
f 105/131/97 95/130/96 96/132/98 
f 105/131/97 96/132/98 98/133/81 
f 98/133/81 96/132/98 76/134/79 
f 106/135/99 107/136/99 108/137/60 
f 108/137/60 107/136/99 109/138/60 
f 109/138/60 110/139/100 108/137/60 
f 111/140/100 110/139/100 109/138/60 
f 111/140/100 112/141/101 110/139/100 
f 110/139/100 112/141/101 113/142/101 
f 114/143/102 113/142/101 112/141/101 
f 115/144/102 113/142/101 114/143/102 
f 116/1/1 117/2/1 118/3/1 
f 118/3/1 117/2/1 119/5/1 
f 119/5/1 117/2/1 120/4/1 
f 121/7/1 119/5/1 120/4/1 
f 122/6/1 119/5/1 121/7/1 
f 122/6/1 121/7/1 123/8/1 
f 124/1/1 125/3/1 126/2/1 
f 127/5/1 126/2/1 125/3/1 
f 128/4/1 126/2/1 127/5/1 
f 128/4/1 127/5/1 121/7/1 
f 121/7/1 127/5/1 129/6/1 
f 121/7/1 129/6/1 123/8/1 
f 130/9/103 131/10/104 119/11/105 
f 119/11/105 131/10/104 118/12/36 
f 118/12/36 131/10/104 116/13/34 
f 116/13/34 131/10/104 132/14/35 
f 116/13/34 132/14/35 117/15/32 
f 117/15/32 132/14/35 133/16/33 
f 117/15/32 133/16/33 120/17/106 
f 120/17/106 133/16/33 134/18/31 
f 120/17/106 134/18/31 121/19/28 
f 121/19/28 134/18/31 135/20/107 
f 121/19/28 135/20/107 128/21/108 
f 128/21/108 135/20/107 136/22/2 
f 128/21/108 136/22/2 126/23/109 
f 126/23/109 136/22/2 137/24/110 
f 126/23/109 137/24/110 124/25/111 
f 124/25/111 137/24/110 138/26/7 
f 124/25/111 138/26/7 125/27/112 
f 125/27/112 138/26/7 139/28/9 
f 125/27/112 139/28/9 127/29/113 
f 127/29/113 139/28/9 140/30/11 
f 127/29/113 140/30/11 129/31/114 
f 129/31/114 140/30/11 141/32/114 
f 129/31/114 141/32/114 142/33/115 
f 142/33/115 141/32/114 143/34/15 
f 122/35/40 130/36/103 119/37/105 
f 144/38/116 130/36/103 122/35/40 
f 145/39/117 144/38/116 122/35/40 
f 146/40/118 144/38/116 145/39/117 
f 147/41/119 146/40/118 145/39/117 
f 148/42/44 146/40/118 147/41/119 
f 149/43/120 148/42/44 147/41/119 
f 150/44/121 148/42/44 149/43/120 
f 151/45/48 150/44/121 149/43/120 
f 152/46/122 150/44/121 151/45/48 
f 153/47/123 152/46/122 151/45/48 
f 154/48/26 152/46/122 153/47/123 
f 155/49/24 154/48/26 153/47/123 
f 156/50/124 154/48/26 155/49/24 
f 157/52/22 156/50/124 155/49/24 
f 158/51/23 156/50/124 157/52/22 
f 157/52/22 159/53/21 158/51/23 
f 160/54/20 159/53/21 157/52/22 
f 160/54/20 161/55/19 159/53/21 
f 162/56/125 161/55/19 160/54/20 
f 162/56/125 163/57/17 161/55/19 
f 164/58/16 163/57/17 162/56/125 
f 164/58/16 143/59/15 163/57/17 
f 142/60/115 143/59/15 164/58/16 
f 165/61/126 166/62/127 167/63/126 
f 168/64/127 166/62/127 165/61/126 
f 168/64/127 169/65/54 166/62/127 
f 170/66/54 169/65/54 168/64/127 
f 170/66/54 171/67/128 169/65/54 
f 172/68/128 171/67/128 170/66/54 
f 172/68/128 173/69/129 171/67/128 
f 174/70/129 173/69/129 172/68/128 
f 174/70/129 175/71/57 173/69/129 
f 176/72/57 175/71/57 174/70/129 
f 176/72/57 177/73/58 175/71/57 
f 178/74/58 177/73/58 176/72/57 
f 178/74/58 179/75/130 177/73/58 
f 180/76/130 179/75/130 178/74/58 
f 180/76/130 181/77/60 179/75/130 
f 182/78/60 181/77/60 180/76/130 
f 182/78/60 183/79/131 181/77/60 
f 184/80/131 183/79/131 182/78/60 
f 184/80/131 185/81/50 183/79/131 
f 186/82/50 185/81/50 184/80/131 
f 186/82/50 187/83/51 185/81/50 
f 188/84/51 187/83/51 186/82/50 
f 188/84/51 167/85/126 187/83/51 
f 165/86/126 167/85/126 188/84/51 
f 189/87/67 190/88/68 191/89/67 
f 192/90/68 190/88/68 189/87/67 
f 192/90/68 193/91/70 190/88/68 
f 194/92/70 193/91/70 192/90/68 
f 194/92/70 195/93/132 193/91/70 
f 196/94/71 195/93/132 194/92/70 
f 196/94/71 197/95/72 195/93/132 
f 198/96/73 197/95/72 196/94/71 
f 198/96/73 199/97/133 197/95/72 
f 200/98/133 199/97/133 198/96/73 
f 200/98/133 201/99/75 199/97/133 
f 202/100/75 201/99/75 200/98/133 
f 202/100/75 203/101/77 201/99/75 
f 204/102/77 203/101/77 202/100/75 
f 204/102/77 205/103/78 203/101/77 
f 206/104/134 205/103/78 204/102/77 
f 206/104/134 207/105/135 205/103/78 
f 208/106/135 207/105/135 206/104/134 
f 208/106/135 209/108/136 207/105/135 
f 210/107/64 209/108/136 208/106/135 
f 210/107/64 211/109/66 209/108/136 
f 212/110/137 211/109/66 210/107/64 
f 212/110/137 191/111/67 211/109/66 
f 189/112/67 191/111/67 212/110/137 
f 191/113/138 190/114/139 213/115/84 
f 213/115/84 190/114/139 214/116/140 
f 193/117/141 214/116/140 190/114/139 
f 214/116/140 193/117/141 215/118/142 
f 215/118/142 193/117/141 195/119/143 
f 195/119/143 197/120/144 215/118/142 
f 215/118/142 197/120/144 216/121/145 
f 197/120/144 199/122/146 216/121/145 
f 216/121/145 199/122/146 217/123/147 
f 199/122/146 201/124/148 217/123/147 
f 217/123/147 201/124/148 218/125/149 
f 218/125/149 201/124/148 203/126/150 
f 203/126/150 205/127/151 218/125/149 
f 218/125/149 205/127/151 219/128/152 
f 219/128/152 205/127/151 207/129/153 
f 207/129/153 209/130/80 219/128/152 
f 219/128/152 209/130/80 220/131/154 
f 220/131/154 209/130/80 211/132/155 
f 220/131/154 211/132/155 213/133/84 
f 213/133/84 211/132/155 191/134/138 
f 221/135/156 222/136/156 223/137/51 
f 223/137/51 222/136/156 224/138/51 
f 224/138/51 225/139/157 223/137/51 
f 226/140/157 225/139/157 224/138/51 
f 226/140/157 227/141/158 225/139/157 
f 225/139/157 227/141/158 228/142/158 
f 229/143/159 228/142/158 227/141/158 
f 230/144/159 228/142/158 229/143/159 
f 229/143/159 231/145/60 230/144/159 
f 232/146/60 231/145/60 229/143/159 
f 232/146/60 233/147/160 231/145/60 
f 231/145/60 233/147/160 234/148/160 
f 235/149/101 234/148/160 233/147/160 
f 236/150/101 234/148/160 235/149/101 
f 237/151/102 236/150/101 235/149/101 
f 238/152/102 236/150/101 237/151/102 
f 238/152/102 237/151/102 239/153/57 
f 239/153/57 237/151/102 240/154/57 
f 240/154/57 241/155/161 239/153/57 
f 242/156/161 241/155/161 240/154/57 
f 242/156/161 243/157/162 241/155/161 
f 241/155/161 243/157/162 244/158/162 
f 245/159/163 244/158/162 243/157/162 
f 246/160/163 244/158/162 245/159/163 
f 245/159/163 247/161/54 246/160/163 
f 248/162/54 247/161/54 245/159/163 
f 248/162/54 249/163/164 247/161/54 
f 247/161/54 249/163/164 250/164/164 
f 251/165/165 250/164/164 249/163/164 
f 252/166/165 250/164/164 251/165/165 
f 222/167/156 252/166/165 251/165/165 
f 221/168/156 252/166/165 222/167/156 
f 166/169/166 169/170/167 250/171/167 
f 250/171/167 169/170/167 247/172/166 
f 247/172/168 169/170/169 246/173/170 
f 246/173/170 169/170/169 171/174/171 
f 246/173/170 171/174/171 244/175/172 
f 244/175/172 171/174/171 173/176/173 
f 244/175/172 173/176/173 241/177/174 
f 173/176/173 175/178/175 241/177/174 
f 241/177/174 175/178/175 239/179/175 
f 239/179/175 175/178/175 238/180/176 
f 238/180/176 175/178/175 177/181/177 
f 238/180/176 177/181/177 236/182/178 
f 236/182/178 177/181/177 179/183/179 
f 236/182/178 179/183/179 234/184/180 
f 179/183/179 181/185/181 234/184/180 
f 234/184/180 181/185/181 231/186/181 
f 231/186/181 181/185/181 230/187/182 
f 230/187/182 181/185/181 183/188/183 
f 230/187/182 183/188/183 228/189/184 
f 228/189/184 183/188/183 185/190/185 
f 228/189/184 185/190/185 225/191/186 
f 185/190/185 187/192/187 225/191/186 
f 225/191/186 187/192/187 223/193/187 
f 223/193/187 187/192/187 221/194/188 
f 221/194/188 187/192/187 167/195/189 
f 221/194/188 167/195/189 252/196/190 
f 252/196/190 167/195/189 166/169/191 
f 166/169/191 250/171/192 252/196/190 
f 245/197/193 249/198/193 248/199/193 
f 251/200/193 249/198/193 245/197/193 
f 243/201/193 251/200/193 245/197/193 
f 222/202/193 251/200/193 243/201/193 
f 222/202/193 243/201/193 224/203/193 
f 224/203/193 243/201/193 242/204/193 
f 224/203/193 242/204/193 226/205/193 
f 226/205/193 242/204/193 240/206/193 
f 240/206/193 227/207/193 226/205/193 
f 237/208/193 227/207/193 240/206/193 
f 237/208/193 235/209/193 227/207/193 
f 227/207/193 235/209/193 229/210/193 
f 235/209/193 233/211/193 229/210/193 
f 229/210/193 233/211/193 232/212/193 
f 217/213/194 218/214/195 253/215/196 
f 253/215/196 218/214/195 254/216/197 
f 218/214/195 219/217/198 254/216/197 
f 254/216/197 255/218/199 253/215/196 
f 253/215/196 255/218/199 256/219/200 
f 256/219/200 255/218/199 257/220/201 
f 255/218/199 254/216/197 258/221/202 
f 255/218/199 258/221/202 259/222/203 
f 257/220/201 255/218/199 259/222/203 
f 254/216/197 260/223/204 258/221/202 
f 254/216/197 219/217/198 261/224/205 
f 261/224/205 260/223/204 254/216/197 
f 219/217/198 220/225/206 261/224/205 
f 257/220/201 259/222/203 262/226/207 
f 259/222/203 258/221/202 263/227/208 
f 263/227/208 258/221/202 264/228/209 
f 264/228/209 258/221/202 260/223/204 
f 260/223/204 261/224/205 265/229/210 
f 260/223/204 265/229/210 264/228/209 
f 266/230/211 265/229/210 261/224/205 
f 261/224/205 220/225/206 266/230/211 
f 262/226/207 259/222/203 267/231/60 
f 267/231/60 259/222/203 268/232/99 
f 268/232/99 259/222/203 263/227/208 
f 114/143/102 269/145/57 115/144/102 
f 270/146/57 269/145/57 114/143/102 
f 269/145/57 270/146/57 271/148/212 
f 271/148/212 270/146/57 272/147/212 
f 272/147/212 273/149/162 271/148/212 
f 271/148/212 273/149/162 274/150/162 
f 275/151/213 274/150/162 273/149/162 
f 276/152/213 274/150/162 275/151/213 
f 276/152/213 275/151/213 277/153/54 
f 277/153/54 275/151/213 278/154/54 
f 278/154/54 279/155/214 277/153/54 
f 280/156/214 279/155/214 278/154/54 
f 280/156/214 281/157/165 279/155/214 
f 279/155/214 281/157/165 282/158/165 
f 281/157/165 283/160/156 282/158/165 
f 284/159/156 283/160/156 281/157/165 
f 284/159/156 285/161/51 283/160/156 
f 286/162/51 285/161/51 284/159/156 
f 285/161/51 286/162/51 287/164/157 
f 287/164/157 286/162/51 288/163/157 
f 288/163/157 289/165/158 287/164/157 
f 287/164/157 289/165/158 290/166/158 
f 107/167/99 290/166/158 289/165/158 
f 106/168/99 290/166/158 107/167/99 
f 51/169/215 54/170/216 287/171/216 
f 287/171/216 54/170/216 285/172/216 
f 285/172/217 54/170/217 283/173/218 
f 283/173/218 54/170/217 56/174/219 
f 283/173/218 56/174/219 282/175/190 
f 282/175/190 56/174/219 58/176/220 
f 282/175/190 58/176/220 279/177/221 
f 58/176/220 60/178/222 279/177/221 
f 279/177/221 60/178/222 277/179/223 
f 277/179/223 60/178/222 276/180/224 
f 276/180/224 60/178/222 62/181/171 
f 276/180/224 62/181/171 274/182/225 
f 274/182/225 62/181/171 64/183/173 
f 274/182/225 64/183/173 271/184/226 
f 64/183/173 66/185/175 271/184/226 
f 271/184/226 66/185/175 269/186/175 
f 269/186/175 66/185/175 115/187/227 
f 115/187/227 66/185/175 68/188/228 
f 115/187/227 68/188/228 113/189/178 
f 113/189/178 68/188/228 70/190/229 
f 113/189/178 70/190/229 110/191/230 
f 70/190/229 72/192/231 110/191/230 
f 110/191/230 72/192/231 108/193/231 
f 108/193/231 72/192/231 106/194/232 
f 106/194/232 72/192/231 52/195/233 
f 106/194/232 52/195/233 290/196/234 
f 290/196/234 52/195/233 51/169/234 
f 51/169/234 287/171/235 290/196/234 
f 288/198/193 286/199/193 289/200/193 
f 289/200/193 286/199/193 284/197/193 
f 281/201/193 289/200/193 284/197/193 
f 107/202/193 289/200/193 281/201/193 
f 107/202/193 281/201/193 109/203/193 
f 109/203/193 281/201/193 280/204/193 
f 109/203/193 280/204/193 111/205/193 
f 111/205/193 280/204/193 278/206/193 
f 278/206/193 275/208/193 111/205/193 
f 111/205/193 275/208/193 112/207/193 
f 275/208/193 273/209/193 112/207/193 
f 112/207/193 273/209/193 114/210/193 
f 273/209/193 270/212/193 114/210/193 
f 272/211/193 270/212/193 273/209/193 
f 102/213/236 103/214/237 291/215/238 
f 291/215/238 103/214/237 292/216/239 
f 103/214/237 104/217/194 292/216/239 
f 292/216/239 293/218/240 291/215/238 
f 291/215/238 293/218/240 294/219/241 
f 294/219/241 293/218/240 295/220/242 
f 293/218/240 292/216/239 296/221/243 
f 292/216/239 104/217/194 297/224/244 
f 297/224/244 298/223/245 292/216/239 
f 292/216/239 298/223/245 296/221/243 
f 299/227/246 293/218/240 296/221/243 
f 296/221/243 298/223/245 299/227/246 
f 295/220/242 293/218/240 300/222/247 
f 300/222/247 293/218/240 299/227/246 
f 104/217/194 105/225/248 297/224/244 
f 295/220/242 300/222/247 301/226/161 
f 301/226/161 300/222/247 302/231/57 
f 300/222/247 299/227/246 302/231/57 
f 298/223/245 297/224/244 303/229/249 
f 297/224/244 105/225/248 304/230/250 
f 304/230/250 303/229/249 297/224/244 
f 299/227/246 298/223/245 305/228/251 
f 298/223/245 303/229/249 305/228/251 
f 302/231/57 299/227/246 306/232/102 
f 299/227/246 305/228/251 306/232/102 
f 105/225/248 98/233/252 304/230/250 
f 302/231/57 307/234/253 301/226/161 
f 306/232/102 308/235/254 302/231/57 
f 302/231/57 308/235/254 307/234/253 
f 301/226/161 307/234/253 309/236/255 
f 310/237/256 303/229/249 304/230/250 
f 303/229/249 310/237/256 311/238/257 
f 305/228/251 303/229/249 311/238/257 
f 307/234/253 312/239/258 309/236/255 
f 308/235/254 312/239/258 307/234/253 
f 306/232/102 305/228/251 313/240/259 
f 313/240/259 305/228/251 314/241/207 
f 314/241/207 305/228/251 311/238/257 
f 306/232/102 315/242/260 308/235/254 
f 313/240/259 315/242/260 306/232/102 
f 314/241/207 315/242/260 313/240/259 
f 304/230/250 98/233/252 316/243/261 
f 317/244/262 312/239/258 308/235/254 
f 315/242/260 318/245/263 308/235/254 
f 308/235/254 318/245/263 317/244/262 
f 309/236/255 312/239/258 319/246/264 
f 311/238/257 310/237/256 320/247/203 
f 314/241/207 311/238/257 321/248/60 
f 321/248/60 311/238/257 320/247/203 
f 322/249/265 315/242/260 314/241/207 
f 321/248/60 322/249/265 314/241/207 
f 315/242/260 323/250/266 318/245/263 
f 322/249/265 323/250/266 315/242/260 
f 312/239/258 324/251/267 319/246/264 
f 317/244/262 325/252/268 312/239/258 
f 325/252/268 324/251/267 312/239/258 
f 326/253/269 325/252/268 317/244/262 
f 318/245/263 326/253/269 317/244/262 
f 327/254/270 326/253/269 318/245/263 
f 323/250/266 327/254/270 318/245/263 
f 326/253/269 328/255/271 325/252/268 
f 327/254/270 328/255/271 326/253/269 
f 325/252/268 329/256/272 324/251/267 
f 325/252/268 328/255/271 329/256/272 
f 330/257/273 322/249/265 321/248/60 
f 330/257/273 331/258/274 322/249/265 
f 322/249/265 331/258/274 323/250/266 
f 332/259/275 327/254/270 323/250/266 
f 331/258/274 333/260/276 323/250/266 
f 323/250/266 333/260/276 332/259/275 
f 324/251/267 329/256/272 334/261/277 
f 335/262/193 329/256/272 328/255/271 
f 334/261/277 329/256/272 335/262/193 
f 336/263/278 328/255/271 327/254/270 
f 328/255/271 336/263/278 335/262/193 
f 327/254/270 337/264/279 336/263/278 
f 332/259/275 337/264/279 327/254/270 
f 333/260/276 337/264/279 332/259/275 
f 335/262/193 336/263/278 337/264/279 
f 337/264/279 338/265/280 335/262/193 
f 338/265/280 337/264/279 333/260/276 
f 339/266/281 331/258/274 330/257/273 
f 340/267/282 333/260/276 331/258/274 
f 340/267/282 331/258/274 339/266/281 
f 321/248/60 339/266/281 330/257/273 
f 341/268/283 333/260/276 340/267/282 
f 341/268/283 342/269/284 333/260/276 
f 333/260/276 342/269/284 338/265/280 
f 335/262/193 338/265/280 342/269/284 
f 340/267/282 343/270/285 341/268/283 
f 343/270/285 342/269/284 341/268/283 
f 344/271/286 342/269/284 343/270/285 
f 342/269/284 344/271/286 335/262/193 
f 335/262/193 344/271/286 345/272/287 
f 343/270/285 345/272/287 344/271/286 
f 346/273/288 340/267/282 339/266/281 
f 347/274/289 343/270/285 340/267/282 
f 347/274/289 340/267/282 346/273/288 
f 346/273/288 339/266/281 348/275/290 
f 348/275/290 339/266/281 349/276/99 
f 349/276/99 339/266/281 321/248/60 
f 347/274/289 350/277/291 343/270/285 
f 350/277/291 345/272/287 343/270/285 
f 349/276/99 351/278/292 348/275/290 
f 321/248/60 351/278/292 349/276/99 
f 320/247/203 351/278/292 321/248/60 
f 352/279/157 346/273/288 348/275/290 
f 353/280/293 347/274/289 346/273/288 
f 353/280/293 346/273/288 352/279/157 
f 354/281/294 347/274/289 353/280/293 
f 354/281/294 350/277/291 347/274/289 
f 348/275/290 351/278/292 355/282/209 
f 348/275/290 355/282/209 352/279/157 
f 351/278/292 356/283/202 355/282/209 
f 320/247/203 310/237/256 351/278/292 
f 351/278/292 310/237/256 356/283/202 
f 352/279/157 355/282/209 357/284/295 
f 355/282/209 356/283/202 358/285/296 
f 355/282/209 358/285/296 357/284/295 
f 304/230/250 358/285/296 356/283/202 
f 310/237/256 304/230/250 356/283/202 
f 357/284/295 358/285/296 359/286/297 
f 316/243/261 358/285/296 304/230/250 
f 358/285/296 316/243/261 359/286/297 
f 98/287/252 99/288/298 316/289/261 
f 316/289/261 99/288/298 360/290/299 
f 99/288/298 100/291/300 360/290/299 
f 360/290/299 361/292/301 316/289/261 
f 316/289/261 361/292/301 359/293/297 
f 361/292/301 360/290/299 362/294/302 
f 360/290/299 100/291/300 363/295/303 
f 363/295/303 362/294/302 360/290/299 
f 100/291/300 101/296/304 363/295/303 
f 359/293/297 361/292/301 357/297/295 
f 357/297/295 361/292/301 364/298/305 
f 364/298/305 361/292/301 365/299/306 
f 365/299/306 361/292/301 362/294/302 
f 366/300/307 362/294/302 363/295/303 
f 365/299/306 362/294/302 367/301/308 
f 367/301/308 362/294/302 366/300/307 
f 368/302/156 364/298/305 365/299/306 
f 365/299/306 367/301/308 368/302/156 
f 369/303/51 357/297/295 364/298/305 
f 369/303/51 364/298/305 368/302/156 
f 366/300/307 363/295/303 370/304/309 
f 363/295/303 101/296/304 371/305/310 
f 371/305/310 370/304/309 363/295/303 
f 372/306/311 366/300/307 370/304/309 
f 367/301/308 366/300/307 372/306/311 
f 368/302/156 367/301/308 373/307/312 
f 367/301/308 372/306/311 373/307/312 
f 101/296/304 102/308/236 371/305/310 
f 352/309/157 357/297/295 369/303/51 
f 374/310/313 370/304/309 371/305/310 
f 370/304/309 374/310/313 372/306/311 
f 369/303/51 353/311/293 352/309/157 
f 368/302/156 375/312/314 369/303/51 
f 375/312/314 353/311/293 369/303/51 
f 376/313/315 375/312/314 368/302/156 
f 373/307/312 377/314/316 368/302/156 
f 368/302/156 377/314/316 376/313/315 
f 374/310/313 371/305/310 378/315/317 
f 371/305/310 102/308/236 291/316/238 
f 291/316/238 378/315/317 371/305/310 
f 372/306/311 374/310/313 379/317/318 
f 372/306/311 379/317/318 380/318/214 
f 373/307/312 372/306/311 380/318/214 
f 373/307/312 381/319/319 377/314/316 
f 380/318/214 381/319/319 373/307/312 
f 382/320/320 374/310/313 378/315/317 
f 379/317/318 374/310/313 382/320/320 
f 375/312/314 383/321/321 353/311/293 
f 376/313/315 383/321/321 375/312/314 
f 384/322/322 383/321/321 376/313/315 
f 377/314/316 384/322/322 376/313/315 
f 385/323/323 384/322/322 377/314/316 
f 381/319/319 385/323/323 377/314/316 
f 386/324/324 378/315/317 291/316/238 
f 378/315/317 386/324/324 382/320/320 
f 380/318/214 379/317/318 387/325/54 
f 379/317/318 382/320/320 387/325/54 
f 380/318/214 388/326/325 381/319/319 
f 387/325/54 388/326/325 380/318/214 
f 386/324/324 291/316/238 294/327/241 
f 389/240/290 263/227/208 264/228/209 
f 268/232/99 263/227/208 389/240/290 
f 220/225/206 213/233/300 266/230/211 
f 267/231/60 390/234/273 262/226/207 
f 268/232/99 390/234/273 267/231/60 
f 262/226/207 390/234/273 391/236/326 
f 392/235/327 390/234/273 268/232/99 
f 389/240/290 392/235/327 268/232/99 
f 264/228/209 265/229/210 393/238/328 
f 389/240/290 264/228/209 394/241/329 
f 394/241/329 264/228/209 393/238/328 
f 395/237/330 265/229/210 266/230/211 
f 265/229/210 395/237/330 393/238/328 
f 396/242/288 392/235/327 389/240/290 
f 394/241/329 396/242/288 389/240/290 
f 392/235/327 397/244/331 390/234/273 
f 396/242/288 397/244/331 392/235/327 
f 390/234/273 398/239/274 391/236/326 
f 390/234/273 397/244/331 398/239/274 
f 266/230/211 213/233/300 399/243/332 
f 391/236/326 398/239/274 400/246/333 
f 393/238/328 395/237/330 401/247/305 
f 394/241/329 393/238/328 402/248/51 
f 402/248/51 393/238/328 401/247/305 
f 403/249/334 396/242/288 394/241/329 
f 402/248/51 403/249/334 394/241/329 
f 398/239/274 404/252/335 400/246/333 
f 397/244/331 404/252/335 398/239/274 
f 405/245/289 397/244/331 396/242/288 
f 403/249/334 406/250/336 396/242/288 
f 396/242/288 406/250/336 405/245/289 
f 407/253/337 404/252/335 397/244/331 
f 405/245/289 407/253/337 397/244/331 
f 401/247/305 395/237/330 408/278/306 
f 401/247/305 408/278/306 402/248/51 
f 400/246/333 404/252/335 409/251/338 
f 410/257/314 403/249/334 402/248/51 
f 410/257/314 411/258/321 403/249/334 
f 403/249/334 411/258/321 406/250/336 
f 406/250/336 412/259/291 405/245/289 
f 411/258/321 412/259/291 406/250/336 
f 413/254/285 407/253/337 405/245/289 
f 405/245/289 412/259/291 413/254/285 
f 402/248/51 408/278/306 414/276/156 
f 414/276/156 415/266/315 402/248/51 
f 402/248/51 415/266/315 410/257/314 
f 415/266/315 411/258/321 410/257/314 
f 407/253/337 416/255/284 404/252/335 
f 413/254/285 417/263/339 407/253/337 
f 407/253/337 417/263/339 416/255/284 
f 413/254/285 418/264/340 417/263/339 
f 412/259/291 418/264/340 413/254/285 
f 419/260/341 412/259/291 411/258/321 
f 419/260/341 418/264/340 412/259/291 
f 414/276/156 408/278/306 420/275/312 
f 420/275/312 415/266/315 414/276/156 
f 421/267/342 411/258/321 415/266/315 
f 421/267/342 422/268/343 411/258/321 
f 411/258/321 422/268/343 419/260/341 
f 423/273/344 415/266/315 420/275/312 
f 423/273/344 421/267/342 415/266/315 
f 424/262/193 417/263/339 418/264/340 
f 416/255/284 417/263/339 424/262/193 
f 425/265/345 418/264/340 419/260/341 
f 418/264/340 425/265/345 424/262/193 
f 419/260/341 426/269/346 425/265/345 
f 422/268/343 426/269/346 419/260/341 
f 424/262/193 425/265/345 426/269/346 
f 427/274/323 421/267/342 423/273/344 
f 427/274/323 422/268/343 421/267/342 
f 428/270/347 422/268/343 427/274/323 
f 428/270/347 426/269/346 422/268/343 
f 429/271/348 426/269/346 428/270/347 
f 426/269/346 429/271/348 424/262/193 
f 427/274/323 430/277/349 428/270/347 
f 430/277/349 429/271/348 428/270/347 
f 423/273/344 431/281/350 427/274/323 
f 431/281/350 430/277/349 427/274/323 
f 432/279/164 423/273/344 420/275/312 
f 433/280/319 431/281/350 423/273/344 
f 433/280/319 423/273/344 432/279/164 
f 434/272/351 429/271/348 430/277/349 
f 424/262/193 429/271/348 434/272/351 
f 424/262/193 435/256/280 416/255/284 
f 436/261/279 435/256/280 424/262/193 
f 435/256/280 436/261/279 404/252/335 
f 404/252/335 416/255/284 435/256/280 
f 404/252/335 436/261/279 409/251/338 
f 432/279/164 437/282/352 438/284/311 
f 420/275/312 437/282/352 432/279/164 
f 437/282/352 439/286/353 438/284/311 
f 420/275/312 408/278/306 437/282/352 
f 408/278/306 440/283/302 437/282/352 
f 437/282/352 440/283/302 441/285/354 
f 441/285/354 439/286/353 437/282/352 
f 441/285/354 399/243/332 439/286/353 
f 266/230/211 441/285/354 440/283/302 
f 399/243/332 441/285/354 266/230/211 
f 395/237/330 266/230/211 440/283/302 
f 408/278/306 395/237/330 440/283/302 
f 213/287/300 214/288/355 399/289/332 
f 399/289/332 214/288/355 442/290/356 
f 214/288/355 215/291/236 442/290/356 
f 442/290/356 443/292/357 399/289/332 
f 399/289/332 443/292/357 439/293/353 
f 439/293/353 443/292/357 438/297/311 
f 443/292/357 442/290/356 444/294/358 
f 443/292/357 444/294/358 445/298/359 
f 438/297/311 443/292/357 445/298/359 
f 442/290/356 446/300/360 444/294/358 
f 442/290/356 215/291/236 447/295/238 
f 447/295/238 446/300/360 442/290/356 
f 215/291/236 216/296/361 447/295/238 
f 438/297/311 445/298/359 432/309/164 
f 445/298/359 444/294/358 448/299/362 
f 448/299/362 444/294/358 449/301/363 
f 449/301/363 444/294/358 446/300/360 
f 432/309/164 445/298/359 450/303/54 
f 450/303/54 445/298/359 451/302/163 
f 451/302/163 445/298/359 448/299/362 
f 452/307/364 448/299/362 449/301/363 
f 451/302/163 448/299/362 452/307/364 
f 446/300/360 447/295/238 453/304/365 
f 449/301/363 446/300/360 454/306/242 
f 454/306/242 446/300/360 453/304/365 
f 455/305/366 453/304/365 447/295/238 
f 447/295/238 216/296/361 455/305/366 
f 456/318/161 449/301/363 454/306/242 
f 452/307/364 449/301/363 456/318/161 
f 450/303/54 457/312/367 432/309/164 
f 451/302/163 457/312/367 450/303/54 
f 458/313/368 457/312/367 451/302/163 
f 452/307/364 458/313/368 451/302/163 
f 216/296/361 217/308/194 455/305/366 
f 459/314/369 458/313/368 452/307/364 
f 456/318/161 459/314/369 452/307/364 
f 460/310/370 453/304/365 455/305/366 
f 453/304/365 460/310/370 454/306/242 
f 454/306/242 460/310/370 461/317/247 
f 454/306/242 461/317/247 456/318/161 
f 458/313/368 462/322/371 457/312/367 
f 459/314/369 462/322/371 458/313/368 
f 460/310/370 455/305/366 463/315/372 
f 455/305/366 217/308/194 253/316/196 
f 253/316/196 464/324/373 455/305/366 
f 455/305/366 464/324/373 463/315/372 
f 465/320/374 460/310/370 463/315/372 
f 461/317/247 460/310/370 465/320/374 
f 456/318/161 461/317/247 466/325/57 
f 461/317/247 465/320/374 466/325/57 
f 467/328/251 463/315/372 464/324/373 
f 465/320/374 463/315/372 467/328/251 
f 468/319/255 459/314/369 456/318/161 
f 468/319/255 469/323/375 459/314/369 
f 469/323/375 462/322/371 459/314/369 
f 464/324/373 253/316/196 256/327/200 
f 464/324/373 256/327/200 467/328/251 
f 466/325/57 465/320/374 470/329/376 
f 470/329/376 465/320/374 471/330/259 
f 471/330/259 465/320/374 467/328/251 
f 470/329/376 472/331/377 466/325/57 
f 471/330/259 472/331/377 470/329/376 
f 467/328/251 256/327/200 257/332/201 
f 471/330/259 467/328/251 262/333/207 
f 262/333/207 467/328/251 257/332/201 
f 473/334/260 472/331/377 471/330/259 
f 262/333/207 473/334/260 471/330/259 
f 466/325/57 472/331/377 474/326/253 
f 466/325/57 474/326/253 456/318/161 
f 456/318/161 474/326/253 468/319/255 
f 474/326/253 475/335/258 468/319/255 
f 468/319/255 475/335/258 476/336/378 
f 476/336/378 469/323/375 468/319/255 
f 472/331/377 475/335/258 474/326/253 
f 473/334/260 477/337/379 472/331/377 
f 477/337/379 475/335/258 472/331/377 
f 476/336/378 478/338/267 469/323/375 
f 475/335/258 478/338/267 476/336/378 
f 391/339/326 473/334/260 262/333/207 
f 479/340/263 477/337/379 473/334/260 
f 391/339/326 400/341/333 473/334/260 
f 473/334/260 400/341/333 479/340/263 
f 477/337/379 480/342/269 475/335/258 
f 479/340/263 480/342/269 477/337/379 
f 481/343/268 478/338/267 475/335/258 
f 475/335/258 480/342/269 481/343/268 
f 482/344/270 480/342/269 479/340/263 
f 400/341/333 409/345/338 479/340/263 
f 479/340/263 409/345/338 482/344/270 
f 480/342/269 483/346/380 481/343/268 
f 482/344/270 483/346/380 480/342/269 
f 484/347/381 483/346/380 482/344/270 
f 409/345/338 484/347/381 482/344/270 
f 481/343/268 485/348/382 478/338/267 
f 481/343/268 483/346/380 486/349/272 
f 486/349/272 485/348/382 481/343/268 
f 424/350/193 486/349/272 483/346/380 
f 483/346/380 484/347/381 424/350/193 
f 485/348/382 486/349/272 424/350/193 
f 436/351/279 484/347/381 409/345/338 
f 424/350/193 484/347/381 436/351/279 
f 478/338/267 485/348/382 487/352/383 
f 487/352/383 485/348/382 488/353/384 
f 424/350/193 488/353/384 485/348/382 
f 487/352/383 488/353/384 489/354/385 
f 489/354/385 488/353/384 490/355/386 
f 490/355/386 488/353/384 424/350/193 
f 489/354/385 490/355/386 491/356/387 
f 491/356/387 490/355/386 492/357/388 
f 424/350/193 492/357/388 490/355/386 
f 434/358/351 492/357/388 424/350/193 
f 492/357/388 434/358/351 491/356/387 
f 489/354/385 491/356/387 462/322/371 
f 487/352/383 489/354/385 469/323/375 
f 469/323/375 489/354/385 462/322/371 
f 469/323/375 478/338/267 487/352/383 
f 491/356/387 434/358/351 430/359/349 
f 431/360/350 491/356/387 430/359/349 
f 462/322/371 491/356/387 493/321/389 
f 493/321/389 491/356/387 431/360/350 
f 457/312/367 462/322/371 493/321/389 
f 433/311/319 493/321/389 431/360/350 
f 457/312/367 493/321/389 433/311/319 
f 432/309/164 457/312/367 433/311/319 
f 162/1/1 160/2/1 164/3/1 
f 157/4/1 164/3/1 160/2/1 
f 142/5/1 164/3/1 157/4/1 
f 155/7/1 142/5/1 157/4/1 
f 129/6/1 142/5/1 155/7/1 
f 129/6/1 155/7/1 123/8/1 
f 149/1/1 147/3/1 151/2/1 
f 145/5/1 151/2/1 147/3/1 
f 153/4/1 151/2/1 145/5/1 
f 153/4/1 145/5/1 155/7/1 
f 155/7/1 145/5/1 122/6/1 
f 155/7/1 122/6/1 123/8/1 
f 494/336/350 385/323/323 381/319/319 
f 388/326/325 495/335/390 381/319/319 
f 381/319/319 495/335/390 494/336/350 
f 382/320/320 386/324/324 496/328/391 
f 386/324/324 294/327/241 496/328/391 
f 387/325/54 382/320/320 497/329/392 
f 497/329/392 382/320/320 498/330/364 
f 498/330/364 382/320/320 496/328/391 
f 387/325/54 499/331/393 388/326/325 
f 497/329/392 499/331/393 387/325/54 
f 499/331/393 495/335/390 388/326/325 
f 384/322/322 500/354/343 383/321/321 
f 385/323/323 501/352/394 384/322/322 
f 384/322/322 501/352/394 500/354/343 
f 385/323/323 502/338/395 501/352/394 
f 494/336/350 502/338/395 385/323/323 
f 495/335/390 502/338/395 494/336/350 
f 498/330/364 499/331/393 497/329/392 
f 496/328/391 294/327/241 295/332/242 
f 301/333/161 496/328/391 295/332/242 
f 498/330/364 496/328/391 301/333/161 
f 503/334/396 499/331/393 498/330/364 
f 301/333/161 503/334/396 498/330/364 
f 501/352/394 504/353/397 500/354/343 
f 502/338/395 504/353/397 501/352/394 
f 505/337/371 495/335/390 499/331/393 
f 503/334/396 506/340/375 499/331/393 
f 499/331/393 506/340/375 505/337/371 
f 505/337/371 507/342/398 495/335/390 
f 506/340/375 507/342/398 505/337/371 
f 309/339/255 503/334/396 301/333/161 
f 503/334/396 319/341/264 506/340/375 
f 309/339/255 319/341/264 503/334/396 
f 508/344/399 507/342/398 506/340/375 
f 319/341/264 508/344/399 506/340/375 
f 500/354/343 504/353/397 509/355/400 
f 509/355/400 504/353/397 335/350/193 
f 335/350/193 504/353/397 510/348/351 
f 510/348/351 504/353/397 502/338/395 
f 502/338/395 511/349/401 510/348/351 
f 510/348/351 511/349/401 335/350/193 
f 324/345/267 508/344/399 319/341/264 
f 508/344/399 512/347/402 507/342/398 
f 324/345/267 512/347/402 508/344/399 
f 507/342/398 512/347/402 513/346/386 
f 513/346/386 512/347/402 335/350/193 
f 335/350/193 512/347/402 334/351/277 
f 334/351/277 512/347/402 324/345/267 
f 513/346/386 511/349/401 507/342/398 
f 335/350/193 511/349/401 513/346/386 
f 507/342/398 511/349/401 514/343/403 
f 495/335/390 507/342/398 514/343/403 
f 514/343/403 502/338/395 495/335/390 
f 514/343/403 511/349/401 502/338/395 
f 335/350/193 515/357/345 509/355/400 
f 345/358/287 515/357/345 335/350/193 
f 515/357/345 345/358/287 516/356/341 
f 516/356/341 509/355/400 515/357/345 
f 516/356/341 345/358/287 350/359/291 
f 354/360/294 516/356/341 350/359/291 
f 383/321/321 516/356/341 354/360/294 
f 353/311/293 383/321/321 354/360/294 
f 383/321/321 500/354/343 516/356/341 
f 500/354/343 509/355/400 516/356/341 
f 47/1/1 45/2/1 49/3/1 
f 49/3/1 45/2/1 27/5/1 
f 27/5/1 45/2/1 43/4/1 
f 40/7/1 27/5/1 43/4/1 
f 14/6/1 27/5/1 40/7/1 
f 14/6/1 40/7/1 8/8/1 
f 34/1/1 32/3/1 36/2/1 
f 30/5/1 36/2/1 32/3/1 
f 38/4/1 36/2/1 30/5/1 
f 38/4/1 30/5/1 40/7/1 
f 40/7/1 30/5/1 6/6/1 
f 40/7/1 6/6/1 8/8/1 
f 29/361/404 517/362/405 15/363/406 
f 31/364/407 517/362/405 29/361/404 
f 15/363/406 517/362/405 518/365/408 
f 519/366/409 518/365/408 517/362/405 
f 519/366/409 517/362/405 31/364/407 
f 15/363/406 518/365/408 16/367/410 
f 518/365/408 520/368/411 16/367/410 
f 520/368/411 518/365/408 519/366/409 
f 33/369/412 519/366/409 31/364/407 
f 33/369/412 521/370/413 519/366/409 
f 520/368/411 519/366/409 522/371/414 
f 522/371/414 519/366/409 521/370/413 
f 16/367/410 520/368/411 17/372/415 
f 18/373/416 520/368/411 522/371/414 
f 17/372/415 520/368/411 18/373/416 
f 35/374/417 521/370/413 33/369/412 
f 37/375/418 521/370/413 35/374/417 
f 523/376/419 522/371/414 521/370/413 
f 523/376/419 521/370/413 37/375/418 
f 522/371/414 19/377/420 18/373/416 
f 522/371/414 524/378/421 19/377/420 
f 524/378/421 522/371/414 523/376/419 
f 523/376/419 37/375/418 39/379/422 
f 39/379/422 525/380/423 523/376/419 
f 524/378/421 523/376/419 526/381/424 
f 526/381/424 523/376/419 525/380/423 
f 19/377/420 524/378/421 20/382/425 
f 21/383/426 524/378/421 526/381/424 
f 20/382/425 524/378/421 21/383/426 
f 41/384/427 525/380/423 39/379/422 
f 42/385/428 525/380/423 41/384/427 
f 525/380/423 527/386/429 526/381/424 
f 527/386/429 525/380/423 42/385/428 
f 526/381/424 22/387/430 21/383/426 
f 526/381/424 527/386/429 528/388/431 
f 526/381/424 528/388/431 22/387/430 
f 44/389/432 527/386/429 42/385/428 
f 44/389/432 529/390/433 527/386/429 
f 529/390/433 530/391/434 527/386/429 
f 527/386/429 530/391/434 528/388/431 
f 22/387/430 528/388/431 23/392/435 
f 24/393/436 528/388/431 530/391/434 
f 23/392/435 528/388/431 24/393/436 
f 46/394/437 529/390/433 44/389/432 
f 48/395/438 529/390/433 46/394/437 
f 529/390/433 531/396/439 530/391/434 
f 531/396/439 529/390/433 48/395/438 
f 24/393/436 530/391/434 25/397/440 
f 530/391/434 532/398/441 25/397/440 
f 530/391/434 531/396/439 532/398/441 
f 531/396/439 48/395/438 28/399/442 
f 28/399/442 532/398/441 531/396/439 
f 25/397/440 532/398/441 26/400/443 
f 26/400/443 532/398/441 28/399/442 
f 144/361/444 533/362/445 130/363/446 
f 146/364/428 533/362/445 144/361/444 
f 130/363/446 533/362/445 534/365/447 
f 535/366/448 534/365/447 533/362/445 
f 535/366/448 533/362/445 146/364/428 
f 130/363/446 534/365/447 131/367/418 
f 534/365/447 536/368/449 131/367/418 
f 536/368/449 534/365/447 535/366/448 
f 148/369/432 535/366/448 146/364/428 
f 148/369/432 537/370/450 535/366/448 
f 536/368/449 535/366/448 538/371/451 
f 538/371/451 535/366/448 537/370/450 
f 131/367/418 536/368/449 132/372/417 
f 133/373/452 536/368/449 538/371/451 
f 132/372/417 536/368/449 133/373/452 
f 150/374/437 537/370/450 148/369/432 
f 152/375/438 537/370/450 150/374/437 
f 539/376/453 538/371/451 537/370/450 
f 539/376/453 537/370/450 152/375/438 
f 538/371/451 134/377/454 133/373/452 
f 538/371/451 540/378/455 134/377/454 
f 540/378/455 538/371/451 539/376/453 
f 539/376/453 152/375/438 154/379/456 
f 154/379/456 541/380/457 539/376/453 
f 541/380/457 542/381/458 539/376/453 
f 539/376/453 542/381/458 540/378/455 
f 134/377/454 540/378/455 135/382/459 
f 136/383/406 540/378/455 542/381/458 
f 135/382/459 540/378/455 136/383/406 
f 156/384/443 541/380/457 154/379/456 
f 158/385/460 541/380/457 156/384/443 
f 541/380/457 543/386/461 542/381/458 
f 543/386/461 541/380/457 158/385/460 
f 542/381/458 137/387/410 136/383/406 
f 542/381/458 543/386/461 544/388/462 
f 542/381/458 544/388/462 137/387/410 
f 159/389/463 543/386/461 158/385/460 
f 159/389/463 545/390/464 543/386/461 
f 545/390/464 546/391/465 543/386/461 
f 543/386/461 546/391/465 544/388/462 
f 137/387/410 544/388/462 138/392/466 
f 139/393/467 544/388/462 546/391/465 
f 138/392/466 544/388/462 139/393/467 
f 161/394/435 545/390/464 159/389/463 
f 163/395/430 545/390/464 161/394/435 
f 545/390/464 547/396/468 546/391/465 
f 547/396/468 545/390/464 163/395/430 
f 139/393/467 546/391/465 140/397/469 
f 546/391/465 548/398/470 140/397/469 
f 546/391/465 547/396/468 548/398/470 
f 547/396/468 163/395/430 143/399/471 
f 143/399/471 548/398/470 547/396/468 
f 140/397/469 548/398/470 141/400/472 
f 141/400/472 548/398/470 143/399/471 
f 549/401/473 550/402/474 551/403/475 
f 551/403/475 550/402/474 552/404/476 
f 550/402/474 553/405/477 552/404/476 
f 554/406/478 553/405/477 550/402/474 
f 555/407/479 551/403/475 552/404/476 
f 552/404/476 553/405/477 555/407/479 
f 556/408/480 551/403/475 555/407/479 
f 554/406/478 557/409/481 553/405/477 
f 555/407/479 558/410/482 556/408/480 
f 559/411/483 558/410/482 555/407/479 
f 555/407/479 553/405/477 560/412/484 
f 555/407/479 560/412/484 559/411/483 
f 553/405/477 561/413/485 560/412/484 
f 553/405/477 557/409/481 562/414/486 
f 562/414/486 561/413/485 553/405/477 
f 559/411/483 563/415/487 558/410/482 
f 559/411/483 564/416/488 563/415/487 
f 559/411/483 560/412/484 564/416/488 
f 560/412/484 565/417/489 564/416/488 
f 561/413/485 565/417/489 560/412/484 
f 558/410/482 563/415/487 566/418/490 
f 565/417/489 567/419/491 564/416/488 
f 564/416/488 567/419/491 568/420/492 
f 563/415/487 564/416/488 568/420/492 
f 569/421/493 566/418/490 563/415/487 
f 568/420/492 570/422/494 563/415/487 
f 563/415/487 570/422/494 569/421/493 
f 568/420/492 567/419/491 570/422/494 
f 571/423/495 566/418/490 569/421/493 
f 570/422/494 567/419/491 572/424/496 
f 569/421/493 573/425/497 571/423/495 
f 569/421/493 570/422/494 574/426/498 
f 574/426/498 573/425/497 569/421/493 
f 572/424/496 575/427/499 570/422/494 
f 570/422/494 575/427/499 576/428/500 
f 574/426/498 570/422/494 576/428/500 
f 577/429/501 573/425/497 574/426/498 
f 574/426/498 576/428/500 577/429/501 
f 578/430/502 573/425/497 577/429/501 
f 575/427/499 579/431/503 576/428/500 
f 576/428/500 579/431/503 580/432/504 
f 577/429/501 576/428/500 580/432/504 
f 550/433/474 578/430/502 577/429/501 
f 577/429/501 580/432/504 550/433/474 
f 549/434/473 578/430/502 550/433/474 
f 579/431/503 557/435/481 580/432/504 
f 580/432/504 557/435/481 554/436/478 
f 550/433/474 580/432/504 554/436/478 
f 581/437/505 582/438/506 583/439/507 
f 583/439/507 582/438/506 584/440/506 
f 585/441/508 581/442/508 583/443/509 
f 586/444/509 581/442/508 585/441/508 
f 587/445/510 588/446/511 589/447/512 
f 589/447/512 588/446/511 590/448/513 
f 590/448/513 588/446/511 591/449/514 
f 591/449/514 588/446/511 592/450/515 
f 591/449/514 592/450/515 593/451/516 
f 593/451/516 592/450/515 594/452/517 
f 594/452/517 595/453/518 593/451/516 
f 593/451/516 595/453/518 596/454/519 
f 595/453/518 597/455/520 596/454/519 
f 598/456/521 597/455/520 595/453/518 
f 598/456/521 599/457/522 597/455/520 
f 600/458/522 599/457/522 598/456/521 
f 600/458/522 601/459/523 599/457/522 
f 602/460/524 601/459/523 600/458/522 
f 602/460/524 603/461/525 601/459/523 
f 601/459/523 603/461/525 604/462/526 
f 583/463/527 584/464/528 585/465/527 
f 585/465/527 584/464/528 587/466/529 
f 587/466/529 584/464/528 588/467/530 
f 588/467/530 584/464/528 605/468/531 
f 605/468/531 606/469/532 588/467/530 
f 588/467/530 606/469/532 592/470/533 
f 606/469/532 607/471/534 592/470/533 
f 592/470/533 607/471/534 594/472/535 
f 607/471/534 608/473/536 594/472/535 
f 594/472/535 608/473/536 595/474/536 
f 608/473/536 609/475/537 595/474/536 
f 595/474/536 609/475/537 598/476/538 
f 598/476/538 609/475/537 600/477/539 
f 600/477/539 609/475/537 610/478/540 
f 600/477/539 610/478/540 602/479/541 
f 602/479/541 610/478/540 611/480/542 
f 602/479/541 611/480/542 603/481/543 
f 603/481/543 611/480/542 612/482/544 
f 613/483/545 584/484/546 582/485/546 
f 605/486/547 584/484/546 613/483/545 
f 614/487/548 605/486/547 613/483/545 
f 606/488/549 605/486/547 614/487/548 
f 615/489/550 606/488/549 614/487/548 
f 607/490/550 606/488/549 615/489/550 
f 615/489/550 616/491/551 607/490/550 
f 607/490/550 616/491/551 608/492/552 
f 616/491/551 609/493/553 608/492/552 
f 617/494/553 609/493/553 616/491/551 
f 617/494/553 618/495/554 609/493/553 
f 609/493/553 618/495/554 610/496/554 
f 618/495/554 619/497/555 610/496/554 
f 610/496/554 619/497/555 611/498/555 
f 619/497/555 612/499/556 611/498/555 
f 620/500/556 612/499/556 619/497/555 
f 590/501/557 582/502/558 589/503/558 
f 613/504/559 582/502/558 590/501/557 
f 590/501/557 614/505/560 613/504/559 
f 591/506/561 614/505/560 590/501/557 
f 591/506/561 615/507/562 614/505/560 
f 593/508/563 615/507/562 591/506/561 
f 593/508/563 616/509/564 615/507/562 
f 596/510/565 616/509/564 593/508/563 
f 596/510/565 617/511/566 616/509/564 
f 597/512/567 617/511/566 596/510/565 
f 599/513/568 617/511/566 597/512/567 
f 618/514/569 617/511/566 599/513/568 
f 601/515/570 618/514/569 599/513/568 
f 619/516/571 618/514/569 601/515/570 
f 604/517/572 619/516/571 601/515/570 
f 620/518/572 619/516/571 604/517/572 
f 589/503/573 582/502/573 586/519/574 
f 586/519/574 582/502/573 581/520/573 
f 621/521/575 622/522/576 623/523/577 
f 621/521/575 623/523/577 624/524/578 
f 625/525/579 626/526/580 627/527/581 
f 628/528/582 626/526/580 625/525/579 
f 629/529/583 626/526/580 628/528/582 
f 630/530/584 631/531/585 629/529/583 
f 631/531/585 626/526/580 629/529/583 
f 624/532/578 632/533/586 630/530/584 
f 632/533/586 631/531/585 630/530/584 
f 624/524/578 623/523/577 633/534/587 
f 633/535/587 632/533/586 624/532/578 
f 634/536/588 635/537/589 636/538/590 
f 636/538/590 635/537/589 637/539/591 
f 636/538/590 637/539/591 638/540/592 
f 638/540/592 637/539/591 639/541/593 
f 638/540/592 639/541/593 640/542/594 
f 640/542/594 639/541/593 641/543/595 
f 640/542/594 641/543/595 642/544/596 
f 643/545/597 644/546/598 645/547/599 
f 643/545/597 646/548/600 644/546/598 
f 646/548/600 647/549/601 644/546/598 
f 648/550/602 646/548/600 643/545/597 
f 648/550/602 649/551/603 646/548/600 
f 649/551/603 650/552/604 646/548/600 
f 646/548/600 650/552/604 647/549/601 
f 651/553/605 649/551/603 648/550/602 
f 652/554/606 649/551/603 651/553/605 
f 653/555/607 650/552/604 649/551/603 
f 653/555/607 649/551/603 652/554/606 
f 654/556/608 653/555/607 652/554/606 
f 566/557/609 571/558/610 558/559/611 
f 558/559/611 571/558/610 573/560/612 
f 558/559/611 573/560/612 556/561/610 
f 556/561/610 573/560/612 578/562/613 
f 578/562/613 551/563/614 556/561/610 
f 549/564/611 551/563/614 578/562/613 
f 655/437/615 656/438/616 657/439/615 
f 657/439/615 656/438/616 658/440/616 
f 659/441/617 655/442/618 657/443/618 
f 660/444/619 655/442/618 659/441/617 
f 661/445/620 662/446/621 663/447/622 
f 663/447/622 662/446/621 664/448/623 
f 664/448/623 662/446/621 665/449/624 
f 665/449/624 662/446/621 666/450/625 
f 665/449/624 666/450/625 667/451/626 
f 667/451/626 666/450/625 668/452/626 
f 668/452/626 669/453/627 667/451/626 
f 667/451/626 669/453/627 670/454/628 
f 669/453/627 671/455/629 670/454/628 
f 672/456/630 671/455/629 669/453/627 
f 672/456/630 673/457/631 671/455/629 
f 674/458/631 673/457/631 672/456/630 
f 674/458/631 675/459/632 673/457/631 
f 676/460/633 675/459/632 674/458/631 
f 676/460/633 677/461/634 675/459/632 
f 675/459/632 677/461/634 678/462/635 
f 636/565/590 679/566/636 634/567/588 
f 680/568/637 679/566/636 636/565/590 
f 680/568/637 681/569/638 679/566/636 
f 636/565/590 682/570/639 680/568/637 
f 638/571/592 682/570/639 636/565/590 
f 683/572/640 681/569/638 680/568/637 
f 682/570/639 684/573/641 680/568/637 
f 680/568/637 684/573/641 683/572/640 
f 683/572/640 685/574/642 681/569/638 
f 640/575/594 682/570/639 638/571/592 
f 686/576/643 682/570/639 640/575/594 
f 686/576/643 687/577/644 682/570/639 
f 682/570/639 687/577/644 684/573/641 
f 688/578/645 685/574/642 683/572/640 
f 684/573/641 689/579/646 683/572/640 
f 683/572/640 689/579/646 688/578/645 
f 684/573/641 690/580/647 689/579/646 
f 687/577/644 690/580/647 684/573/641 
f 691/581/648 685/574/642 688/578/645 
f 688/578/645 689/579/646 691/581/648 
f 691/581/648 689/579/646 692/582/649 
f 689/579/646 690/580/647 692/582/649 
f 693/583/650 685/574/642 691/581/648 
f 642/584/596 686/576/643 640/575/594 
f 694/585/651 686/576/643 642/584/596 
f 694/585/651 687/577/644 686/576/643 
f 695/586/652 690/580/647 687/577/644 
f 695/586/652 687/577/644 694/585/651 
f 696/587/653 693/583/650 691/581/648 
f 691/581/648 692/582/649 696/587/653 
f 696/587/653 692/582/649 697/588/654 
f 692/582/649 698/589/655 697/588/654 
f 692/582/649 690/580/647 698/589/655 
f 699/590/656 690/580/647 695/586/652 
f 698/589/655 690/580/647 700/591/657 
f 700/591/657 690/580/647 699/590/656 
f 701/592/658 693/583/650 696/587/653 
f 637/539/591 701/592/658 696/587/653 
f 696/587/653 697/588/654 637/539/591 
f 645/547/599 694/585/651 642/584/596 
f 702/593/659 694/585/651 645/547/599 
f 702/593/659 695/586/652 694/585/651 
f 703/594/660 699/590/656 695/586/652 
f 703/594/660 695/586/652 702/593/659 
f 697/588/654 698/589/655 704/595/661 
f 704/595/661 698/589/655 705/596/662 
f 705/596/662 698/589/655 700/591/657 
f 641/543/595 697/588/654 704/595/661 
f 637/539/591 697/588/654 639/541/593 
f 639/541/593 697/588/654 641/543/595 
f 706/597/663 699/590/656 703/594/660 
f 700/591/657 699/590/656 707/598/664 
f 707/598/664 699/590/656 706/597/663 
f 708/599/665 700/591/657 707/598/664 
f 705/596/662 700/591/657 708/599/665 
f 709/600/666 704/595/661 705/596/662 
f 641/543/595 704/595/661 709/600/666 
f 635/537/589 701/592/658 637/539/591 
f 710/601/667 705/596/662 708/599/665 
f 709/600/666 705/596/662 710/601/667 
f 645/547/599 644/546/598 702/593/659 
f 644/546/598 711/602/668 702/593/659 
f 702/593/659 711/602/668 703/594/660 
f 703/594/660 712/603/669 706/597/663 
f 711/602/668 712/603/669 703/594/660 
f 706/597/663 712/603/669 707/598/664 
f 707/598/664 713/604/670 708/599/665 
f 707/598/664 712/603/669 713/604/670 
f 708/599/665 713/604/670 714/605/671 
f 708/599/665 714/605/671 710/601/667 
f 642/544/596 641/543/595 709/600/666 
f 642/544/596 709/600/666 645/606/599 
f 645/606/599 709/600/666 710/601/667 
f 710/601/667 714/605/671 715/607/672 
f 710/601/667 715/607/672 645/606/599 
f 711/602/668 716/608/673 712/603/669 
f 712/603/669 716/608/673 713/604/670 
f 647/549/601 716/608/673 711/602/668 
f 644/546/598 647/549/601 711/602/668 
f 713/604/670 717/609/674 714/605/671 
f 713/604/670 716/608/673 717/609/674 
f 714/605/671 718/610/675 715/607/672 
f 714/605/671 717/609/674 718/610/675 
f 647/549/601 719/611/676 716/608/673 
f 716/608/673 719/611/676 717/609/674 
f 717/609/674 720/612/677 718/610/675 
f 717/609/674 719/611/676 720/612/677 
f 645/606/599 715/607/672 643/613/597 
f 715/607/672 718/610/675 721/614/678 
f 715/607/672 721/614/678 643/613/597 
f 718/610/675 720/612/677 722/615/679 
f 718/610/675 722/615/679 721/614/678 
f 722/615/679 720/612/677 723/616/680 
f 723/616/680 720/612/677 724/617/681 
f 720/612/677 719/611/676 724/617/681 
f 643/613/597 721/614/678 648/618/602 
f 721/614/678 722/615/679 725/619/682 
f 721/614/678 725/619/682 648/618/602 
f 726/620/683 722/615/679 723/616/680 
f 725/619/682 722/615/679 726/620/683 
f 650/552/604 719/611/676 647/549/601 
f 727/621/684 719/611/676 650/552/604 
f 724/617/681 719/611/676 728/622/685 
f 728/622/685 719/611/676 727/621/684 
f 723/616/680 724/617/681 729/623/686 
f 726/620/683 723/616/680 730/624/687 
f 730/624/687 723/616/680 729/623/686 
f 729/623/686 724/617/681 731/625/688 
f 724/617/681 728/622/685 731/625/688 
f 648/618/602 725/619/682 651/626/605 
f 652/627/606 725/619/682 726/620/683 
f 651/626/605 725/619/682 652/627/606 
f 654/628/608 726/620/683 730/624/687 
f 652/627/606 726/620/683 654/628/608 
f 732/629/689 728/622/685 727/621/684 
f 731/625/688 728/622/685 733/630/690 
f 733/630/690 728/622/685 732/629/689 
f 727/621/684 650/552/604 653/555/607 
f 732/629/689 727/621/684 734/631/691 
f 734/631/691 727/621/684 653/555/607 
f 729/623/686 735/632/692 730/624/687 
f 731/625/688 736/633/693 729/623/686 
f 729/623/686 736/633/693 735/632/692 
f 730/624/687 735/632/692 737/634/694 
f 730/624/687 737/634/694 654/628/608 
f 731/625/688 738/635/695 736/633/693 
f 733/630/690 738/635/695 731/625/688 
f 732/629/689 738/635/695 733/630/690 
f 734/631/691 739/636/696 732/629/689 
f 739/636/696 738/635/695 732/629/689 
f 654/628/608 737/634/694 740/637/697 
f 739/636/696 741/638/698 738/635/695 
f 738/635/695 741/638/698 736/633/693 
f 736/633/693 742/639/699 735/632/692 
f 736/633/693 741/638/698 742/639/699 
f 735/632/692 742/639/699 743/640/700 
f 735/632/692 743/640/700 737/634/694 
f 737/634/694 743/640/700 744/641/701 
f 737/634/694 744/641/701 740/637/697 
f 734/631/691 653/555/607 654/556/608 
f 654/556/608 745/642/702 734/631/691 
f 745/642/702 739/636/696 734/631/691 
f 746/643/703 741/638/698 739/636/696 
f 745/642/702 746/643/703 739/636/696 
f 740/637/697 744/641/701 747/644/704 
f 743/640/700 742/639/699 748/645/705 
f 748/645/705 742/639/699 749/646/706 
f 742/639/699 741/638/698 749/646/706 
f 750/647/707 743/640/700 748/645/705 
f 744/641/701 743/640/700 750/647/707 
f 751/648/708 744/641/701 750/647/707 
f 747/644/704 744/641/701 751/648/708 
f 752/649/709 741/638/698 746/643/703 
f 749/646/706 741/638/698 753/650/710 
f 753/650/710 741/638/698 752/649/709 
f 740/651/697 745/642/702 654/556/608 
f 754/652/711 746/643/703 745/642/702 
f 740/651/697 754/652/711 745/642/702 
f 755/653/712 746/643/703 754/652/711 
f 752/649/709 746/643/703 755/653/712 
f 748/645/705 749/646/706 756/654/713 
f 750/647/707 748/645/705 621/521/575 
f 621/521/575 748/645/705 756/654/713 
f 756/654/713 749/646/706 625/525/579 
f 749/646/706 753/650/710 625/525/579 
f 624/524/578 750/647/707 621/521/575 
f 751/648/708 750/647/707 624/524/578 
f 629/529/583 753/650/710 752/649/709 
f 629/529/583 752/649/709 630/530/584 
f 630/530/584 752/649/709 755/653/712 
f 628/528/582 753/650/710 629/529/583 
f 625/525/579 753/650/710 628/528/582 
f 747/655/704 754/652/711 740/651/697 
f 751/656/708 754/652/711 747/655/704 
f 755/653/712 754/652/711 751/656/708 
f 624/532/578 755/653/712 751/656/708 
f 630/530/584 755/653/712 624/532/578 
f 756/654/713 622/522/576 621/521/575 
f 625/525/579 627/527/581 756/654/713 
f 756/654/713 627/527/581 622/522/576 
f 657/463/714 658/464/715 659/465/716 
f 659/465/716 658/464/715 661/466/717 
f 661/466/717 658/464/715 662/467/718 
f 662/467/718 658/464/715 757/468/719 
f 757/468/719 758/469/720 662/467/718 
f 662/467/718 758/469/720 666/470/721 
f 758/469/720 759/471/722 666/470/721 
f 666/470/721 759/471/722 668/472/723 
f 759/471/722 760/473/724 668/472/723 
f 668/472/723 760/473/724 669/474/725 
f 760/473/724 761/475/726 669/474/725 
f 669/474/725 761/475/726 672/476/727 
f 672/476/727 761/475/726 674/477/728 
f 674/477/728 761/475/726 762/478/729 
f 674/477/728 762/478/729 676/479/730 
f 676/479/730 762/478/729 763/480/731 
f 676/479/730 763/480/731 677/481/732 
f 677/481/732 763/480/731 764/482/733 
f 765/483/734 658/484/735 656/485/736 
f 757/486/734 658/484/735 765/483/734 
f 766/487/737 757/486/734 765/483/734 
f 758/488/738 757/486/734 766/487/737 
f 767/489/739 758/488/738 766/487/737 
f 759/490/740 758/488/738 767/489/739 
f 767/489/739 768/491/741 759/490/740 
f 759/490/740 768/491/741 760/492/742 
f 768/491/741 761/493/743 760/492/742 
f 769/494/744 761/493/743 768/491/741 
f 769/494/744 770/495/745 761/493/743 
f 761/493/743 770/495/745 762/496/746 
f 770/495/745 771/497/747 762/496/746 
f 762/496/746 771/497/747 763/498/747 
f 771/497/747 764/499/748 763/498/747 
f 772/500/748 764/499/748 771/497/747 
f 664/501/749 656/502/750 663/503/750 
f 765/504/751 656/502/750 664/501/749 
f 664/501/749 766/505/752 765/504/751 
f 665/506/752 766/505/752 664/501/749 
f 665/506/752 767/507/753 766/505/752 
f 667/508/754 767/507/753 665/506/752 
f 667/508/754 768/509/755 767/507/753 
f 670/510/756 768/509/755 667/508/754 
f 670/510/756 769/511/757 768/509/755 
f 671/512/758 769/511/757 670/510/756 
f 673/513/759 769/511/757 671/512/758 
f 770/514/760 769/511/757 673/513/759 
f 675/515/761 770/514/760 673/513/759 
f 771/516/762 770/514/760 675/515/761 
f 678/517/763 771/516/762 675/515/761 
f 772/518/763 771/516/762 678/517/763 
f 663/503/764 656/502/765 660/519/764 
f 660/519/764 656/502/765 655/520/764 
f 773/557/766 774/558/767 775/559/766 
f 775/559/766 774/558/767 776/560/767 
f 775/559/766 776/560/767 777/561/768 
f 777/561/768 776/560/767 778/562/767 
f 778/562/767 779/563/768 777/561/768 
f 780/564/768 779/563/768 778/562/767 
f 585/657/769 565/658/507 561/659/506 
f 585/657/769 567/660/506 565/658/507 
f 562/661/507 585/657/769 561/659/506 
f 586/662/507 585/657/769 562/661/507 
f 587/663/507 567/660/506 585/657/769 
f 587/663/507 572/664/507 567/660/506 
f 586/662/507 562/661/507 557/665/506 
f 572/664/507 587/663/507 575/666/505 
f 575/666/505 587/663/507 589/667/506 
f 586/662/507 579/668/506 589/667/506 
f 557/665/506 579/668/506 586/662/507 
f 589/667/506 579/668/506 575/666/505 
f 781/407/770 775/410/771 777/408/772 
f 777/408/772 779/403/773 781/407/770 
f 782/411/774 775/410/771 781/407/770 
f 782/411/774 773/418/775 775/410/771 
f 781/407/770 779/403/773 783/404/776 
f 783/404/776 784/405/777 781/407/770 
f 781/407/770 784/405/777 785/412/778 
f 781/407/770 785/412/778 782/411/774 
f 780/401/779 783/404/776 779/403/773 
f 786/402/780 783/404/776 780/401/779 
f 786/402/780 784/405/777 783/404/776 
f 787/415/781 773/418/775 782/411/774 
f 782/411/774 788/416/782 787/415/781 
f 782/411/774 785/412/778 788/416/782 
f 785/412/778 789/417/783 788/416/782 
f 784/405/777 790/413/784 785/412/778 
f 790/413/784 789/417/783 785/412/778 
f 791/421/785 773/418/775 787/415/781 
f 774/423/786 773/418/775 791/421/785 
f 792/406/787 784/405/777 786/402/780 
f 793/414/788 790/413/784 784/405/777 
f 792/406/787 794/409/789 784/405/777 
f 784/405/777 794/409/789 793/414/788 
f 787/415/781 795/422/790 791/421/785 
f 787/415/781 788/416/782 796/420/791 
f 796/420/791 795/422/790 787/415/781 
f 788/416/782 797/419/792 796/420/791 
f 789/417/783 797/419/792 788/416/782 
f 796/420/791 797/419/792 795/422/790 
f 791/421/785 776/425/793 774/423/786 
f 791/421/785 795/422/790 798/426/794 
f 798/426/794 776/425/793 791/421/785 
f 795/422/790 797/419/792 799/424/795 
f 799/424/795 800/427/796 795/422/790 
f 795/422/790 800/427/796 801/428/797 
f 798/426/794 795/422/790 801/428/797 
f 798/426/794 802/429/798 776/425/793 
f 798/426/794 801/428/797 802/429/798 
f 776/425/793 802/429/798 778/430/799 
f 800/427/796 803/431/800 801/428/797 
f 801/428/797 803/431/800 804/432/801 
f 802/429/798 801/428/797 804/432/801 
f 778/430/799 802/429/798 780/434/779 
f 780/434/779 802/429/798 786/433/780 
f 802/429/798 804/432/801 786/433/780 
f 803/431/800 794/435/789 804/432/801 
f 804/432/801 794/435/789 792/436/787 
f 786/433/780 804/432/801 792/436/787 
f 659/657/802 789/658/802 790/659/803 
f 659/657/802 797/660/803 789/658/802 
f 793/661/616 659/657/802 790/659/803 
f 660/662/616 659/657/802 793/661/616 
f 661/663/615 797/660/803 659/657/802 
f 661/663/615 799/664/615 797/660/803 
f 660/662/616 793/661/616 794/665/802 
f 799/664/615 661/663/615 800/666/615 
f 800/666/615 661/663/615 663/667/616 
f 660/662/616 803/668/803 663/667/616 
f 794/665/802 803/668/803 660/662/616 
f 663/667/616 803/668/803 800/666/615 
# 0 polygons - 1518 triangles

