mtllib scene.mtl
o defaultMaterial
usemtl T_wet_floor_sign_open_1001
v 8.45105802975464 86.96724286913559 -6.7107297554151675
v -8.441542029754638 86.96724286913559 -6.7107297554151675
v -8.031541794912338 87.88029262954798 -6.0540377000765115
v 8.041057794912339 87.88029262954798 -6.0540377000765115
v -21.827942073719026 96.47648921021354 -0.9253208614443107
v -21.44554251469803 100.07977735471724 0.04017754495338899
v -21.44564235247803 100.47063023433572 -1.4246767657993846
v -21.82844126261902 96.8641525087743 -2.3910298180940632
v -16.00944244898987 108.1943677292866 0.6448930115119946
v -16.00944244898987 107.80197187543801 2.1093338834554007
v 16.018958448989867 107.80197187543801 2.1093338834554007
v 16.018958448989867 108.1943677292866 0.6448930115119946
v -22.15234184302521 93.24517875986082 -1.7911481184597253
v -22.15294235982132 93.12174223859456 -1.353276038859887
v -21.828241587059022 96.35527503242797 -0.48685330654441294
v -21.44564235247803 99.96088339564334 0.47926680074946226
v -26.7582430843277 0.6687313739645078 -26.125992257136275
v -26.7582430843277 0.7864681023658344 -26.565391592039376
v -23.0958416465683 0.9447834475429986 -26.522971111814947
v -23.0958416465683 0.8270467191416719 -26.083571776911846
v -30.239041090385438 0.8270467191416719 -26.083571776911846
v -30.239041090385438 0.9447834475429986 -26.522971111814947
v -16.00944244898987 107.6242306349562 3.0141599721523864
v -19.382342636959077 106.24876104764842 1.6931521852700993
v -19.382342636959077 106.13111643711157 2.1325762030871918
v -22.397041261569978 90.7824537118263 -2.4510334825819253
v -22.56924206055832 89.04803552986458 -2.9157695579539666
v -22.569842577354432 88.92421326504079 -2.478000838056472
v -22.39764177836609 90.65834357867602 -2.0133418967906547
v -22.8704422120018 86.01570542416277 -3.7282801780642867
v -23.183341265098573 82.86610927697346 -4.572212147686573
v -23.183841944114686 82.74238488738068 -4.134417202192958
v -22.871042728797914 85.89236677812754 -3.2903818728683323
v -22.767141402141572 87.05571611418165 -3.4496100790933095
v -22.767642081157685 86.93276321170394 -3.0116084141950115
v 21.83775758705902 96.35527503242797 -0.48685330654441294
v 21.837458073719024 96.47648921021354 -0.9253208614443107
v 21.455058514698027 100.07977735471724 0.04017754495338899
v 21.455158352478026 99.96088339564334 0.47926680074946226
v 22.16245835982132 93.12174223859456 -1.353276038859887
v 22.161857843025206 93.24517875986082 -1.7911481184597253
v 26.767759084327697 0.7864681023658344 -26.565391592039376
v 30.248557090385436 0.9447834475429986 -26.522971111814947
v 30.248557090385436 0.8270467191416719 -26.083571776911846
v 26.767759084327697 0.6687313739645078 -26.125992257136275
v 23.105357646568297 0.9447834475429986 -26.522971111814947
v 23.105357646568297 0.8270467191416719 -26.083571776911846
v 19.391858636959075 106.24876104764842 1.6931521852700993
v 16.018958448989867 107.6242306349562 3.0141599721523864
v 19.391858636959075 106.13111643711157 2.1325762030871918
v 22.407157778366088 90.65834357867602 -2.0133418967906547
v 22.406557261569976 90.7824537118263 -2.4510334825819253
v 22.57935857735443 88.92421326504079 -2.478000838056472
v 22.578758060558318 89.04803552986458 -2.9157695579539666
v 22.777158081157683 86.93276321170394 -3.0116084141950115
v 22.77665740214157 87.05571611418165 -3.4496100790933095
v 22.88055872879791 85.89236677812754 -3.2903818728683323
v 22.8799582120018 86.01570542416277 -3.7282801780642867
v 23.193357944114684 82.74238488738068 -4.134417202192958
v 23.19285726509857 82.86610927697346 -4.572212147686573
v -26.583142519371034 48.63650123891649 -13.744010429423478
v -26.58354187049103 48.51547993290967 -13.305491194672408
v -25.661842465774537 57.79435697343778 -10.819222920664014
v -25.661443114654542 57.91624476310739 -11.257509981755346
v -24.740241408721925 67.0733318891969 -8.332928421059504
v -24.73974221982193 67.19589904811708 -8.771033445660144
v -28.426642656700135 30.077106308399166 -18.71698664184575
v -28.426741004364015 29.957727291195095 -18.278027357018665
v -27.50514292754364 39.23660289238157 -15.7917594686808
v -27.504943251983644 39.35675483604232 -16.230511648432675
v 25.671358465774535 57.79445484866879 -10.819196695067898
v 26.593057870491027 48.51547993290967 -13.305491194672408
v 26.59265851937103 48.63650123891649 -13.744010429423478
v 25.67095911465454 57.91624476310739 -11.257509981755346
v 24.749757408721923 67.0733318891969 -8.332928421059504
v 24.74925821982193 67.19589904811708 -8.771033445660144
v 27.51465892754364 39.23660289238157 -15.7917594686808
v 28.436257004364013 29.957727291195095 -18.278027357018665
v 28.436158656700133 30.077106308399166 -18.71698664184575
v 27.51445925198364 39.35675483604232 -16.230511648432675
v 23.86395788155365 75.99114144514881 -5.943407913807457
v 23.863458692653655 76.11448584855057 -6.381304676321287
v 15.18015867434311 6.614874216248794 -24.532727658745593
v 11.707858055456162 9.813730841264931 -23.67559638034399
v 11.707557797058106 9.931467569666259 -24.11499571524709
v 15.179957508666993 6.732610944650122 -24.972126993648693
v 18.80835747681427 3.2576060800426703 -25.432305184983996
v 18.80835747681427 3.375342808443997 -25.871704519887096
v 20.949657320602416 1.447461256108958 -25.917332158339683
v 20.949657320602416 1.5651979845102846 -26.356731493242783
v 31.015656947715758 7.00143783866866 -24.4291482206185
v 31.597559213264464 3.2576060800426703 -25.432305184983996
v 31.597559213264464 3.375342808443997 -25.871704519887096
v 31.015656947715758 7.11927109291822 -24.86852169149161
v 30.229057430847167 12.906625294304824 -22.84685758793814
v 30.229057430847167 13.024651690209701 -23.28617930664685
v 29.351659178359984 20.867206814728025 -20.713825628312208
v 29.351557850463866 20.985716469586034 -21.153017858140096
v 20.88875776491928 103.41522846801023 1.4048560205861609
v 20.88865792713928 103.53305731427605 0.965481368597052
v 19.391858636959075 106.13111643711157 2.1325762030871918
v 19.391858636959075 106.24876104764842 1.6931521852700993
v 31.672759413345336 1.447461256108958 -25.917332158339683
v 31.672759413345336 1.5651979845102846 -26.356731493242783
v 31.672759413345336 1.447461256108958 -25.917332158339683
v 31.672759413345336 1.5651979845102846 -26.356731493242783
v -23.85444188155365 75.99114144514881 -5.943407913807457
v -23.853942692653657 76.11448584855057 -6.381304676321287
v -11.698041797058105 9.931467569666259 -24.11499571524709
v -11.69834205545616 9.813730841264931 -23.67559638034399
v -15.170642674343108 6.614874216248794 -24.532727658745593
v -15.170441508666991 6.732610944650122 -24.972126993648693
v -18.79884147681427 3.2576060800426703 -25.432305184983996
v -18.79884147681427 3.375342808443997 -25.871704519887096
v -20.940141320602418 1.447461256108958 -25.917332158339683
v -20.940141320602418 1.5651979845102846 -26.356731493242783
v -31.588043213264466 3.375342808443997 -25.871704519887096
v -31.588043213264466 3.2576060800426703 -25.432305184983996
v -31.00614094771576 7.00143783866866 -24.4291482206185
v -31.00614094771576 7.11927109291822 -24.86852169149161
v -30.21954143084717 12.906625294304824 -22.84685758793814
v -30.21954143084717 13.024651690209701 -23.28617930664685
v -29.342143178359986 20.867206814728025 -20.713825628312208
v -29.34204185046387 20.985716469586034 -21.153017858140096
v -20.879241764919282 103.41522846801023 1.4048560205861609
v -20.879141927139283 103.53305731427605 0.965481368597052
v -19.382342636959077 106.13111643711157 2.1325762030871918
v -19.382342636959077 106.24876104764842 1.6931521852700993
v -31.663243413345338 1.447461256108958 -25.917332158339683
v -31.663243413345338 1.5651979845102846 -26.356731493242783
v -31.663243413345338 1.5651979845102846 -26.356731493242783
v -31.663243413345338 1.447461256108958 -25.917332158339683
v -15.549641788379668 86.57451805856356 -6.874764022987771
v -9.228142291681289 87.42383657918118 -6.588385806848999
v -11.569142282382964 83.49012408732898 -7.7012251175500115
v -14.803342461959838 103.23664193744536 -2.410160192511354
v -15.454642415420532 100.4396096444671 -3.1596229368751896
v -17.89964133538437 100.36475236484118 -3.179680889858032
v -17.463041782752992 103.17105401793309 -2.427734427273739
v -14.6975427273674 105.42900105322076 -1.8227191809560086
v -17.00194174088669 104.94285478077555 -1.9529817168672725
v 14.707058727367402 105.42900105322076 -1.8227191809560086
v 14.81285846195984 103.23664193744536 -2.410160192511354
v 15.983857273681641 108.32463542363516 -0.08547691471453156
v -15.97434127368164 108.32463542363516 -0.08547691471453156
v -15.728641987220763 108.05937383740515 -0.8040170993507676
v 15.738157987220765 108.05937383740515 -0.8040170993507676
v -19.327242613212587 106.78234056278686 -0.49873368759176806
v -15.97434127368164 108.32463542363516 -0.08547691471453156
v -18.941542446987153 106.59319136208634 -1.1968796145420217
v -19.382342636959077 106.64124901936148 0.22873599624068497
v -19.327242613212587 106.78234056278686 -0.49873368759176806
v -26.7582430843277 1.1788639562144223 -28.029832463982785
v -30.239041090385438 1.3371793013915865 -27.98741198375835
v -30.080042720214845 1.5414625638228465 -28.67755524002385
v -26.74424195326996 1.391962567600639 -28.72776141465046
v -26.74424195326996 1.391962567600639 -28.72776141465046
v -30.080042720214845 1.5414625638228465 -28.67755524002385
v -29.307343006507875 1.756605956703255 -29.13081615937446
v -26.646740675346376 1.7130317091218077 -29.245607781649518
v -23.23414230384064 1.5414625638228465 -28.67755524002385
v -23.90654230155182 1.756605956703255 -29.13081615937446
v -23.0958416465683 1.3371793013915865 -27.98741198375835
v -23.23414230384064 1.5414625638228465 -28.67755524002385
v -17.058141470329286 93.93593296303466 -4.902278317135876
v -18.773442447559358 93.8400152366412 -4.927979401330168
v -18.38104271926117 97.0322101387876 -4.072633126668654
v -16.46594250239563 97.12513403458536 -4.0477342371791085
v -18.359142482654573 17.7581941267046 -25.314047373586796
v -18.012842476741792 23.481691508968606 -23.78044046234755
v 18.02235847674179 23.481691508968606 -23.78044046234755
v 18.36865848265457 17.7581941267046 -25.314047373586796
v -17.6891415718956 7.568252536172726 -27.739958708156642
v -13.462142587081908 11.53251957962038 -26.75621249297167
v -11.905641794578552 10.60514730485007 -26.278764537493807
v -15.485142112152099 7.335924444631916 -27.14760778024651
v -15.485142112152099 7.335924444631916 -27.14760778024651
v -11.905641794578552 10.60514730485007 -26.278764537493807
v -11.710642218963622 10.323863423514846 -25.579436587190493
v -15.178042590991973 7.125006798498709 -26.436567865592103
v -19.072441697494508 3.9590574713275934 -28.050156716808758
v -18.8013418916626 3.767738662292585 -27.336145391830506
v -20.940342486278535 4.12092339324151 -28.654248399992056
v -19.072441697494508 3.9590574713275934 -28.050156716808758
v -16.8224423531456 49.245057520138374 -16.87716550079122
v -16.38684266843033 58.50799529142756 -14.395168142244524
v 16.396358668430327 58.50799529142756 -14.395168142244524
v 16.8319583531456 49.245057520138374 -16.87716550079122
v -15.535841822998046 76.69300019121778 -9.522509463014705
v -15.951141655818939 67.77093594140003 -11.913170012356765
v -20.1167418960495 67.76243806840142 -11.915447011172539
v -19.394041538612367 76.67310273248933 -9.527840972437003
v -18.891042411701203 83.42096084320146 -7.719757357911716
v 13.47165858708191 11.53251957962038 -26.75621249297167
v 11.915157794578553 10.60514730485007 -26.278764537493807
v 22.579558252914428 89.43222137904107 -4.382410294606922
v 22.407357453926085 91.16615594221426 -3.917803804533337
v 17.040957569702147 91.4631613104049 -5.564855661565344
v 11.934258102996827 92.1667263399435 -5.317531986090595
v 11.905957817657471 94.47577000318687 -4.698825435917863
v 17.067657470329284 93.93593296303466 -4.902278317135876
v -11.89644181765747 94.47577000318687 -4.698825435917863
v -11.924742102996825 92.1667263399435 -5.317531986090595
v -17.03144156970215 91.4631613104049 -5.564855661565344
v -22.72054249085617 2.317764876297314 -29.110486686051814
v -26.298640609161378 2.36740709455802 -29.323184883783398
v -30.75294339694214 2.223841336828171 -28.7831413893568
v -25.200541258232118 4.179779030314647 -28.873900569169727
v -30.50374233760071 4.030129608144701 -28.31540147153924
v -31.4379408363266 2.1511212924009726 -28.529519547708666
v -31.4379408363266 2.1511212924009726 -28.529519547708666
v -31.663243413345338 1.9575938383588725 -27.821172365186186
v -31.321842909233094 3.9590574713275934 -28.050156716808758
v -31.4379408363266 2.1511212924009726 -28.529519547708666
v -31.663243413345338 1.9575938383588725 -27.821172365186186
v -31.588043213264466 3.767738662292585 -27.336145391830506
v -31.321842909233094 3.9590574713275934 -28.050156716808758
v -23.076541662590028 7.661779276620689 -27.94566188176409
v -29.922641754524232 7.730868910950149 -27.265400594095077
v -20.778642535583497 11.566553839503676 -26.92650384228412
v -29.252041817085267 13.622716358506356 -25.688961405050726
v -22.153142035381318 93.62984822782586 -3.257659269814221
v -23.29914265908432 76.78230744099093 -9.184684021199837
v -24.1846426729126 67.8671980899417 -11.573481010535492
v -24.671642423049928 67.75787965234909 -10.955309267601816
v -23.785942733661653 76.6741462340709 -8.566202199159134
v -23.785942733661653 76.6741462340709 -8.566202199159134
v -24.671642423049928 67.75787965234909 -10.955309267601816
v -24.740442574398042 67.58162787152366 -10.237260743503729
v -23.85464155711365 76.49924743438008 -7.847791144761791
v -23.115442634002687 83.42471030705224 -6.757393524035331
v -23.184141457454682 83.25039300138096 -6.0388266587434085
v -22.628742397205354 83.53248577041474 -7.375978705778374
v -23.115442634002687 83.42471030705224 -6.757393524035331
v -21.162441313640596 2.1511212924009726 -28.529519547708666
v -21.162441313640596 2.1511212924009726 -28.529519547708666
v -20.940442324058534 1.9575938383588725 -27.821172365186186
v -22.397841453926087 91.16615594221426 -3.917803804533337
v -30.693642735855104 7.698339782688147 -27.050498857142173
v -30.693642735855104 7.698339782688147 -27.050498857142173
v -31.00614094771576 7.5115704209185745 -26.33298842746501
v -29.955641866104127 13.594687762910759 -25.47771937197691
v -30.219642758743287 13.416661440665356 -24.750723634710234
v -29.955641866104127 13.594687762910759 -25.47771937197691
v -20.356242299453736 104.02131815937192 -1.8860111463806302
v -20.89734220542145 100.69746955677897 -2.7766339331832466
v -21.37724155224991 100.64456179644947 -2.143346990793651
v -20.813842058555604 104.08422558416432 -1.2216916103744442
v -20.813842058555604 104.08422558416432 -1.2216916103744442
v -21.37724155224991 100.64456179644947 -2.143346990793651
v -20.879241764919282 103.92526317502913 -0.499010411856462
v -19.327242613212587 106.78234056278686 -0.49873368759176806
v -19.382342636959077 106.64124901936148 0.22873599624068497
v -10.276041865722656 93.92302343356747 -3.434194875555983
v -10.207241714374542 93.57539443263751 -2.173512059599515
v -10.234442294017791 91.71231638082496 -2.672722452407916
v -10.303741634265899 92.04111303583456 -3.9384513815936497
v -10.073541790620803 90.23927688196865 -3.067422302009456
v -10.139442176000594 90.55377799588373 -4.336981710910338
v -10.788442135231017 92.22405871296934 -4.890128774917445
v -10.303741634265899 92.04111303583456 -3.9384513815936497
v -10.139442176000594 90.55377799588373 -4.336981710910338
v -10.600841731206893 90.63655701012574 -5.315498687836312
v -10.758341789619445 94.2378185616108 -4.35054330554644
v -10.276041865722656 93.92302343356747 -3.434194875555983
v -22.0845415595932 93.80455127705466 -3.9761227754038
v -21.759541273490907 97.04146364504128 -3.108794488681239
v -21.273541391269685 97.14305569675032 -3.7290365110260044
v -21.759541273490907 97.04146364504128 -3.108794488681239
v -21.59774148501587 93.91184312162862 -4.594837542445303
v -22.0845415595932 93.80455127705466 -3.9761227754038
v -22.501441777126313 89.60634869161684 -5.101028068408953
v -22.57004225291443 89.43222137904107 -4.382410294606922
v -22.32934230603409 91.33970176077048 -4.636577389229943
v -21.842642069236756 91.4466999796514 -5.255370833059795
v -22.32934230603409 91.33970176077048 -4.636577389229943
v -22.01474154032898 89.71402627974832 -5.719639475748112
v -22.501441777126313 89.60634869161684 -5.101028068408953
v -22.767841756717683 87.44106495139725 -4.915939193957113
v -22.212241530792237 87.72547218177617 -6.252471082778024
v -22.699141443149568 87.6166373629721 -5.634169754545889
v -22.87124240435791 86.40047276735882 -5.194765103822666
v -15.961441338436126 87.61887556031276 -6.594929199012787
v -18.81294244565201 87.62254876015903 -6.593944967817352
v -18.921041429416658 89.63679222758904 -6.054229913147887
v -16.687041461841584 89.70073354027366 -6.0370968854731135
v -22.802542090789796 86.57546368491413 -5.913151475306021
v -22.699141443149568 87.6166373629721 -5.634169754545889
v -22.315742016212464 86.68372276706516 -6.531607071750605
v -22.802542090789796 86.57546368491413 -5.913151475306021
v 22.162658035381316 93.62984822782586 -3.257659269814221
v 21.837957262619017 96.8641525087743 -2.3910298180940632
v -18.75144237317276 86.5736486962175 -6.8749969679885705
v -10.21434211768341 88.1288664123723 -6.399473581928222
v -11.672142088787078 90.35812449023987 -5.802145520636911
v 22.708657443149566 87.6166373629721 -5.634169754545889
v 22.221757530792235 87.72547218177617 -6.252471082778024
v 22.02425754032898 89.71402627974832 -5.719639475748112
v 22.51095777712631 89.60634869161684 -5.101028068408953
v -18.925142228977204 91.37623083316512 -5.588148618963276
v -11.22004234828186 97.08270556807032 -4.000298969941008
v 8.041057794912339 87.88029262954798 -6.0540377000765115
v -8.031541794912338 87.88029262954798 -6.0540377000765115
v -7.868941814081192 88.08526103711982 -4.998419013249796
v 7.878457814081192 88.08526103711982 -4.998419013249796
v 15.983857273681641 108.32463542363516 -0.08547691471453156
v 15.55915778837967 86.57451805856356 -6.874764022987771
v 11.125458091123582 83.49012408732898 -7.7012251175500115
v 9.23765829168129 87.42383657918118 -6.588385806848999
v 17.47255778275299 103.17105401793309 -2.427734427273739
v 17.011457740886687 104.94285478077555 -1.9529817168672725
v 17.909157335384368 100.36475236484118 -3.179680889858032
v 15.464158415420533 100.4396096444671 -3.1596229368751896
v 19.391858636959075 106.64124901936148 0.22873599624068497
v 19.336758613212584 106.78234056278686 -0.49873368759176806
v 19.336758613212584 106.78234056278686 -0.49873368759176806
v 18.95105844698715 106.59319136208634 -1.1968796145420217
v 30.089558720214843 1.5414625638228465 -28.67755524002385
v 30.248557090385436 1.3371793013915865 -27.98741198375835
v 26.767759084327697 1.1788639562144223 -28.029832463982785
v 26.753757953269957 1.391962567600639 -28.72776141465046
v 23.105357646568297 1.3371793013915865 -27.98741198375835
v 23.243658303840636 1.5414625638228465 -28.67755524002385
v 26.656256675346373 1.7130317091218077 -29.245607781649518
v 26.753757953269957 1.391962567600639 -28.72776141465046
v 23.243658303840636 1.5414625638228465 -28.67755524002385
v 23.916058301551818 1.756605956703255 -29.13081615937446
v 29.316859006507872 1.756605956703255 -29.13081615937446
v 30.089558720214843 1.5414625638228465 -28.67755524002385
v 18.39055871926117 97.0322101387876 -4.072633126668654
v 18.782958447559356 93.8400152366412 -4.927979401330168
v 16.47545850239563 97.12513403458536 -4.0477342371791085
v 17.6986575718956 7.568252536172726 -27.739958708156642
v 15.4946581121521 7.33594989888697 -27.14770277679426
v 20.949858486278533 4.12092339324151 -28.654248399992056
v 19.081957697494506 3.9590574713275934 -28.050156716808758
v 15.187558590991975 7.125006798498709 -26.436567865592103
v 15.4946581121521 7.33594989888697 -27.14770277679426
v 19.081957697494506 3.9590574713275934 -28.050156716808758
v 18.810857891662597 3.767738662292585 -27.336145391830506
v 11.720158218963624 10.323863423514846 -25.579436587190493
v 11.915157794578553 10.60514730485007 -26.278764537493807
v 22.73005849085617 2.317764876297314 -29.110486686051814
v 26.308156609161376 2.36740709455802 -29.323184883783398
v 25.210057258232116 4.179779030314647 -28.873900569169727
v 29.878158926589965 2.317764876297314 -29.110486686051814
v 30.269457459075927 4.051423267765874 -28.394484726422142
v 31.447456836326598 2.1511212924009726 -28.529519547708666
v 31.331358909233092 3.9590574713275934 -28.050156716808758
v 31.672759413345336 1.9575938383588725 -27.821172365186186
v 31.447456836326598 2.1511212924009726 -28.529519547708666
v 31.331358909233092 3.9590574713275934 -28.050156716808758
v 31.597559213264464 3.767738662292585 -27.336145391830506
v 31.447456836326598 2.1511212924009726 -28.529519547708666
v 31.672759413345336 1.9575938383588725 -27.821172365186186
v 23.086057662590026 7.661682660813605 -27.94568776989849
v 20.788158535583495 11.566553839503676 -26.92650384228412
v 29.638056516273497 7.7433092247410045 -27.347374437551274
v 28.980256676300048 13.504085848774793 -25.702529291149972
v 21.455158352478026 100.47063023433572 -1.4246767657993846
v 24.681158423049926 67.75787965234909 -10.955309267601816
v 24.194158672912597 67.8671980899417 -11.573481010535492
v 23.30865865908432 76.78230744099093 -9.184684021199837
v 23.79555857144165 76.6740483588399 -8.56622842475525
v 22.63825839720535 83.53248577041474 -7.375978705778374
v 23.124958634002684 83.42471030705224 -6.757393524035331
v 23.864157557113646 76.49924743438008 -7.847791144761791
v 23.79555857144165 76.6740483588399 -8.56622842475525
v 23.124958634002684 83.42471030705224 -6.757393524035331
v 23.19365745745468 83.25039300138096 -6.0388266587434085
v 24.74995857439804 67.58162787152366 -10.237260743503729
v 24.681158423049926 67.75787965234909 -10.955309267601816
v 21.171957313640593 2.1511212924009726 -28.529519547708666
v 20.94995832405853 1.9575938383588725 -27.821172365186186
v 21.171957313640593 2.1511212924009726 -28.529519547708666
v 30.7031587358551 7.698365236943201 -27.050593853689925
v 29.965157866104125 13.594687762910759 -25.47771937197691
v 31.015656947715758 7.5115704209185745 -26.33298842746501
v 30.7031587358551 7.698365236943201 -27.050593853689925
v 29.965157866104125 13.594687762910759 -25.47771937197691
v 30.229158758743285 13.416661440665356 -24.750723634710234
v 21.386757552249907 100.64456179644947 -2.143346990793651
v 20.906858205421447 100.69746955677897 -2.7766339331832466
v 20.365758299453734 104.02131815937192 -1.8860111463806302
v 20.823358058555602 104.08422558416432 -1.2216916103744442
v 20.88875776491928 103.92526317502913 -0.499010411856462
v 20.823358058555602 104.08422558416432 -1.2216916103744442
v 19.336758613212584 106.78234056278686 -0.49873368759176806
v 19.391858636959075 106.64124901936148 0.22873599624068497
v 21.386757552249907 100.64456179644947 -2.143346990793651
v 10.243958294017792 91.71231638082496 -2.672722452407916
v 10.216757714374543 93.57539443263751 -2.173512059599515
v 10.285557865722657 93.92302343356747 -3.434194875555983
v 10.3132576342659 92.04111303583456 -3.9384513815936497
v 10.3132576342659 92.04111303583456 -3.9384513815936497
v 10.285557865722657 93.92302343356747 -3.434194875555983
v 10.767857789619447 94.2378185616108 -4.35054330554644
v 10.797958135231019 92.22405871296934 -4.890128774917445
v 10.148958176000596 90.55377799588373 -4.336981710910338
v 10.610357731206895 90.63655701012574 -5.315498687836312
v 10.083057790620805 90.23927688196865 -3.067422302009456
v 10.148958176000596 90.55377799588373 -4.336981710910338
v 22.0940575595932 93.80455127705466 -3.9761227754038
v 21.769057273490905 97.04146364504128 -3.108794488681239
v 21.769057273490905 97.04146364504128 -3.108794488681239
v 22.0940575595932 93.80455127705466 -3.9761227754038
v 21.607257485015868 93.91184312162862 -4.594837542445303
v 21.283057391269683 97.14305569675032 -3.7290365110260044
v 22.51095777712631 89.60634869161684 -5.101028068408953
v 22.338858306034087 91.33970176077048 -4.636577389229943
v 22.338858306034087 91.33970176077048 -4.636577389229943
v 21.852158069236754 91.4466999796514 -5.255370833059795
v 22.77735775671768 87.44106495139725 -4.915939193957113
v 22.88075840435791 86.40047276735882 -5.194765103822666
v 22.708657443149566 87.6166373629721 -5.634169754545889
v 22.812058090789794 86.57546368491413 -5.913151475306021
v 22.812058090789794 86.57546368491413 -5.913151475306021
v 22.325258016212462 86.68372276706516 -6.531607071750605
v -25.662042141334535 58.30303869932208 -12.723451883405897
v -26.583643198387147 49.02445528448701 -15.209641480625939
v 18.76095837317276 86.5736486962175 -6.8749969679885705
v 18.9005584117012 83.42096084320146 -7.719757357911716
v 15.970957338436127 87.61887556031276 -6.594929199012787
v 10.223858117683411 88.1288664123723 -6.399473581928222
v 11.68165808878708 90.35812449023987 -5.802145520636911
v 16.696557461841582 89.70073354027366 -6.0370968854731135
v 18.822458445652007 87.62254876015903 -6.593944967817352
v 9.100458085163117 88.6190330356677 -3.5015654481703944
v 9.146358131988526 88.90764902966292 -4.778060755903065
v 18.930557429416655 89.63679222758904 -6.054229913147887
v 18.934658228977202 91.37623083316512 -5.588148618963276
v 11.229558348281861 97.08270556807032 -4.000298969941008
v 19.403557538612365 76.67310273248933 -9.527840972437003
v 15.545357822998048 76.69300019121778 -9.522509463014705
v 20.1262578960495 67.76243806840142 -11.915447011172539
v 15.96065765581894 67.77093594140003 -11.913170012356765
v 23.55245804749298 23.368775157894675 -23.81069631551444
v 17.6750586029129 31.27342782066628 -21.692650452134146
v 23.12465763054657 31.162637377183632 -21.722336669926563
v 22.90475821457672 18.683261872630904 -25.066176151890538
v 22.399558186157225 40.00935784990365 -19.351864430206874
v 17.264057755096434 40.05137511084119 -19.340605936062218
v 21.6450572606163 49.21994388733356 -16.88389468021832
v 20.88565832339096 58.49118953852585 -14.399671231365959
v 28.550057172401427 21.948182950295653 -23.886866936930048
v 29.241956829650878 21.58313658525333 -23.330077772727606
v 27.869756579025267 30.86219250298542 -21.488945022882866
v 28.36575663052368 30.661593897739447 -20.895231733692192
v 29.351659178359984 21.37695221407878 -22.617769580531586
v 29.241956829650878 21.58313658525333 -23.330077772727606
v 28.36575663052368 30.661593897739447 -20.895231733692192
v 28.43635833226013 30.467279818767093 -20.182022989089212
v 26.95695912800598 40.05172241167267 -19.026617247094173
v 27.445356607063292 39.927912682523505 -18.412328435067877
v 26.03685712776947 49.31533667352917 -16.544438623397845
v 26.524056553466796 49.203603020677136 -15.926914035615402
v 27.51475727520752 39.74586611228542 -17.69583262052811
v 27.445356607063292 39.927912682523505 -18.412328435067877
v 26.524056553466796 49.203603020677136 -15.926914035615402
v 26.593159198387145 49.02445528448701 -15.209641480625939
v 25.115557074172973 58.59131488000931 -14.058947089839142
v 25.6025568243103 58.48074133651312 -13.441111651608606
v 25.671558141334533 58.30303869932208 -12.723451883405897
v 25.6025568243103 58.48074133651312 -13.441111651608606
v -28.54054117240143 21.948182950295653 -23.886866936930048
v -29.23244082965088 21.58313658525333 -23.330077772727606
v -29.23244082965088 21.58313658525333 -23.330077772727606
v -29.342143178359986 21.37695221407878 -22.617769580531586
v -28.356240630523683 30.661593897739447 -20.895231733692192
v -28.426842332260133 30.467279818767093 -20.182022989089212
v -27.86024057902527 30.86219250298542 -21.488945022882866
v -28.356240630523683 30.661593897739447 -20.895231733692192
v -26.947443128005983 40.05172241167267 -19.026617247094173
v -27.435840607063295 39.927912682523505 -18.412328435067877
v -27.435840607063295 39.927912682523505 -18.412328435067877
v -27.50524127520752 39.74586611228542 -17.69583262052811
v -26.514540553466798 49.203603020677136 -15.926914035615402
v -26.02734112776947 49.31533667352917 -16.544438623397845
v -26.514540553466798 49.203603020677136 -15.926914035615402
v -25.106041074172975 58.59131488000931 -14.058947089839142
v -25.593040824310304 58.48074133651312 -13.441111651608606
v -25.593040824310304 58.48074133651312 -13.441111651608606
v -22.895242214576722 18.683261872630904 -25.066176151890538
v -23.542942047492982 23.368775157894675 -23.81069631551444
v -17.665542602912904 31.27342782066628 -21.692650452134146
v -23.11514163054657 31.162637377183632 -21.722336669926563
v -17.254541755096437 40.05137511084119 -19.340605936062218
v -22.390042186157228 40.00935784990365 -19.351864430206874
v -21.635541260616304 49.21994388733356 -16.88389468021832
v -20.87614232339096 58.49118953852585 -14.399671231365959
v -9.136842131988525 88.90764902966292 -4.778060755903065
v -9.457742363588332 88.80825345215572 -5.805391280612691
v 9.467258363588334 88.80825345215572 -5.805391280612691
v 9.146358131988526 88.90764902966292 -4.778060755903065
v 8.67625778876114 88.24762988627558 -5.955609952486581
v 8.444657981021882 88.41222763973752 -4.910808552716906
v 8.444657981021882 88.41222763973752 -4.910808552716906
v 7.878457814081192 88.08526103711982 -4.998419013249796
v 7.85525819621849 87.81180994656519 -3.7178602808011743
v 8.411558031661988 88.133076756318 -3.6317770755715504
v -9.655342191831588 95.57485874018444 -1.6377570699436585
v -9.719441771881103 95.94799287484327 -2.8916058040885613
v 9.728957771881104 95.94799287484327 -2.8916058040885613
v 9.66485819183159 95.57485874018444 -1.6377570699436585
v 9.728957771881104 95.94799287484327 -2.8916058040885613
v 10.177858233078004 96.44090365123199 -3.760228277193141
v 9.66485819183159 95.57485874018444 -1.6377570699436585
v 9.728957771881104 95.94799287484327 -2.8916058040885613
v -11.698041797058105 9.931467569666259 -24.11499571524709
v 11.707557797058106 9.931467569666259 -24.11499571524709
v 11.707858055456162 9.813730841264931 -23.67559638034399
v -11.69834205545616 9.813730841264931 -23.67559638034399
v -9.090942085163116 88.6190330356677 -3.5015654481703944
v -9.136842131988525 88.90764902966292 -4.778060755903065
v -9.457742363588332 88.80825345215572 -5.805391280612691
v -10.600841731206893 90.63655701012574 -5.315498687836312
v -8.666741788761138 88.24762988627558 -5.955609952486581
v -8.43514198102188 88.41222763973752 -4.910808552716906
v -8.402042031661987 88.133076756318 -3.6317770755715504
v -8.43514198102188 88.41222763973752 -4.910808552716906
v -7.845742196218491 87.81180994656519 -3.7178602808011743
v -7.868941814081192 88.08526103711982 -4.998419013249796
v -10.168442070858001 96.44090365123199 -3.760228277193141
v 10.177858233078004 96.44090365123199 -3.760228277193141
v -9.719441771881103 95.94799287484327 -2.8916058040885613
v -9.655342191831588 95.57485874018444 -1.6377570699436585
v -10.168442070858001 96.44090365123199 -3.760228277193141
v -9.719441771881103 95.94799287484327 -2.8916058040885613
v -8.666741788761138 88.24762988627558 -5.955609952486581
v -10.788442135231017 92.22405871296934 -4.890128774917445
v -10.758341789619445 94.2378185616108 -4.35054330554644
v -10.168442070858001 96.44090365123199 -3.760228277193141
v 10.177858233078004 96.44090365123199 -3.760228277193141
v 10.610357731206895 90.63655701012574 -5.315498687836312
v 9.467258363588334 88.80825345215572 -5.805391280612691
v 8.67625778876114 88.24762988627558 -5.955609952486581
v 7.85525819621849 87.81180994656519 -3.7178602808011743
v 7.878457814081192 88.08526103711982 -4.998419013249796
v -7.868941814081192 88.08526103711982 -4.998419013249796
v -7.845742196218491 87.81180994656519 -3.7178602808011743
v 10.797958135231019 92.22405871296934 -4.890128774917445
v 10.767857789619447 94.2378185616108 -4.35054330554644
v -11.710642218963622 10.323863423514846 -25.579436587190493
v -11.905641794578552 10.60514730485007 -26.278764537493807
v 11.915157794578553 10.60514730485007 -26.278764537493807
v 11.720158218963624 10.323863423514846 -25.579436587190493
v -8.031541794912338 87.88034666292207 12.082359167202725
v -8.441542029754638 86.96725273935533 12.7391099620698
v 8.45105802975464 86.96725273935533 12.7391099620698
v 8.041057794912339 87.88034666292207 12.082359167202725
v -21.44564235247803 100.47058608492902 7.45311484262106
v -21.44554251469803 100.07982554080988 5.988161992668621
v -21.827942073719026 96.47646277353483 6.95363995711295
v -21.82844126261902 96.86419487742832 8.41943972163586
v 16.018958448989867 107.80199332226412 3.9190009896958085
v -16.00944244898987 107.80199332226412 3.9190009896958085
v -16.00944244898987 108.19443152471264 5.383473129857068
v 16.018958448989867 108.19443152471264 5.383473129857068
v -22.15294235982132 93.12177118088695 7.381667395936825
v -22.15234184302521 93.24515075811621 7.819518845241726
v -21.828241587059022 96.35529653894517 6.515243072194936
v -21.44564235247803 99.96091038918898 5.549124882270727
v -23.0958416465683 0.9447262158578182 32.55132140345329
v -26.7582430843277 0.7864640868119042 32.5937040577589
v -26.7582430843277 0.6686644012839678 32.15434413492734
v -23.0958416465683 0.8270236858900797 32.11198751338259
v -30.239041090385438 0.9447262158578182 32.55132140345329
v -30.239041090385438 0.8270236858900797 32.11198751338259
v -19.382342636959077 106.2488549896485 4.335201920298987
v -19.382342636959077 106.1310567434622 3.895842383137966
v -22.569842577354432 88.92424248397766 8.506390206050986
v -22.56924206055832 89.04796698108062 8.944128899707104
v -22.397041261569978 90.78244346123401 8.479408660374412
v -22.39764177836609 90.6583847876494 8.04178868641459
v -23.183841944114686 82.74240431201589 10.162752270716789
v -23.183341265098573 82.86610335486378 10.600585960920654
v -22.8704422120018 86.01566324732667 9.756593758948028
v -22.871042728797914 85.8923757879619 9.318766992557123
v -22.767141402141572 87.0557082912379 9.47798390254524
v -22.767642081157685 86.93276652308786 9.040041501822287
v 21.455058514698027 100.07982554080988 5.988161992668621
v 21.837458073719024 96.47646277353483 6.95363995711295
v 21.83775758705902 96.35529653894517 6.515243072194936
v 21.455158352478026 99.96091038918898 5.549124882270727
v 22.161857843025206 93.24515075811621 7.819518845241726
v 22.16245835982132 93.12177118088695 7.381667395936825
v 30.248557090385436 0.8270236858900797 32.11198751338259
v 30.248557090385436 0.9447262158578182 32.55132140345329
v 26.767759084327697 0.7864640868119042 32.5937040577589
v 26.767759084327697 0.6686644012839678 32.15434413492734
v 23.105357646568297 0.9447262158578182 32.55132140345329
v 23.105357646568297 0.8270236858900797 32.11198751338259
v 19.391858636959075 106.2488549896485 4.335201920298987
v 19.391858636959075 106.1310567434622 3.895842383137966
v 22.406557261569976 90.78244346123401 8.479408660374412
v 22.407157778366088 90.6583847876494 8.04178868641459
v 22.578758060558318 89.04796698108062 8.944128899707104
v 22.57935857735443 88.92424248397766 8.506390206050986
v 22.77665740214157 87.0557082912379 9.47798390254524
v 22.777158081157683 86.93276652308786 9.040041501822287
v 22.8799582120018 86.01566324732667 9.756593758948028
v 22.88055872879791 85.8923757879619 9.318766992557123
v 23.19285726509857 82.86610335486378 10.600585960920654
v 23.193357944114684 82.74240431201589 10.162752270716789
v -25.661842465774537 57.79445157429245 16.847626718683653
v -26.58354187049103 48.51549047125139 19.333870931877755
v -26.583142519371034 48.636532605013926 19.772339466430665
v -25.661443114654542 57.916172997245624 17.285863058220674
v -24.740241408721925 67.07331489852012 14.361355920058028
v -24.73974221982193 67.19591702207485 14.799414418288924
v -27.50514292754364 39.23662724344133 21.82014137066797
v -28.426741004364015 29.957761040530393 24.306411397952537
v -28.426642656700135 30.07711937292651 24.745360538956135
v -27.504943251983644 39.35679145886795 22.25878887770348
v 26.59265851937103 48.636532605013926 19.772339466430665
v 26.593057870491027 48.51549047125139 19.333870931877755
v 25.671358465774535 57.79445157429245 16.847626718683653
v 25.67095911465454 57.916172997245624 17.285863058220674
v 24.749757408721923 67.07331489852012 14.361355920058028
v 24.74925821982193 67.19591702207485 14.799414418288924
v 28.436158656700133 30.07711937292651 24.745360538956135
v 28.436257004364013 29.957761040530393 24.306411397952537
v 27.51465892754364 39.23662724344133 21.82014137066797
v 27.51445925198364 39.35679145886795 22.25878887770348
v 23.86395788155365 75.99113385635228 11.971836723890311
v 23.863458692653655 76.114513047911 12.409689612536843
v 11.707557797058106 9.931384414089443 30.143288832641275
v 11.707858055456162 9.813680778780359 29.70395618907694
v 15.18015867434311 6.614827155013457 30.561140085113195
v 15.179957508666993 6.732528965310379 31.000473782348635
v 18.80835747681427 3.257614246640445 31.460680602694204
v 18.80835747681427 3.3754147035094437 31.90003764684249
v 20.949657320602416 1.4475001142015353 31.94571557534082
v 20.949657320602416 1.565203415510337 32.38504658672826
v 31.597559213264464 3.3754147035094437 31.90003764684249
v 31.597559213264464 3.257614246640445 31.460680602694204
v 31.015656947715758 7.001432572272576 30.457466798624104
v 31.015656947715758 7.1192318721299825 30.89682816079729
v 30.229057430847167 12.90665923195806 28.875240143363563
v 30.229057430847167 13.024678014860879 29.314553870815274
v 29.351659178359984 20.867181144960693 26.742193391984507
v 29.351557850463866 20.985759627087166 27.181347011396
v 20.88875776491928 103.41527294977517 4.623540776756082
v 20.88865792713928 103.53307119596148 5.0629003139171065
v 19.391858636959075 106.1310567434622 3.895842383137966
v 19.391858636959075 106.2488549896485 4.335201920298987
v 31.672759413345336 1.4475001142015353 31.94571557534082
v 31.672759413345336 1.565203415510337 32.38504658672826
v 31.672759413345336 1.565203415510337 32.38504658672826
v 31.672759413345336 1.4475001142015353 31.94571557534082
v -23.85444188155365 75.99113385635228 11.971836723890311
v -23.853942692653657 76.114513047911 12.409689612536843
v -15.170642674343108 6.614827155013457 30.561140085113195
v -11.69834205545616 9.813680778780359 29.70395618907694
v -11.698041797058105 9.931384414089443 30.143288832641275
v -15.170441508666991 6.732528965310379 31.000473782348635
v -18.79884147681427 3.257614246640445 31.460680602694204
v -18.79884147681427 3.3754147035094437 31.90003764684249
v -20.940141320602418 1.4475001142015353 31.94571557534082
v -20.940141320602418 1.565203415510337 32.38504658672826
v -31.00614094771576 7.001432572272576 30.457466798624104
v -31.588043213264466 3.257614246640445 31.460680602694204
v -31.588043213264466 3.3754147035094437 31.90003764684249
v -31.00614094771576 7.1192318721299825 30.89682816079729
v -30.21954143084717 12.90665923195806 28.875240143363563
v -30.21954143084717 13.024678014860879 29.314553870815274
v -29.342143178359986 20.867181144960693 26.742193391984507
v -29.34204185046387 20.985759627087166 27.181347011396
v -20.879241764919282 103.41527294977517 4.623540776756082
v -20.879141927139283 103.53307119596148 5.0629003139171065
v -19.382342636959077 106.1310567434622 3.895842383137966
v -19.382342636959077 106.2488549896485 4.335201920298987
v -31.663243413345338 1.4475001142015353 31.94571557534082
v -31.663243413345338 1.565203415510337 32.38504658672826
v -31.663243413345338 1.4475001142015353 31.94571557534082
v -31.663243413345338 1.565203415510337 32.38504658672826
v -9.228142291681289 87.42379004302958 12.616700047580913
v -15.549641788379668 86.57451569145555 12.9031530043325
v -11.569142282382964 83.49011483374856 13.729611099838989
v -17.89964133538437 100.36477727228167 9.20802643831781
v -15.454642415420532 100.43960419667623 9.188011269454302
v -14.803342461959838 103.23669693254378 8.438514159074336
v -17.463041782752992 103.17110642458096 8.456138600628202
v -14.6975427273674 105.42903450133058 7.851118554387744
v -17.00194174088669 104.94286784574392 7.981326202548649
v 14.707058727367402 105.42903450133058 7.851118554387744
v 14.81285846195984 103.23669693254378 8.438514159074336
v 15.983857273681641 108.32465237532364 6.1137603712875705
v -15.97434127368164 108.32465237532364 6.1137603712875705
v -15.728641987220763 108.05932293555924 6.832373596065787
v 15.738157987220765 108.05932293555924 6.832373596065787
v -15.97434127368164 108.32465237532364 6.1137603712875705
v -19.327242613212587 106.78233677094572 6.5270623031926736
v -18.941542446987153 106.59319859132367 7.225197511757729
v -19.382342636959077 106.64118994517001 5.799644852840375
v -19.327242613212587 106.78233677094572 6.5270623031926736
v -30.080042720214845 1.5414186999852026 34.7058737286574
v -30.239041090385438 1.337164418306329 34.01579354361455
v -26.7582430843277 1.1788760636642979 34.05827407315117
v -26.74424195326996 1.3920238832337815 34.75611814913154
v -29.307343006507875 1.7566433302581272 35.15912055413244
v -30.080042720214845 1.5414186999852026 34.7058737286574
v -26.74424195326996 1.3920238832337815 34.75611814913154
v -26.646740675346376 1.7130377799461745 35.273948725410236
v -23.23414230384064 1.5414186999852026 34.7058737286574
v -23.90654230155182 1.7566433302581272 35.15912055413244
v -23.0958416465683 1.337164418306329 34.01579354361455
v -23.23414230384064 1.5414186999852026 34.7058737286574
v -18.38104271926117 97.0321954309146 10.101018555470633
v -18.773442447559358 93.84004253663798 10.956374147570337
v -17.058141470329286 93.9359788475272 10.930627146474245
v -16.46594250239563 97.12510944461519 10.076118572285507
v 18.02235847674179 23.481679883117476 29.808766687620917
v -18.012842476741792 23.481679883117476 29.808766687620917
v -18.359142482654573 17.75822879437845 31.342384522075527
v 18.36865848265457 17.758106518563483 31.342455118039325
v -11.905641794578552 10.605203687708585 32.307117604836826
v -13.462142587081908 11.532521901060495 32.78459368992232
v -17.6891415718956 7.568244109203407 33.76828218938017
v -15.485142112152099 7.33592980875382 33.17597137359286
v -11.710642218963622 10.32379677661237 31.607857408691913
v -11.905641794578552 10.605203687708585 32.307117604836826
v -15.485142112152099 7.33592980875382 33.17597137359286
v -15.178042590991973 7.124969378441586 32.464943429497154
v -19.072441697494508 3.9590926761955636 34.07843289347776
v -18.8013418916626 3.767756470068573 33.36448394707816
v -20.940342486278535 4.120935761276933 34.68260664659887
v -19.072441697494508 3.9590926761955636 34.07843289347776
v 16.396358668430327 58.50795050534074 20.42354015579314
v -16.38684266843033 58.50795050534074 20.42354015579314
v -16.8224423531456 49.24502149656065 22.90559097191381
v 16.8319583531456 49.24504733648624 22.905494536024428
v -20.1167418960495 67.762400083134 17.943772435969258
v -15.951141655818939 67.77097163198529 17.941514022586475
v -15.535841822998046 76.69303313578529 15.550854229529131
v -19.394041538612367 76.6731758846149 15.556196510069572
v -18.891042411701203 83.42096097259089 13.748144303101997
v 13.47165858708191 11.532521901060495 32.78459368992232
v 11.915157794578553 10.605203687708585 32.307117604836826
v 22.579658090694426 89.4321418748163 10.410837529279647
v 22.407357453926085 91.16618668892752 9.946208344705502
v 11.905957817657471 94.47575018978942 10.727095260308447
v 11.934258102996827 92.16672374389604 11.345858588697551
v 17.040957569702147 91.46313406179972 11.59318458830043
v 17.067657470329284 93.9359788475272 10.930627146474245
v -11.924742102996825 92.16672374389604 11.345858588697551
v -11.89644181765747 94.47575018978942 10.727095260308447
v -17.03144156970215 91.46313406179972 11.59318458830043
v -22.72054249085617 2.317805378030209 35.13886907907152
v -26.298640609161378 2.3674475825372854 35.35156537505032
v -30.75294339694214 2.223860703852967 34.81139583896533
v -25.200541258232118 4.179799393552922 34.90222599694272
v -30.50374233760071 4.030141262254534 34.3437625393717
v -31.4379408363266 2.1511098686512575 34.55782811626521
v -31.4379408363266 2.1511098686512575 34.55782811626521
v -31.663243413345338 1.9576416179588476 33.849518726889514
v -31.663243413345338 1.9576416179588476 33.849518726889514
v -31.4379408363266 2.1511098686512575 34.55782811626521
v -31.321842909233094 3.9590926761955636 34.07843289347776
v -31.588043213264466 3.767756470068573 33.36448394707816
v -31.321842909233094 3.9590926761955636 34.07843289347776
v -23.076541662590028 7.661689814541943 33.97397818842019
v -29.922641754524232 7.730887667300308 33.293811361354116
v -20.778642535583497 11.566598287442066 32.95491925046289
v -29.252041817085267 13.622678248940424 31.717299231382235
v -22.153142035381318 93.62989254778371 9.286069295126707
v -24.671642423049928 67.75783326434264 16.983676009776914
v -24.1846426729126 67.86716519372253 17.60183657635106
v -23.29914265908432 76.78230735274552 15.21304948343308
v -23.78604257144165 76.67409223238259 14.59456684993121
v -24.740442574398042 67.58167784194593 16.26561621581466
v -24.671642423049928 67.75783326434264 16.983676009776914
v -23.78604257144165 76.67409223238259 14.59456684993121
v -23.85464155711365 76.49925503041376 13.876239342751008
v -23.115442634002687 83.42468359169087 12.785713872102761
v -23.184141457454682 83.25040196375605 12.067224380199931
v -22.628742397205354 83.53255340650958 13.40431070059504
v -23.115442634002687 83.42468359169087 12.785713872102761
v -21.162441313640596 2.1511098686512575 34.55782811626521
v -21.162441313640596 2.1511098686512575 34.55782811626521
v -20.940442324058534 1.9576416179588476 33.849518726889514
v -22.397841453926087 91.16618668892752 9.946208344705502
v -30.693642735855104 7.698313917477934 33.078854465016015
v -30.693642735855104 7.698313917477934 33.078854465016015
v -31.00614094771576 7.511548184434057 32.361369457580714
v -29.955641866104127 13.594697532956623 31.50605983809009
v -30.219642758743287 13.41667879390069 30.77911552305295
v -29.955641866104127 13.594697532956623 31.50605983809009
v -21.37724155224991 100.64454805440994 8.171622813295736
v -20.89734220542145 100.6975202313099 8.80501519159658
v -20.356242299453736 104.02130307965388 7.9143242896769745
v -20.813842058555604 104.08428900365396 7.249988534797458
v -21.37724155224991 100.64454805440994 8.171622813295736
v -20.813842058555604 104.08428900365396 7.249988534797458
v -20.879241764919282 103.92529395105943 6.527416542116006
v -19.327242613212587 106.78233677094572 6.5270623031926736
v -19.382342636959077 106.64118994517001 5.799644852840375
v -10.23454213179779 91.71234050018398 8.701138835028425
v -10.207241714374542 93.57533251935165 8.201905620872799
v -10.276041865722656 93.92309973925265 9.46257109829976
v -10.303741634265899 92.04115115565759 9.966871132953605
v -10.073541790620803 90.23929671475379 9.09583581069513
v -10.139442176000594 90.55382530706291 10.365402197964137
v -10.788442135231017 92.22410147098583 10.91844621680005
v -10.600841731206893 90.63650474408723 11.343839837046891
v -10.758341789619445 94.23787000174376 10.378861780836408
v -22.0845415595932 93.80451391673145 10.004442329686183
v -21.759541273490907 97.0414731554614 9.137177911846289
v -21.759541273490907 97.0414731554614 9.137177911846289
v -21.273541391269685 97.14301050757638 9.757391642054271
v -22.0845415595932 93.80451391673145 10.004442329686183
v -21.59774148501587 93.91182220731436 10.623200319889778
v -22.57014209069443 89.4321418748163 10.410837529279647
v -22.501441777126313 89.60632582035535 11.129300075915545
v -22.32934230603409 91.33968539507414 10.664902263345978
v -22.32934230603409 91.33968539507414 10.664902263345978
v -21.842642069236756 91.44677785263596 11.283705780928846
v -22.501441777126313 89.60632582035535 11.129300075915545
v -22.01474154032898 89.71397980215298 11.747942431787093
v -22.767841756717683 87.44101121947071 10.944374630060535
v -22.699141443149568 87.61663153606297 11.662496990832272
v -22.212241530792237 87.72549991285568 12.28084458487845
v -22.87124240435791 86.40049715485866 11.223168891747004
v -18.921041429416658 89.63674251559026 12.08255413703051
v -18.81294244565201 87.62260283936253 12.622349203873945
v -15.961441338436126 87.61892728574412 12.623331261240597
v -16.687041461841584 89.70075285478418 12.065438070205571
v -22.802542090789796 86.57543223205849 11.941522624523321
v -22.699141443149568 87.61663153606297 11.662496990832272
v -22.802542090789796 86.57543223205849 11.941522624523321
v -22.315742016212464 86.68377106757802 12.559935047731923
v 22.162658035381316 93.62989254778371 9.286069295126707
v 21.837957262619017 96.86419487742832 8.41943972163586
v -18.75144237317276 86.57373296250262 12.903356711399333
v -10.21434211768341 88.1287960058552 12.42783396522273
v -11.672142088787078 90.35816571364235 11.830483640352044
v 22.02425754032898 89.71397980215298 11.747942431787093
v 22.221757530792235 87.72549991285568 12.28084458487845
v 22.708657443149566 87.61663153606297 11.662496990832272
v 22.51095777712631 89.60632582035535 11.129300075915545
v -18.925142228977204 91.37624417424676 11.616489953576773
v -11.22004234828186 97.08275198047598 10.028637771266089
v -7.868941814081192 88.08531547442068 11.026842646308465
v -8.031541794912338 87.88034666292207 12.082359167202725
v 8.041057794912339 87.88034666292207 12.082359167202725
v 7.878457814081192 88.08531547442068 11.026842646308465
v 15.983857273681641 108.32465237532364 6.1137603712875705
v 11.125458091123582 83.49011483374856 13.729611099838989
v 15.55915778837967 86.57451569145555 12.9031530043325
v 9.23765829168129 87.42379004302958 12.616700047580913
v 17.47255778275299 103.17110642458096 8.456138600628202
v 17.011457740886687 104.94286784574392 7.981326202548649
v 15.464158415420533 100.43960419667623 9.188011269454302
v 17.909157335384368 100.36477727228167 9.20802643831781
v 19.391858636959075 106.64118994517001 5.799644852840375
v 19.336758613212584 106.78233677094572 6.5270623031926736
v 19.336758613212584 106.78233677094572 6.5270623031926736
v 18.95105844698715 106.59319859132367 7.225197511757729
v 26.767759084327697 1.1788760636642979 34.05827407315117
v 30.248557090385436 1.337164418306329 34.01579354361455
v 30.089558720214843 1.5414186999852026 34.7058737286574
v 26.753757953269957 1.3920238832337815 34.75611814913154
v 23.105357646568297 1.337164418306329 34.01579354361455
v 23.243658303840636 1.5414186999852026 34.7058737286574
v 23.243658303840636 1.5414186999852026 34.7058737286574
v 26.753757953269957 1.3920238832337815 34.75611814913154
v 26.656256675346373 1.7130123256911205 35.27404372195799
v 23.916058301551818 1.7566433302581272 35.15912055413244
v 30.089558720214843 1.5414186999852026 34.7058737286574
v 29.316859006507872 1.7566433302581272 35.15912055413244
v 18.782958447559356 93.84004253663798 10.956374147570337
v 18.39055871926117 97.0321954309146 10.101018555470633
v 16.47545850239563 97.12510944461519 10.076118572285507
v 17.6986575718956 7.568244109203407 33.76828218938017
v 15.4946581121521 7.33592980875382 33.17597137359286
v 20.949858486278533 4.120935761276933 34.68260664659887
v 19.081957697494506 3.9590926761955636 34.07843289347776
v 19.081957697494506 3.9590926761955636 34.07843289347776
v 15.4946581121521 7.33592980875382 33.17597137359286
v 15.187558590991975 7.124969378441586 32.464943429497154
v 18.810857891662597 3.767756470068573 33.36448394707816
v 11.915157794578553 10.605203687708585 32.307117604836826
v 11.720158218963624 10.32379677661237 31.607857408691913
v 22.73005849085617 2.317805378030209 35.13886907907152
v 26.308156609161376 2.3674475825372854 35.35156537505032
v 25.210057258232116 4.179799393552922 34.90222599694272
v 29.878158926589965 2.317805378030209 35.13886907907152
v 30.269457459075927 4.051393823732452 34.42285794607735
v 31.447456836326598 2.1511098686512575 34.55782811626521
v 31.331358909233092 3.9590926761955636 34.07843289347776
v 31.331358909233092 3.9590926761955636 34.07843289347776
v 31.447456836326598 2.1511098686512575 34.55782811626521
v 31.672759413345336 1.9576416179588476 33.849518726889514
v 31.597559213264464 3.767756470068573 33.36448394707816
v 31.447456836326598 2.1511098686512575 34.55782811626521
v 31.672759413345336 1.9576416179588476 33.849518726889514
v 23.086057662590026 7.661689814541943 33.97397818842019
v 20.788158535583495 11.566598287442066 32.95491925046289
v 29.638056516273497 7.743313895382853 33.37571591317071
v 28.980256676300048 13.504123851797834 31.73087825579539
v 21.455158352478026 100.47058608492902 7.45311484262106
v 23.30865865908432 76.78230735274552 15.21304948343308
v 24.194158672912597 67.86716519372253 17.60183657635106
v 24.681158423049926 67.75783326434264 16.983676009776914
v 23.79555857144165 76.67409223238259 14.59456684993121
v 22.63825839720535 83.53255340650958 13.40431070059504
v 23.124958634002684 83.42468359169087 12.785713872102761
v 23.124958634002684 83.42468359169087 12.785713872102761
v 23.79555857144165 76.67409223238259 14.59456684993121
v 23.864157557113646 76.49925503041376 13.876239342751008
v 23.19365745745468 83.25040196375605 12.067224380199931
v 24.681158423049926 67.75783326434264 16.983676009776914
v 24.74995857439804 67.58167784194593 16.26561621581466
v 21.171957313640593 2.1511098686512575 34.55782811626521
v 21.171957313640593 2.1511098686512575 34.55782811626521
v 20.94995832405853 1.9576416179588476 33.849518726889514
v 30.7031587358551 7.698313917477934 33.078854465016015
v 29.965157866104125 13.594697532956623 31.50605983809009
v 29.965157866104125 13.594697532956623 31.50605983809009
v 30.7031587358551 7.698313917477934 33.078854465016015
v 31.015656947715758 7.511548184434057 32.361369457580714
v 30.229158758743285 13.41667879390069 30.77911552305295
v 20.365758299453734 104.02130307965388 7.9143242896769745
v 20.906858205421447 100.6975202313099 8.80501519159658
v 21.386757552249907 100.64454805440994 8.171622813295736
v 20.823358058555602 104.08428900365396 7.249988534797458
v 19.336758613212584 106.78233677094572 6.5270623031926736
v 20.823358058555602 104.08428900365396 7.249988534797458
v 20.88875776491928 103.92529395105943 6.527416542116006
v 19.391858636959075 106.64118994517001 5.799644852840375
v 21.386757552249907 100.64454805440994 8.171622813295736
v 10.285557865722657 93.92309973925265 9.46257109829976
v 10.216757714374543 93.57533251935165 8.201905620872799
v 10.243958294017792 91.71234050018398 8.701138835028425
v 10.3132576342659 92.04115115565759 9.966871132953605
v 10.767857789619447 94.23787000174376 10.378861780836408
v 10.797958135231019 92.22410147098583 10.91844621680005
v 10.148958176000596 90.55382530706291 10.365402197964137
v 10.610357731206895 90.63650474408723 11.343839837046891
v 10.083057790620805 90.23929671475379 9.09583581069513
v 22.0940575595932 93.80451391673145 10.004442329686183
v 21.769057273490905 97.0414731554614 9.137177911846289
v 21.607257485015868 93.91182220731436 10.623200319889778
v 22.0940575595932 93.80451391673145 10.004442329686183
v 21.769057273490905 97.0414731554614 9.137177911846289
v 21.283057391269683 97.14301050757638 9.757391642054271
v 22.51095777712631 89.60632582035535 11.129300075915545
v 22.338858306034087 91.33968539507414 10.664902263345978
v 22.338858306034087 91.33968539507414 10.664902263345978
v 21.852158069236754 91.44677785263596 11.283705780928846
v 22.77735775671768 87.44101121947071 10.944374630060535
v 22.88075840435791 86.40049715485866 11.223168891747004
v 22.708657443149566 87.61663153606297 11.662496990832272
v 22.812058090789794 86.57543223205849 11.941522624523321
v 22.812058090789794 86.57543223205849 11.941522624523321
v 22.325258016212462 86.68377106757802 12.559935047731923
v -26.583643198387147 49.02451252489113 21.237997371025415
v -25.662042141334535 58.30303618644519 18.75184273737687
v 18.9005584117012 83.42096097259089 13.748144303101997
v 18.76095837317276 86.57373296250262 12.903356711399333
v 15.970957338436127 87.61892728574412 12.623331261240597
v 10.223858117683411 88.1287960058552 12.42783396522273
v 11.68165808878708 90.35816571364235 11.830483640352044
v 16.696557461841582 89.70075285478418 12.065438070205571
v 18.822458445652007 87.62260283936253 12.622349203873945
v 9.100458085163117 88.61902249882858 9.529970618414337
v 9.146358131988526 88.90757759595519 10.806449221218578
v 18.930557429416655 89.63674251559026 12.08255413703051
v 18.934658228977202 91.37624417424676 11.616489953576773
v 11.229558348281861 97.08275198047598 10.028637771266089
v 15.545357822998048 76.69303313578529 15.550854229529131
v 19.403557538612365 76.6731758846149 15.556196510069572
v 15.96065765581894 67.77097163198529 17.941514022586475
v 20.1262578960495 67.7623741949996 17.943869051776343
v 17.6750586029129 31.273436070454824 27.720982197967615
v 23.55245804749298 23.368787781773165 29.839079932980816
v 23.12465763054657 31.16266519388563 27.7507253248004
v 22.90475821457672 18.68329028445022 31.09456419002359
v 17.264057755096434 40.051392977128344 25.36894134716546
v 22.399558186157225 40.00943046333733 25.380266185396472
v 21.6450572606163 49.21994868812111 22.912227727406822
v 20.88565832339096 58.49120747638818 20.428060821007428
v 28.550057172401427 21.948180968459283 29.915194314019658
v 29.241956829650878 21.58313989106679 29.358443256243866
v 27.869756579025267 30.862238414586336 27.517317116277553
v 28.36575663052368 30.661578301223628 26.923550060677137
v 28.36575663052368 30.661578301223628 26.923550060677137
v 29.241956829650878 21.58313989106679 29.358443256243866
v 29.351659178359984 21.37698055585734 28.646113142041578
v 28.43635833226013 30.467318392809844 26.210474550619892
v 26.95695912800598 40.05177403955061 25.05494033189747
v 27.445356607063292 39.927941238884245 24.440658970540767
v 26.03685712776947 49.31535923165254 22.572755067744467
v 26.524056553466796 49.20356643290223 21.955280717205376
v 26.524056553466796 49.20356643290223 21.955280717205376
v 27.445356607063292 39.927941238884245 24.440658970540767
v 27.51475727520752 39.74586513010216 23.724222282436358
v 26.593159198387145 49.02451252489113 21.237997371025415
v 25.115557074172973 58.59132411847465 20.08726053698343
v 25.6025568243103 58.480648032323664 19.46946447935202
v 25.6025568243103 58.480648032323664 19.46946447935202
v 25.671558141334533 58.30303618644519 18.75184273737687
v -28.54054117240143 21.948180968459283 29.915194314019658
v -29.23244082965088 21.58313989106679 29.358443256243866
v -29.23244082965088 21.58313989106679 29.358443256243866
v -29.342143178359986 21.37698055585734 28.646113142041578
v -28.356240630523683 30.661578301223628 26.923550060677137
v -28.426842332260133 30.46722051757883 26.210448325023776
v -27.86024057902527 30.862238414586336 27.517317116277553
v -28.356240630523683 30.661578301223628 26.923550060677137
v -26.947443128005983 40.05177403955061 25.05494033189747
v -27.435840607063295 39.927941238884245 24.440658970540767
v -27.435840607063295 39.927941238884245 24.440658970540767
v -27.50524127520752 39.74586513010216 23.724222282436358
v -26.514540553466798 49.20356643290223 21.955280717205376
v -26.02734112776947 49.31535923165254 22.572755067744467
v -26.514540553466798 49.20356643290223 21.955280717205376
v -25.106041074172975 58.59132411847465 20.08726053698343
v -25.593040824310304 58.480648032323664 19.46946447935202
v -25.593040824310304 58.480648032323664 19.46946447935202
v -22.895242214576722 18.68329028445022 31.09456419002359
v -23.542942047492982 23.368787781773165 29.839079932980816
v -17.665542602912904 31.273436070454824 27.720982197967615
v -23.11514163054657 31.16266519388563 27.7507253248004
v -17.254541755096437 40.051392977128344 25.36894134716546
v -22.390042186157228 40.00943046333733 25.380266185396472
v -21.635541260616304 49.21994868812111 22.912227727406822
v -20.87614232339096 58.49120747638818 20.428060821007428
v -9.457742363588332 88.80830529568422 11.83376164186256
v -9.136842131988525 88.90757759595519 10.806449221218578
v 9.146358131988526 88.90757759595519 10.806449221218578
v 9.467258363588334 88.80830529568422 11.83376164186256
v 8.67625778876114 88.24762542395509 11.983965157103817
v 8.444657981021882 88.41224617357166 10.939171697516256
v 7.85525819621849 87.81184563764104 9.74622682918043
v 7.878457814081192 88.08531547442068 11.026842646308465
v 8.444657981021882 88.41224617357166 10.939171697516256
v 8.411558031661988 88.13305159370397 9.660230717767476
v 9.728957771881104 95.94803016075544 8.919973365307142
v -9.719441771881103 95.94803016075544 8.919973365307142
v -9.655342191831588 95.5749222338721 7.666184481872859
v 9.66485819183159 95.5749222338721 7.666184481872859
v 10.177958070858002 96.44082879093972 9.78851318357738
v 9.728957771881104 95.94803016075544 8.919973365307142
v 9.66485819183159 95.5749222338721 7.666184481872859
v 11.707858055456162 9.813680778780359 29.70395618907694
v 11.707557797058106 9.931384414089443 30.143288832641275
v -11.698041797058105 9.931384414089443 30.143288832641275
v -11.69834205545616 9.813680778780359 29.70395618907694
v -9.136842131988525 88.90757759595519 10.806449221218578
v -9.090942085163116 88.61902249882858 9.529970618414337
v -9.457742363588332 88.80830529568422 11.83376164186256
v -10.600841731206893 90.63650474408723 11.343839837046891
v -8.666741788761138 88.24762542395509 11.983965157103817
v -8.43514198102188 88.41224617357166 10.939171697516256
v -8.43514198102188 88.41224617357166 10.939171697516256
v -8.402042031661987 88.13305159370397 9.660230717767476
v -7.868941814081192 88.08531547442068 11.026842646308465
v -7.845742196218491 87.81184563764104 9.74622682918043
v -10.168442070858001 96.44092666617072 9.788539409173497
v 10.177958070858002 96.44082879093972 9.78851318357738
v -9.655342191831588 95.5749222338721 7.666184481872859
v -9.719441771881103 95.94803016075544 8.919973365307142
v -10.168442070858001 96.44092666617072 9.788539409173497
v -8.666741788761138 88.24762542395509 11.983965157103817
v -10.788442135231017 92.22410147098583 10.91844621680005
v -10.758341789619445 94.23787000174376 10.378861780836408
v -10.168442070858001 96.44092666617072 9.788539409173497
v 10.177958070858002 96.44082879093972 9.78851318357738
v 10.610357731206895 90.63650474408723 11.343839837046891
v 9.467258363588334 88.80830529568422 11.83376164186256
v 8.67625778876114 88.24762542395509 11.983965157103817
v 10.797958135231019 92.22410147098583 10.91844621680005
v 10.767857789619447 94.23787000174376 10.378861780836408
v 11.915157794578553 10.605203687708585 32.307117604836826
v -11.905641794578552 10.605203687708585 32.307117604836826
v -11.710642218963622 10.32379677661237 31.607857408691913
v 11.720158218963624 10.32379677661237 31.607857408691913
vt 0.24415899813175201 0.8186749964952469
vt 0.11409799754619598 0.8059840053319931
vt 0.11653800308704376 0.8146470040082932
vt 0.24007700383663177 0.8266939967870712
vt 0.9733520150184631 0.13713699579238892
vt 0.9733589887619019 0.10815298557281494
vt 0.9650689959526062 0.10816901922225952
vt 0.9650560021400452 0.13717198371887207
vt 0.45983999967575073 0.7210809886455536
vt 0.45153599977493286 0.7210060060024261
vt 0.45153599977493286 0.9690080005675554
vt 0.45983999967575073 0.9689329992979765
vt 0.9733409881591797 0.1631230115890503
vt 0.9758309721946716 0.1631699800491333
vt 0.9758399724960327 0.13716500997543335
vt 0.9758470058441162 0.10816097259521484
vt 0.877364993095398 0.4566730260848999
vt 0.8798580169677734 0.456637978553772
vt 0.8794739842414856 0.4282429814338684
vt 0.8769789934158325 0.428272008895874
vt 0.8777520060539246 0.4836620092391968
vt 0.8802459836006165 0.48361897468566895
vt 0.4464699923992157 0.7210629880428314
vt 0.45206499099731445 0.6920590102672577
vt 0.44958099722862244 0.6920129954814911
vt 0.9733330011367798 0.18293297290802002
vt 0.9733279943466187 0.1968889832496643
vt 0.9758189916610718 0.19693899154663086
vt 0.9758239984512329 0.18298500776290894
vt 0.9733189940452576 0.2212979793548584
vt 0.9733089804649353 0.24666297435760498
vt 0.9758020043373108 0.24671202898025513
vt 0.9758120179176331 0.221343994140625
vt 0.9733219742774963 0.21292400360107422
vt 0.9758139848709106 0.21296697854995728
vt 0.9980400204658508 0.9164299964904785
vt 0.9955520033836365 0.9164580032229424
vt 0.9955589771270752 0.9454419985413551
vt 0.9980469942092896 0.9454340003430843
vt 0.9980310201644897 0.8904249966144562
vt 0.995540976524353 0.8904720023274422
vt 0.8272020220756531 0.10630601644515991
vt 0.8275920152664185 0.07931798696517944
vt 0.8250970244407654 0.0792739987373352
vt 0.8247079849243164 0.10627102851867676
vt 0.8268179893493652 0.1346989870071411
vt 0.8243240118026733 0.13467001914978027
vt 0.45206499099731445 0.9979550000280142
vt 0.4464699923992157 0.9689509999006987
vt 0.44958099722862244 0.9980009999126196
vt 0.9980239868164062 0.8706099987030029
vt 0.9955340027809143 0.8706620037555695
vt 0.9980189800262451 0.8566569983959198
vt 0.995527982711792 0.8567059934139252
vt 0.998013973236084 0.8406279981136322
vt 0.9955220222473145 0.8406710028648376
vt 0.9980120062828064 0.8322509974241257
vt 0.9955189824104309 0.8322969973087311
vt 0.9980019927024841 0.8068830072879791
vt 0.9955090284347534 0.8069320023059845
vt 0.9731799960136414 0.5225250124931335
vt 0.9756739735603333 0.5225520133972168
vt 0.9757130146026611 0.4477599859237671
vt 0.9732170104980469 0.4477260112762451
vt 0.9757459759712219 0.3729640245437622
vt 0.97325199842453 0.37292397022247314
vt 0.9731040000915527 0.6720269918441772
vt 0.9755970239639282 0.6720409989356995
vt 0.9756349921226501 0.5973129868507385
vt 0.9731420278549194 0.5972920060157776
vt 0.9979130029678345 0.6058340072631836
vt 0.9978740215301514 0.5310429930686951
vt 0.9953799843788147 0.5310699939727783
vt 0.9954169988632202 0.6058689951896667
vt 0.99794602394104 0.680631011724472
vt 0.9954519867897034 0.6806710064411163
vt 0.9978349804878235 0.45628201961517334
vt 0.9977970123291016 0.3815529942512512
vt 0.9953039884567261 0.3815680146217346
vt 0.9953420162200928 0.4563030004501343
vt 0.9979779720306396 0.7524940073490143
vt 0.9954839944839478 0.7525410056114197
vt 0.8246889710426331 0.2130330204963684
vt 0.8250560164451599 0.25019901990890503
vt 0.8275489807128906 0.25017601251602173
vt 0.8271819949150085 0.2130100131034851
vt 0.82430100440979 0.174127995967865
vt 0.8267930150032043 0.17410802841186523
vt 0.8241569995880127 0.15209901332855225
vt 0.8266479969024658 0.1521030068397522
vt 0.9979029893875122 0.19656997919082642
vt 0.9980469942092896 0.1662769913673401
vt 0.9955580234527588 0.1662759780883789
vt 0.9954130053520203 0.1965619921684265
vt 0.9977840185165405 0.2442389726638794
vt 0.9952930212020874 0.244238018989563
vt 0.9977629780769348 0.30836302042007446
vt 0.9952719807624817 0.3083699941635132
vt 0.9980130195617676 0.973411999642849
vt 0.9955260157585144 0.9734000004827976
vt 0.9977890253067017 0.9980260001029819
vt 0.9953010082244873 0.9980029999278486
vt 0.8253480195999146 0.06715202331542969
vt 0.8278459906578064 0.06720399856567383
vt 0.9979820251464844 0.15175700187683105
vt 0.9954900145530701 0.1517680287361145
vt 0.9757779836654663 0.30110102891921997
vt 0.9732840061187744 0.3010540008544922
vt 0.8802019953727722 0.312762975692749
vt 0.8777089715003967 0.3127409815788269
vt 0.8773459792137146 0.3498920202255249
vt 0.8798390030860901 0.3499159812927246
vt 0.8769559860229492 0.3887929916381836
vt 0.8794490098953247 0.38881397247314453
vt 0.8768069744110107 0.4108330011367798
vt 0.8793010115623474 0.41082900762557983
vt 0.9733579754829407 0.8873189985752106
vt 0.9758470058441162 0.8873189985752106
vt 0.9757019877433777 0.8570249974727631
vt 0.9732130169868469 0.8570329993963242
vt 0.9755839705467224 0.8093560039997101
vt 0.9730929732322693 0.8093570023775101
vt 0.9755629897117615 0.7452319860458374
vt 0.9730709791183472 0.7452250123023987
vt 0.9758120179176331 0.08018302917480469
vt 0.9733260273933411 0.08019500970840454
vt 0.9755889773368835 0.05556899309158325
vt 0.973101019859314 0.05559200048446655
vt 0.8780009746551514 0.49577897787094116
vt 0.8804979920387268 0.4957280158996582
vt 0.9732900261878967 0.9018279984593391
vt 0.9757819771766663 0.9018390029668808
vt 0.05957600101828575 0.797432005405426
vt 0.1076660007238388 0.8090460002422333
vt 0.0926700010895729 0.7757779955863953
vt 0.05252400040626526 0.9310230016708374
vt 0.04965199902653694 0.9082470014691353
vt 0.03085700049996376 0.905860997736454
vt 0.03211500123143196 0.9285539984703064
vt 0.05165199935436249 0.9485559985041618
vt 0.03432900086045265 0.9429839998483658
vt 0.2778730094432831 0.9706820007413626
vt 0.28041398525238037 0.9533130005002022
vt 0.4639190137386322 0.9687420018017292
vt 0.4639190137386322 0.7212719917297363
vt 0.04160900041460991 0.9693989995867014
vt 0.2836880087852478 0.9930730001069605
vt 0.013904999941587448 0.9586949981749058
vt 0.03896399959921837 0.9738999996334314
vt 0.018094999715685844 0.955350000411272
vt 0.46036800742149353 0.692207008600235
vt 0.4644550085067749 0.6924949884414673
vt 0.8881679773330688 0.45652300119400024
vt 0.8885440230369568 0.483473002910614
vt 0.8924880027770996 0.4822530150413513
vt 0.8921719789505005 0.45635902881622314
vt 0.03959700092673302 0.10904902219772339
vt 0.013420999981462955 0.10920202732086182
vt 0.01955600082874298 0.111611008644104
vt 0.04004399850964546 0.1126599907875061
vt 0.06681399792432785 0.1137930154800415
vt 0.06107800081372261 0.1154170036315918
vt 0.8877779841423035 0.42814499139785767
vt 0.8917549848556519 0.42912399768829346
vt 0.042243000119924545 0.8551270067691803
vt 0.029076000675559044 0.8530880063772202
vt 0.02966500073671341 0.8788919970393181
vt 0.04437699913978577 0.8810459971427917
vt 0.09152399748563766 0.24611598253250122
vt 0.08974900096654892 0.2920529842376709
vt 0.3675000071525574 0.3192030191421509
vt 0.37465599179267883 0.27379900217056274
vt 0.10442399978637695 0.16592198610305786
vt 0.13406400382518768 0.2005000114440918
vt 0.14688299596309662 0.1949080228805542
vt 0.12175200134515762 0.1666889786720276
vt 0.8925570249557495 0.3516960144042969
vt 0.8928869962692261 0.3135640025138855
vt 0.88850998878479 0.31291502714157104
vt 0.8881469964981079 0.3500400185585022
vt 0.8920320272445679 0.3904860019683838
vt 0.8877509832382202 0.388899028301239
vt 0.08203999698162079 0.13609099388122559
vt 0.0968480035662651 0.13714498281478882
vt 0.07883799821138382 0.49852699041366577
vt 0.07497400045394897 0.5727750062942505
vt 0.32766300439834595 0.5974529981613159
vt 0.338238000869751 0.5238659977912903
vt 0.06736599653959274 0.7185440063476562
vt 0.07111299782991409 0.647026002407074
vt 0.039007000625133514 0.6438210010528564
vt 0.03763300180435181 0.7154830098152161
vt 0.03625300154089928 0.7697360068559647
vt 0.34176599979400635 0.22081100940704346
vt 0.33027398586273193 0.21284198760986328
vt 0.9872249960899353 0.8566440045833588
vt 0.9872329831123352 0.8705960065126419
vt 0.30692899227142334 0.8610440045595169
vt 0.2669749855995178 0.8629020005464554
vt 0.26493799686431885 0.8813209980726242
vt 0.305184006690979 0.8808280006051064
vt 0.08162800222635269 0.8633829951286316
vt 0.08318199962377548 0.8449259996414185
vt 0.04435199871659279 0.8353870064020157
vt 0.06968899816274643 0.12050598859786987
vt 0.0422619991004467 0.11784398555755615
vt 0.007974999956786633 0.11441200971603394
vt 0.04928300157189369 0.1329669952392578
vt 0.008434000425040722 0.12896299362182617
vt 0.002460000105202198 0.11379402875900269
vt 0.8928869962692261 0.49387598037719727
vt 0.8888170123100281 0.49555397033691406
vt 0.9605569839477539 0.8871179968118668
vt 0.9605939984321594 0.9016539976000786
vt 0.9649869799613953 0.9017879962921143
vt 0.9650800228118896 0.8873189985752106
vt 0.0019529999699443579 0.1283460259437561
vt 0.06292600184679031 0.16224199533462524
vt 0.009960999712347984 0.15898799896240234
vt 0.07761900126934052 0.1950169801712036
vt 0.010538999922573566 0.20643198490142822
vt 0.9650430083274841 0.16318202018737793
vt 0.007329999934881926 0.7140370011329651
vt 0.007462000008672476 0.6422190070152283
vt 0.0023479999508708715 0.6422680020332336
vt 0.0022150001022964716 0.7140960097312927
vt 0.9608820080757141 0.30119001865386963
vt 0.9608460068702698 0.37304097414016724
vt 0.9649360179901123 0.3729730248451233
vt 0.9649710059165955 0.30111199617385864
vt 0.960910975933075 0.24680697917938232
vt 0.9649980068206787 0.24672400951385498
vt 0.007224999833852053 0.768433004617691
vt 0.0021069999784231186 0.7684939950704575
vt 0.08220099657773972 0.12107998132705688
vt 0.8916879892349243 0.41227298974990845
vt 0.8875769972801208 0.41081899404525757
vt 0.9650329947471619 0.18299901485443115
vt 0.0038950000889599323 0.15859997272491455
vt 0.9601969718933105 0.8567910045385361
vt 0.9649149775505066 0.8570650070905685
vt 0.9602130055427551 0.8092650026082993
vt 0.9647909998893738 0.8093719929456711
vt 0.004980999976396561 0.20608198642730713
vt 0.009105999954044819 0.9339059963822365
vt 0.007356000132858753 0.9069899991154671
vt 0.002230999991297722 0.9075689986348152
vt 0.004137999843806028 0.9356940016150475
vt 0.9609749913215637 0.08034497499465942
vt 0.9609889984130859 0.10823798179626465
vt 0.9650490283966064 0.08023899793624878
vt 0.9607260227203369 0.055863022804260254
vt 0.9648119807243347 0.055667996406555176
vt 0.30037200450897217 0.18499797582626343
vt 0.3075529932975769 0.18480098247528076
vt 0.3072809875011444 0.16987097263336182
vt 0.3000969886779785 0.16991698741912842
vt 0.3071720004081726 0.15800100564956665
vt 0.29998698830604553 0.15793001651763916
vt 0.3888719975948334 0.9778409991413355
vt 0.39327898621559143 0.9730459991842508
vt 0.38428300619125366 0.965123001486063
vt 0.37929901480674744 0.9693369995802641
vt 0.4017010033130646 0.9876349996775389
vt 0.4052659869194031 0.982201000675559
vt 0.9609619975090027 0.16326099634170532
vt 0.9609760046005249 0.13722801208496094
vt 0.007120000198483467 0.8782870024442673
vt 0.0019920000340789557 0.878420002758503
vt 0.007079999893903732 0.852195993065834
vt 0.0019529999699443579 0.8522720038890839
vt 0.9609410166740417 0.197035014629364
vt 0.965025007724762 0.1969509720802307
vt 0.9609500169754028 0.1830880045890808
vt 0.007091999985277653 0.83228899538517
vt 0.001964000053703785 0.8323609977960587
vt 0.00711200013756752 0.8182969987392426
vt 0.0019859999883919954 0.8183600008487701
vt 0.9650160074234009 0.21297800540924072
vt 0.007145999930799007 0.8022470027208328
vt 0.0020230000372976065 0.8022979944944382
vt 0.9650110006332397 0.22135502099990845
vt 0.05558700114488602 0.8054690062999725
vt 0.033580001443624496 0.8033609986305237
vt 0.03118100017309189 0.8193780034780502
vt 0.0483740009367466 0.8215599954128265
vt 0.9609249830245972 0.22143298387527466
vt 0.9609310030937195 0.2130500078201294
vt 0.0071680000983178616 0.7938410043716431
vt 0.0020469999872148037 0.7938960045576096
vt 0.9872429966926575 0.8904139995574951
vt 0.9872570037841797 0.916423998773098
vt 0.03487199917435646 0.7950250059366226
vt 0.09951099753379822 0.8139539957046509
vt 0.08654200285673141 0.8306719958782196
vt 0.35486599802970886 0.8367410004138947
vt 0.3498480021953583 0.8357030004262924
vt 0.34678301215171814 0.8514630049467087
vt 0.3518030047416687 0.8525149971246719
vt 0.029803000390529633 0.8332789987325668
vt 0.08488199859857559 0.8847530037164688
vt 0.36519598960876465 0.8182100057601929
vt 0.36519598960876465 0.9426270015537739
vt 0.37162598967552185 0.9413679987192154
vt 0.37162598967552185 0.8194680064916611
vt 0.28541100025177 0.9979979998897761
vt 0.2993209958076477 0.8208460062742233
vt 0.26754099130630493 0.7928480058908463
vt 0.24987900257110596 0.8229310065507889
vt 0.3009139895439148 0.9548429995775223
vt 0.29594698548316956 0.9685700014233589
vt 0.3065440058708191 0.9328219965100288
vt 0.2876400053501129 0.9315270036458969
vt 0.46036800742149353 0.9978060000576079
vt 0.4644550085067749 0.9975179999601096
vt 0.31293898820877075 0.9879409996792674
vt 0.3094770014286041 0.9838479999452829
vt 0.8398380279541016 0.08068597316741943
vt 0.8358920216560364 0.07946497201919556
vt 0.8355119824409485 0.10642200708389282
vt 0.8395169973373413 0.10658597946166992
vt 0.8351190090179443 0.13479799032211304
vt 0.8390949964523315 0.13381999731063843
vt 0.4509719908237457 0.15289700031280518
vt 0.45209699869155884 0.14944499731063843
vt 0.42452698945999146 0.14882898330688477
vt 0.42983299493789673 0.15153199434280396
vt 0.471220999956131 0.15575599670410156
vt 0.47772300243377686 0.15457499027252197
vt 0.3129329979419708 0.9065859988331795
vt 0.3185020089149475 0.8813719972968102
vt 0.2980790138244629 0.9058550000190735
vt 0.37754198908805847 0.19264298677444458
vt 0.3603990077972412 0.19003498554229736
vt 0.40527600049972534 0.16773200035095215
vt 0.39055201411247253 0.16589397192001343
vt 0.8354920148849487 0.21288400888442993
vt 0.8399029970169067 0.21122699975967407
vt 0.8393719792366028 0.1724349856376648
vt 0.8350920081138611 0.17402201890945435
vt 0.835860013961792 0.2500230073928833
vt 0.8402389883995056 0.24937397241592407
vt 0.4204060137271881 0.15484899282455444
vt 0.4478110074996948 0.15755200386047363
vt 0.4379970133304596 0.17101800441741943
vt 0.475057989358902 0.16023802757263184
vt 0.4769060015678406 0.1748030185699463
vt 0.4875819981098175 0.1611899733543396
vt 0.4853239953517914 0.17562299966812134
vt 0.9871870279312134 0.1518080234527588
vt 0.982795000076294 0.15194100141525269
vt 0.9827569723129272 0.1664770245552063
vt 0.987280011177063 0.1662759780883789
vt 0.8402389883995056 0.06905901432037354
vt 0.8361679911613464 0.06738001108169556
vt 0.41894999146461487 0.1970769762992859
vt 0.39819398522377014 0.22637397050857544
vt 0.46923598647117615 0.20383602380752563
vt 0.4597100019454956 0.24943697452545166
vt 0.9872689843177795 0.9454259984195232
vt 0.3854700028896332 0.6796750128269196
vt 0.38046199083328247 0.6786369979381561
vt 0.3667050004005432 0.7491180002689362
vt 0.37171199917793274 0.7501640021800995
vt 0.35629698634147644 0.8025069981813431
vt 0.36130601167678833 0.8035549968481064
vt 0.9871709942817688 0.752482995390892
vt 0.9830819964408875 0.7524050027132034
vt 0.9831110239028931 0.8067879974842072
vt 0.987197995185852 0.8068709969520569
vt 0.9871360063552856 0.680622011423111
vt 0.9830459952354431 0.6805540025234222
vt 0.4080300033092499 0.15298497676849365
vt 0.8349170088768005 0.15211397409439087
vt 0.839024007320404 0.15065997838974
vt 0.4775579869747162 0.20493602752685547
vt 0.46726399660110474 0.25126999616622925
vt 0.9871150255203247 0.19652998447418213
vt 0.9823970198631287 0.1968039870262146
vt 0.9824129939079285 0.24432998895645142
vt 0.9869909882545471 0.2442229986190796
vt 0.33430400490760803 0.9400420002639294
vt 0.32938700914382935 0.9384800009429455
vt 0.32245299220085144 0.9645529985427856
vt 0.3269810080528259 0.9672700017690659
vt 0.9872490167617798 0.9733559992164373
vt 0.9831749796867371 0.97325100004673
vt 0.9829270243644714 0.9977319999597967
vt 0.9870120286941528 0.997927000047639
vt 0.9831889867782593 0.9453569985926151
vt 0.2932150065898895 0.15608900785446167
vt 0.293487012386322 0.1411600112915039
vt 0.2863050103187561 0.14096200466156006
vt 0.28602999448776245 0.15604299306869507
vt 0.39327898621559143 0.7877900004386902
vt 0.4052659869194031 0.7786349952220917
vt 0.4017010033130646 0.7732010036706924
vt 0.3888719975948334 0.7829950004816055
vt 0.38428300619125366 0.7957130074501038
vt 0.37929901480674744 0.7915000021457672
vt 0.29310500621795654 0.16795897483825684
vt 0.28591999411582947 0.1680300235748291
vt 0.983161985874176 0.890334002673626
vt 0.9831759929656982 0.9163670018315315
vt 0.3401859998703003 0.9114779978990555
vt 0.34528398513793945 0.8858150020241737
vt 0.34026598930358887 0.8847490027546883
vt 0.33517900109291077 0.9103550016880035
vt 0.9831410050392151 0.856560006737709
vt 0.9831500053405762 0.870507001876831
vt 0.34912198781967163 0.8662649989128113
vt 0.34410199522972107 0.8652029931545258
vt 0.9872159957885742 0.8406170010566711
vt 0.9872109889984131 0.8322400003671646
vt 0.9831309914588928 0.8405449986457825
vt 0.9831249713897705 0.8321619927883148
vt 0.3564620018005371 0.8284920006990433
vt 0.3514469861984253 0.8274500072002411
vt 0.9648990035057068 0.4477670192718506
vt 0.9648650288581848 0.5225560069084167
vt 0.3240309953689575 0.8232599943876266
vt 0.32756099104881287 0.7981760054826736
vt 0.3016839921474457 0.8295059949159622
vt 0.25693199038505554 0.8293319940567017
vt 0.26642999053001404 0.8482570052146912
vt 0.30565300583839417 0.8466939926147461
vt 0.3236890137195587 0.8316909968852997
vt 0.29344600439071655 0.1830030083656311
vt 0.28626900911331177 0.18333202600479126
vt 0.32295000553131104 0.8478749990463257
vt 0.3216170072555542 0.8617870062589645
vt 0.25762099027633667 0.9016639962792397
vt 0.33669599890708923 0.7446779906749725
vt 0.3069320023059845 0.7419320046901703
vt 0.34920498728752136 0.674109011888504
vt 0.3170880079269409 0.6710439920425415
vt 0.4101870059967041 0.32248198986053467
vt 0.35874098539352417 0.3811050057411194
vt 0.40081799030303955 0.38432300090789795
vt 0.4088729918003082 0.2846289873123169
vt 0.3883430063724518 0.4543600082397461
vt 0.34873101115226746 0.4508320093154907
vt 0.3753550052642822 0.5272870063781738
vt 0.362280011177063 0.6006970107555389
vt 0.4497489929199219 0.3155360221862793
vt 0.4562489986419678 0.3145560026168823
vt 0.43758800625801086 0.38612300157546997
vt 0.44273799657821655 0.3864250183105469
vt 0.9869670271873474 0.3083609938621521
vt 0.9828220009803772 0.30856597423553467
vt 0.9829109907150269 0.3816319704055786
vt 0.9869959950447083 0.3815540075302124
vt 0.4234119951725006 0.4587560296058655
vt 0.42844200134277344 0.4596800208091736
vt 0.40911000967025757 0.5319850146770477
vt 0.41412100195884705 0.5330030024051666
vt 0.9870309829711914 0.456279993057251
vt 0.9829429984092712 0.4562600255012512
vt 0.9829750061035156 0.5309939980506897
vt 0.9870650172233582 0.5310379862785339
vt 0.39478498697280884 0.6053110063076019
vt 0.3997940123081207 0.6063399910926819
vt 0.9870989918708801 0.6058279871940613
vt 0.9830080270767212 0.6057719886302948
vt 0.009747999720275402 0.27252197265625
vt 0.0035510000307112932 0.27031999826431274
vt 0.9606209993362427 0.7450290024280548
vt 0.9647660255432129 0.7452340126037598
vt 0.9607099890708923 0.6719630062580109
vt 0.9647960066795349 0.6720409989356995
vt 0.008018000051379204 0.3441449999809265
vt 0.0029070000164210796 0.3434450030326843
vt 0.00786800030618906 0.41815799474716187
vt 0.0027540000155568123 0.41808998584747314
vt 0.9607430100440979 0.597335010766983
vt 0.9648309946060181 0.5973140001296997
vt 0.9607750177383423 0.5226010084152222
vt 0.007728000171482563 0.4927780032157898
vt 0.0026140001136809587 0.4928079843521118
vt 0.007594000082463026 0.5674979984760284
vt 0.0024800000246614218 0.5675379931926727
vt 0.9608079791069031 0.4478229880332947
vt 0.05584999918937683 0.25011301040649414
vt 0.04722600057721138 0.28700101375579834
vt 0.08635599911212921 0.35448598861694336
vt 0.04444599896669388 0.3494960069656372
vt 0.08267799764871597 0.42483800649642944
vt 0.04312799870967865 0.420632004737854
vt 0.04175800085067749 0.4947010278701782
vt 0.04038099944591522 0.5692600011825562
vt 0.37562400102615356 0.9525020010769367
vt 0.3697090148925781 0.9551599994301796
vt 0.36970800161361694 0.8056769967079163
vt 0.37562400102615356 0.8083339929580688
vt 0.3669700026512146 0.8127599954605103
vt 0.3732050061225891 0.8146120011806488
vt 0.286624014377594 0.19005101919174194
vt 0.28692901134490967 0.19514697790145874
vt 0.2940939962863922 0.1946060061454773
vt 0.29379498958587646 0.18959802389144897
vt 0.38703998923301697 0.955520998686552
vt 0.39420899748802185 0.9560169987380505
vt 0.39420899748802185 0.8054669946432114
vt 0.38703998923301697 0.8059639930725098
vt 0.4199180006980896 0.7704360038042068
vt 0.4175809919834137 0.7642360031604767
vt 0.2940939962863922 0.12458699941635132
vt 0.2869189977645874 0.12418299913406372
vt 0.8999999761581421 0.3071709871292114
vt 0.8999999761581421 0.12598997354507446
vt 0.8975080251693726 0.1259869933128357
vt 0.8975080251693726 0.30717402696609497
vt 0.3075129985809326 0.14295697212219238
vt 0.30033600330352783 0.142628014087677
vt 0.10491299629211426 0.8209480047225952
vt 0.09472999721765518 0.8346209973096848
vt 0.3669700026512146 0.9480770006775856
vt 0.3732050061225891 0.9462240003049374
vt 0.3078620135784149 0.1363620162010193
vt 0.30069100856781006 0.13590997457504272
vt 0.3081609904766083 0.1313539743423462
vt 0.30099600553512573 0.13081300258636475
vt 0.399850994348526 0.9594920016825199
vt 0.399850994348526 0.8019919991493225
vt 0.3009850084781647 0.20177698135375977
vt 0.3081609904766083 0.20137298107147217
vt 0.4175809919834137 0.996599999954924
vt 0.4199180006980896 0.9903999995440245
vt 0.11139599978923798 0.8170820027589798
vt 0.09205800294876099 0.8470900058746338
vt 0.09073600172996521 0.8631089925765991
vt 0.09356299787759781 0.8810010030865669
vt 0.2498289942741394 0.8963140025734901
vt 0.257627010345459 0.8505509942770004
vt 0.25027400255203247 0.8351520001888275
vt 0.24465599656105042 0.8300919979810715
vt 0.4586839973926544 0.6856119930744171
vt 0.4658670127391815 0.6857919991016388
vt 0.4658670127391815 0.5638920068740845
vt 0.4586839973926544 0.5640720129013062
vt 0.257845014333725 0.8633120059967041
vt 0.2560510039329529 0.8792980015277863
vt 0.9083060026168823 0.30726897716522217
vt 0.9124659895896912 0.30877798795700073
vt 0.9124659895896912 0.12438297271728516
vt 0.9083060026168823 0.12589198350906372
vt 0.5925229787826538 0.33538001775741577
vt 0.5899850130081177 0.34289997816085815
vt 0.719914972782135 0.3293740153312683
vt 0.7158989906311035 0.3225259780883789
vt 0.7496340274810791 0.09832102060317993
vt 0.7469660043716431 0.08945101499557495
vt 0.7198259830474854 0.08943301439285278
vt 0.7224770188331604 0.09830701351165771
vt 0.4409489929676056 0.9689990002661943
vt 0.4409489929676056 0.721013993024826
vt 0.4316670000553131 0.7210760116577148
vt 0.4316670000553131 0.9689380005002022
vt 0.6946449875831604 0.08675098419189453
vt 0.6954939961433411 0.08941501379013062
vt 0.7189940214157104 0.08676999807357788
vt 0.7461529970169067 0.08678799867630005
vt 0.16777600347995758 0.1365569829940796
vt 0.13953499495983124 0.13362902402877808
vt 0.13921299576759338 0.13639700412750244
vt 0.16745799779891968 0.13932597637176514
vt 0.11277700215578079 0.1301569938659668
vt 0.11244899779558182 0.13292598724365234
vt 0.44397199153900146 0.6925579905509949
vt 0.44675499200820923 0.6925190091133118
vt 0.6630269885063171 0.08672499656677246
vt 0.6638789772987366 0.08938997983932495
vt 0.6769459843635559 0.08939999341964722
vt 0.6760920286178589 0.08673602342605591
vt 0.6164270043373108 0.08668601512908936
vt 0.6172789931297302 0.08935302495956421
vt 0.6410260200500488 0.08937102556228638
vt 0.6401770114898682 0.0867050290107727
vt 0.6488659977912903 0.0893779993057251
vt 0.6480200290679932 0.08671200275421143
vt 0.7469660043716431 0.07604002952575684
vt 0.7198259830474854 0.07605701684951782
vt 0.7189940214157104 0.07871997356414795
vt 0.7461529970169067 0.07870197296142578
vt 0.6954939961433411 0.07607501745223999
vt 0.6946449875831604 0.0787389874458313
vt 0.8507750034332275 0.3757479786872864
vt 0.8535429835319519 0.3754199743270874
vt 0.8500720262527466 0.34866201877593994
vt 0.8473039865493774 0.3489840030670166
vt 0.8471440076828003 0.3204209804534912
vt 0.8443740010261536 0.3207389712333679
vt 0.44397199153900146 0.9974559999536723
vt 0.44675400853157043 0.9974950000178069
vt 0.6769459843635559 0.07608997821807861
vt 0.6760920286178589 0.0787540078163147
vt 0.6638789772987366 0.07609999179840088
vt 0.6630269885063171 0.07876497507095337
vt 0.6488659977912903 0.07611197233200073
vt 0.6480200290679932 0.07877802848815918
vt 0.6410260200500488 0.07611900568008423
vt 0.6401770114898682 0.0787850022315979
vt 0.6172789931297302 0.0761370062828064
vt 0.6164259910583496 0.07880401611328125
vt 0.42820701003074646 0.08654797077178955
vt 0.35819101333618164 0.08650398254394531
vt 0.3590239882469177 0.08917200565338135
vt 0.42904600501060486 0.08921897411346436
vt 0.4982300102710724 0.08660000562667847
vt 0.4990749955177307 0.0892680287361145
vt 0.2882060110569 0.08645898103713989
vt 0.2182530015707016 0.08641397953033447
vt 0.21907199919223785 0.08907902240753174
vt 0.2890329957008362 0.08912599086761475
vt 0.3590239882469177 0.07631802558898926
vt 0.35819101333618164 0.07898598909378052
vt 0.42820701003074646 0.07894200086593628
vt 0.42904600501060486 0.07627201080322266
vt 0.4982300102710724 0.07889097929000854
vt 0.4990749955177307 0.0762220025062561
vt 0.21907299757003784 0.07641100883483887
vt 0.2182530015707016 0.07907599210739136
vt 0.2882060110569 0.07903099060058594
vt 0.2890329957008362 0.07636398077011108
vt 0.5655080080032349 0.07884198427200317
vt 0.5663579702377319 0.07617402076721191
vt 0.8556020259857178 0.20837998390197754
vt 0.8528299927711487 0.20865398645401
vt 0.8493040204048157 0.2445099949836731
vt 0.85207599401474 0.2442370057106018
vt 0.8455939888954163 0.28204602003097534
vt 0.8483660221099854 0.2817699909210205
vt 0.8437790274620056 0.30340397357940674
vt 0.8465499877929688 0.30310600996017456
vt 0.017490999773144722 0.0767359733581543
vt 0.016685999929904938 0.07939797639846802
vt 0.045065999031066895 0.07931602001190186
vt 0.045862000435590744 0.07665097713470459
vt 0.08970700204372406 0.07919901609420776
vt 0.09051000326871872 0.0765339732170105
vt 0.14973999559879303 0.07912302017211914
vt 0.15055200457572937 0.07645899057388306
vt 0.7723780274391174 0.07871997356414795
vt 0.7731710076332092 0.07605600357055664
vt 0.7957580089569092 0.07939797639846802
vt 0.7965409755706787 0.07673001289367676
vt 0.8535550236701965 0.387408971786499
vt 0.8563249707221985 0.38707399368286133
vt 0.003918999806046486 0.07671397924423218
vt 0.0031030001118779182 0.07937699556350708
vt 0.5655080080032349 0.08664900064468384
vt 0.5663579702377319 0.08931601047515869
vt 0.2436870038509369 0.1343960165977478
vt 0.2795430123806 0.1308709979057312
vt 0.27981600165367126 0.12809902429580688
vt 0.24395999312400818 0.1316239833831787
vt 0.20615099370479584 0.13810598850250244
vt 0.20642699301242828 0.1353350281715393
vt 0.18479299545288086 0.13992100954055786
vt 0.18509100377559662 0.13715100288391113
vt 0.045065999031066895 0.08617401123046875
vt 0.016685999929904938 0.08609199523925781
vt 0.017490999773144722 0.08875399827957153
vt 0.045862000435590744 0.08883899450302124
vt 0.08970700204372406 0.08629101514816284
vt 0.09051000326871872 0.08895599842071533
vt 0.14973899722099304 0.08636701107025146
vt 0.15055200457572937 0.08903199434280396
vt 0.7723780274391174 0.08677101135253906
vt 0.7731710076332092 0.08943498134613037
vt 0.7957580089569092 0.08609199523925781
vt 0.7965409755706787 0.08876001834869385
vt 0.10078799724578857 0.13014602661132812
vt 0.10112299770116806 0.1273760199546814
vt 0.003102000104263425 0.08611297607421875
vt 0.003918999806046486 0.08877599239349365
vt 0.5835559964179993 0.3400999903678894
vt 0.5354539752006531 0.3514469861984253
vt 0.5685290098190308 0.37133097648620605
vt 0.5068150162696838 0.25020498037338257
vt 0.5255979895591736 0.247763991355896
vt 0.5284910202026367 0.22642600536346436
vt 0.5081139802932739 0.22896099090576172
vt 0.5276380181312561 0.21003997325897217
vt 0.5103480219841003 0.2154499888420105
vt 0.7535709738731384 0.18663597106933594
vt 0.7560970187187195 0.20284199714660645
vt 0.42725199460983276 0.9687339998781681
vt 0.42725199460983276 0.7212800085544586
vt 0.5176799893379211 0.19119101762771606
vt 0.7594519853591919 0.16615301370620728
vt 0.5149750113487244 0.18742501735687256
vt 0.48984500765800476 0.2022479772567749
vt 0.49422499537467957 0.20459699630737305
vt 0.4346889853477478 0.6926800012588501
vt 0.43024298548698425 0.6929869949817657
vt 0.11556000262498856 0.11664998531341553
vt 0.11387400329113007 0.12094402313232422
vt 0.1406089961528778 0.12440299987792969
vt 0.1412390023469925 0.11991798877716064
vt 0.49530500173568726 0.994876999873668
vt 0.48926499485969543 0.9980470000300556
vt 0.515421986579895 0.9976739999838173
vt 0.5157830119132996 0.9934279997833073
vt 0.5426200032234192 0.9930779999122024
vt 0.5368390083312988 0.990819999948144
vt 0.16883499920368195 0.12733501195907593
vt 0.1683180034160614 0.12278300523757935
vt 0.5055840015411377 0.27547597885131836
vt 0.5049700140953064 0.2996619939804077
vt 0.5181429982185364 0.29759299755096436
vt 0.5202959775924683 0.2732890248298645
vt 0.8430780172348022 0.7953390032052994
vt 0.5654569864273071 0.8242399990558624
vt 0.5672109723091125 0.8672250062227249
vt 0.8502179980278015 0.8377700001001358
vt 0.6227030158042908 0.9162100031971931
vt 0.6097480058670044 0.9098030030727386
vt 0.5801209807395935 0.9426699988543987
vt 0.5975819826126099 0.9429350011050701
vt 0.28064799308776855 0.11885100603103638
vt 0.2803570032119751 0.11381298303604126
vt 0.2435300052165985 0.11737799644470215
vt 0.2448199987411499 0.12237900495529175
vt 0.2061379998922348 0.12125200033187866
vt 0.2073269933462143 0.12610000371932983
vt 0.5577369928359985 0.9708760008215904
vt 0.5726760029792786 0.9708960000425577
vt 0.8033220171928406 0.5353080034255981
vt 0.5507799983024597 0.5616100132465363
vt 0.554623007774353 0.631072998046875
vt 0.8138769865036011 0.6040729880332947
vt 0.5148509740829468 0.49555301666259766
vt 0.5469390153884888 0.49214500188827515
vt 0.5432130098342896 0.4252359867095947
vt 0.5134919881820679 0.4284759759902954
vt 0.5121240019798279 0.37768399715423584
vt 0.8173559904098511 0.8882019966840744
vt 0.8059960007667542 0.8971389979124069
vt 0.6665070056915283 0.06721800565719604
vt 0.6795700192451477 0.06721001863479614
vt 0.74065101146698 0.2704939842224121
vt 0.7426940202713013 0.28769898414611816
vt 0.7825940251350403 0.2888079881668091
vt 0.7808420062065125 0.27031898498535156
vt 0.5590819716453552 0.306751012802124
vt 0.5575299859046936 0.28947699069976807
vt 0.5202419757843018 0.31606602668762207
vt 0.5454069972038269 0.9856519997119904
vt 0.5179579854011536 0.9881009999662638
vt 0.4837760031223297 0.9927329998463392
vt 0.5249689817428589 0.973794000223279
vt 0.4842410087585449 0.9790800008922815
vt 0.478302001953125 0.9938670000992715
vt 0.10441199690103531 0.11381298303604126
vt 0.10224500298500061 0.11814600229263306
vt 0.006641000043600798 0.09764498472213745
vt 0.008073999546468258 0.10227197408676147
vt 0.02169400081038475 0.10231602191925049
vt 0.02017199993133545 0.09760397672653198
vt 0.47778698801994324 0.9802250005304813
vt 0.5386070013046265 0.9462190009653568
vt 0.48578301072120667 0.9510559998452663
vt 0.5532969832420349 0.9153110012412071
vt 0.486378014087677 0.9066369980573654
vt 0.6981239914894104 0.09829199314117432
vt 0.4781840145587921 0.49910902976989746
vt 0.4833739995956421 0.49799400568008423
vt 0.48325198888778687 0.43075597286224365
vt 0.4780600070953369 0.43186402320861816
vt 0.5017179846763611 0.09816300868988037
vt 0.5029730200767517 0.1025170087814331
vt 0.5702379941940308 0.10256099700927734
vt 0.5689929723739624 0.09820902347564697
vt 0.621150016784668 0.10259401798248291
vt 0.6199100017547607 0.09824299812316895
vt 0.483146995306015 0.3798159956932068
vt 0.4779520034790039 0.38092297315597534
vt 0.5580229759216309 0.9861220000311732
vt 0.18506300449371338 0.12324899435043335
vt 0.18607600033283234 0.12794899940490723
vt 0.6795700192451477 0.09828001260757446
vt 0.4797450006008148 0.9518739990890026
vt 0.05012200027704239 0.10259902477264404
vt 0.04850900173187256 0.09772700071334839
vt 0.09463399648666382 0.10260802507400513
vt 0.09317900240421295 0.09784197807312012
vt 0.4808480143547058 0.9074160009622574
vt 0.4781309962272644 0.2505210041999817
vt 0.48336300253868103 0.24992501735687256
vt 0.48519301414489746 0.22470802068710327
vt 0.4800649881362915 0.22408097982406616
vt 0.750885009765625 0.10265898704528809
vt 0.7770349979400635 0.102603018283844
vt 0.7758060097694397 0.0983009934425354
vt 0.8002960085868835 0.10195201635360718
vt 0.7991420030593872 0.09765297174453735
vt 0.4403209984302521 0.6118969917297363
vt 0.4413929879665375 0.5860159993171692
vt 0.4273410141468048 0.5805340111255646
vt 0.42601799964904785 0.6072570085525513
vt 0.44064900279045105 0.6326150000095367
vt 0.4256179928779602 0.6290639936923981
vt 0.4135180115699768 0.6041739881038666
vt 0.4130859971046448 0.626240998506546
vt 0.4146679937839508 0.5763440132141113
vt 0.6993659734725952 0.10263597965240479
vt 0.7237390279769897 0.102649986743927
vt 0.477851003408432 0.2778649926185608
vt 0.4830709993839264 0.2768319845199585
vt 0.47778698801994324 0.3023899793624878
vt 0.48300299048423767 0.3012999892234802
vt 0.6665070056915283 0.09827297925949097
vt 0.6677460074424744 0.1026189923286438
vt 0.6808030009269714 0.1026260256767273
vt 0.4777910113334656 0.3210669755935669
vt 0.48300498723983765 0.3199689984321594
vt 0.4778139889240265 0.334197998046875
vt 0.483024001121521 0.3330889940261841
vt 0.6515030264854431 0.09826302528381348
vt 0.47785601019859314 0.3492569923400879
vt 0.48306000232696533 0.34813499450683594
vt 0.6436600089073181 0.09825897216796875
vt 0.5070589780807495 0.3312320113182068
vt 0.5094550251960754 0.3462129831314087
vt 0.531466007232666 0.34396398067474365
vt 0.524258017539978 0.32897502183914185
vt 0.6449049711227417 0.10260802507400513
vt 0.6527529954910278 0.1026110053062439
vt 0.47788500785827637 0.35712897777557373
vt 0.4830859899520874 0.3560130000114441
vt 0.6981239914894104 0.06719797849655151
vt 0.7224770188331604 0.06718301773071289
vt 0.5107460021972656 0.3540080189704895
vt 0.5754050016403198 0.3355889916419983
vt 0.5624439716339111 0.3200709819793701
vt 0.8224850296974182 0.29777902364730835
vt 0.8255569934844971 0.3124930262565613
vt 0.8308759927749634 0.3125140070915222
vt 0.8278049826622009 0.29778599739074707
vt 0.5056849718093872 0.31821900606155396
vt 0.5607860088348389 0.2694230079650879
vt 0.4249430000782013 0.6830599904060364
vt 0.4130859971046448 0.6824530065059662
vt 0.42466500401496887 0.6858290135860443
vt 0.4247100055217743 0.6854299902915955
vt 0.7613270282745361 0.16191601753234863
vt 0.743261992931366 0.3531469702720642
vt 0.7750099897384644 0.32652997970581055
vt 0.725629985332489 0.3253200054168701
vt 0.7765510082244873 0.20114201307296753
vt 0.7715950012207031 0.18838399648666382
vt 0.7633079886436462 0.22312498092651367
vt 0.7821800112724304 0.221655011177063
vt 0.4346889853477478 0.9973329999484122
vt 0.43024298548698425 0.9970269999466836
vt 0.7889450192451477 0.1712689995765686
vt 0.7851420044898987 0.17446398735046387
vt 0.8592979907989502 0.34758901596069336
vt 0.8627570271492004 0.3743230104446411
vt 0.8670499920845032 0.37263697385787964
vt 0.8637830018997192 0.3469579815864563
vt 0.8563650250434875 0.31936198472976685
vt 0.8609179854393005 0.3198789954185486
vt 0.9002010226249695 0.9558980017900467
vt 0.9277589917182922 0.9548289999365807
vt 0.9265429973602295 0.950738999992609
vt 0.905394971370697 0.9525009989738464
vt 0.9534630179405212 0.9498809985816479
vt 0.9468690156936646 0.9480269998311996
vt 0.7941470146179199 0.26962900161743164
vt 0.7885730266571045 0.2461109757423401
vt 0.7737360000610352 0.24699902534484863
vt 0.8531190156936646 0.9142730012536049
vt 0.8360829949378967 0.9181270003318787
vt 0.8808349967002869 0.9372780025005341
vt 0.8662160038948059 0.940370999276638
vt 0.8624489903450012 0.2820590138435364
vt 0.8663229942321777 0.2446659803390503
vt 0.8613219857215881 0.2433769702911377
vt 0.8575999736785889 0.2808700203895569
vt 0.8698880076408386 0.20784002542495728
vt 0.8648499846458435 0.20754897594451904
vt 0.8959450125694275 0.9492040015757084
vt 0.9233319759368896 0.945957001298666
vt 0.9135149717330933 0.9333890005946159
vt 0.9506350159645081 0.9434779994189739
vt 0.952538013458252 0.9302370026707649
vt 0.9633089900016785 0.943512998521328
vt 0.9610580205917358 0.9299919977784157
vt 0.021694999188184738 0.06317400932312012
vt 0.008073999546468258 0.06321799755096436
vt 0.006641000043600798 0.06784498691558838
vt 0.02017199993133545 0.06788599491119385
vt 0.8698880076408386 0.3837850093841553
vt 0.8655549883842468 0.3859519958496094
vt 0.8944849967956543 0.9092030003666878
vt 0.8737429976463318 0.881971001625061
vt 0.9448919892311096 0.9032279998064041
vt 0.9354029893875122 0.8608009964227676
vt 0.7496330142021179 0.06717002391815186
vt 0.8424220085144043 0.39334601163864136
vt 0.8561670184135437 0.45916199684143066
vt 0.8614749908447266 0.4591829776763916
vt 0.8477299809455872 0.3933590054512024
vt 0.8320149779319763 0.3434910178184509
vt 0.8373259902000427 0.3435019850730896
vt 0.621150016784668 0.0628960132598877
vt 0.5702379941940308 0.06292897462844849
vt 0.5689929723739624 0.06728100776672363
vt 0.6199100017547607 0.06724697351455688
vt 0.5029730200767517 0.0629739761352539
vt 0.5017179846763611 0.06732702255249023
vt 0.8836920261383057 0.952259998768568
vt 0.8604509830474854 0.303134024143219
vt 0.8557519912719727 0.30212098360061646
vt 0.9532930254936218 0.9026110023260117
vt 0.9430040121078491 0.8593399971723557
vt 0.09463399648666382 0.06288301944732666
vt 0.05012200027704239 0.06289100646972656
vt 0.04850900173187256 0.06776398420333862
vt 0.09317900240421295 0.06764799356460571
vt 0.7980949878692627 0.1922839879989624
vt 0.8050529956817627 0.2165679931640625
vt 0.8102909922599792 0.216077983379364
vt 0.802981972694397 0.19062000513076782
vt 0.8002960085868835 0.06353801488876343
vt 0.7770349979400635 0.06288701295852661
vt 0.7758060097694397 0.06718897819519043
vt 0.7991420030593872 0.06783699989318848
vt 0.750885009765625 0.06283098459243774
vt 0.4221250116825104 0.6853060126304626
vt 0.42220601439476013 0.6858089864253998
vt 0.42306798696517944 0.6859590113162994
vt 0.4230160117149353 0.6854529976844788
vt 0.422078013420105 0.6848570108413696
vt 0.42300501465797424 0.6850189864635468
vt 0.4237380027770996 0.6855889856815338
vt 0.4237329959869385 0.6851640045642853
vt 0.4237549901008606 0.6861169934272766
vt 0.6993659734725952 0.06285399198532104
vt 0.7237390279769897 0.06283998489379883
vt 0.8159540295600891 0.26670998334884644
vt 0.8212760090827942 0.2667030096054077
vt 0.8161730170249939 0.24274998903274536
vt 0.8108599781990051 0.24281197786331177
vt 0.6677460074424744 0.06287097930908203
vt 0.6808030009269714 0.06286400556564331
vt 0.8251180052757263 0.28495097160339355
vt 0.8197969794273376 0.2849529981613159
vt 0.6515030264854431 0.06722700595855713
vt 0.6436600089073181 0.06723201274871826
vt 0.6527529954910278 0.06287902593612671
vt 0.6449049711227417 0.06288200616836548
vt 0.832476019859314 0.3202170133590698
vt 0.8271600008010864 0.32020002603530884
vt 0.36168399453163147 0.09806597232818604
vt 0.4316990077495575 0.09811598062515259
vt 0.8032339811325073 0.3473830223083496
vt 0.7996990084648132 0.3239459991455078
vt 0.7773669958114624 0.3183940052986145
vt 0.7326729893684387 0.319242000579834
vt 0.742152988910675 0.3014090061187744
vt 0.7813259959220886 0.30225497484207153
vt 0.7993530035018921 0.3160579800605774
vt 0.4247109889984131 0.6863749921321869
vt 0.42464300990104675 0.6857669949531555
vt 0.7986069917678833 0.30091798305511475
vt 0.7972679734230042 0.2879149913787842
vt 0.7333279848098755 0.25155097246170044
vt 0.7826219797134399 0.40030598640441895
vt 0.8123660087585449 0.3973510265350342
vt 0.7927640080451965 0.4665430188179016
vt 0.8248630166053772 0.46326297521591187
vt 0.8343390226364136 0.7374849915504456
vt 0.8857499957084656 0.7917259931564331
vt 0.8763980269432068 0.733938992023468
vt 0.8844280242919922 0.8271909952163696
vt 0.8243499994277954 0.6723229885101318
vt 0.8639439940452576 0.668516993522644
vt 0.8509759902954102 0.600398987531662
vt 0.8379200100898743 0.5318309962749481
vt 0.92535400390625 0.7982469946146011
vt 0.9320999979972839 0.8001919984817505
vt 0.9132130146026611 0.7323249876499176
vt 0.9186620116233826 0.7330380082130432
vt 0.2231370061635971 0.0631759762763977
vt 0.15474499762058258 0.06318002939224243
vt 0.1532289981842041 0.06757402420043945
vt 0.2217469960451126 0.0675240159034729
vt 0.8990579843521118 0.6644949913024902
vt 0.9043890237808228 0.6646229922771454
vt 0.8847759962081909 0.5961099863052368
vt 0.8900889754295349 0.5961489975452423
vt 0.36296001076698303 0.06307202577590942
vt 0.29299798607826233 0.06312400102615356
vt 0.29170000553131104 0.06747400760650635
vt 0.36168399453163147 0.0674239993095398
vt 0.8704710006713867 0.5276359915733337
vt 0.8757820129394531 0.527664989233017
vt 0.4329650104045868 0.06301897764205933
vt 0.4316990077495575 0.06737399101257324
vt 0.4855569899082184 0.8440379947423935
vt 0.4793429970741272 0.8473089933395386
vt 0.15474499762058258 0.10231000185012817
vt 0.1532289981842041 0.09791600704193115
vt 0.2231370061635971 0.10231399536132812
vt 0.22174599766731262 0.0979660153388977
vt 0.4838539958000183 0.7770339995622635
vt 0.47867101430892944 0.7788539975881577
vt 0.48372700810432434 0.7077490091323853
vt 0.478536993265152 0.7089729905128479
vt 0.29299798607826233 0.10236698389053345
vt 0.29170000553131104 0.09801602363586426
vt 0.36296001076698303 0.10241901874542236
vt 0.4836069941520691 0.6378929913043976
vt 0.4784170091152191 0.6390259861946106
vt 0.483491986989975 0.5679430067539215
vt 0.478302001953125 0.5690670013427734
vt 0.4329650104045868 0.1024709939956665
vt 0.5315619707107544 0.8639210015535355
vt 0.5229619741439819 0.8294949978590012
vt 0.5620909929275513 0.7658320069313049
vt 0.5202069878578186 0.771026998758316
vt 0.5584380030632019 0.7000130116939545
vt 0.518913984298706 0.7044489979743958
vt 0.5175650119781494 0.635123997926712
vt 0.5162079930305481 0.5653389990329742
vt 0.41512399911880493 0.6566750109195709
vt 0.4274959862232208 0.658376008272171
vt 0.42464300990104675 0.6856929957866669
vt 0.4246880114078522 0.6854430139064789
vt 0.42485201358795166 0.6856819987297058
vt 0.4248270094394684 0.6856729984283447
vt 0.42615899443626404 0.6865569949150085
vt 0.42580199241638184 0.6853190064430237
vt 0.425042986869812 0.685575008392334
vt 0.425370991230011 0.6864849925041199
vt 0.4564090073108673 0.39510297775268555
vt 0.4564090073108673 0.5456529855728149
vt 0.464495986700058 0.5451560020446777
vt 0.464495986700058 0.39559900760650635
vt 0.4210129976272583 0.6847670078277588
vt 0.4211310148239136 0.6852219998836517
vt 0.4212360084056854 0.685716986656189
vt 0.9154189825057983 0.6824789941310883
vt 0.9182040095329285 0.6824760138988495
vt 0.9182040095329285 0.5012950003147125
vt 0.9154189825057983 0.5012919902801514
vt 0.42761099338531494 0.6584680080413818
vt 0.4433029890060425 0.6598159968852997
vt 0.5809130072593689 0.3296080231666565
vt 0.5707430243492126 0.31693798303604126
vt 0.41515401005744934 0.6706979870796204
vt 0.42825600504875183 0.6730149984359741
vt 0.4296819865703583 0.6727209985256195
vt 0.44553300738334656 0.6715880036354065
vt 0.43489301204681396 0.6813639998435974
vt 0.4477899968624115 0.6803100109100342
vt 0.44972899556159973 0.549127995967865
vt 0.44972899556159973 0.3916280269622803
vt 0.4448370039463043 0.5573869943618774
vt 0.4311729967594147 0.5512369871139526
vt 0.41876301169395447 0.5449750125408173
vt 0.5873889923095703 0.33315497636795044
vt 0.5680630207061768 0.3053029775619507
vt 0.5667369961738586 0.29032397270202637
vt 0.5695480108261108 0.27355098724365234
vt 0.7256060242652893 0.25740301609039307
vt 0.7333980202674866 0.30005502700805664
vt 0.7260609865188599 0.3145269751548767
vt 0.7204610109329224 0.3193110227584839
vt 0.733614981174469 0.28813600540161133
vt 0.7318220138549805 0.27322399616241455
vt 0.9323030114173889 0.6840830147266388
vt 0.9323030114173889 0.4996880292892456
vt 0.9274880290031433 0.5011970102787018
vt 0.9274880290031433 0.6825740039348602
vn -0.04104901790993087 0.39409589584315613 -0.9181521676760395
vn 0.04097001557534795 0.3939834419714029 -0.9182039562516173
vn 0.16267899512500691 0.780525290042329 -0.6035857984988183
vn -0.16267598724229734 0.7805261906913686 -0.6035854445060493
vn -0.9950609339595969 0.09588177428256711 0.025698697785717678
vn -0.9916062997227715 0.12488378115511543 0.03348115222799953
vn -0.9904974134125292 0.13699413997236326 -0.012144119413191998
vn -0.9939544563534377 0.10797463800658966 -0.019900156845816967
vn -0.22213702517599943 0.9527019694908514 0.2073984073569762
vn -0.22284009176341182 0.9484750327608358 0.2252496520135061
vn 0.22284008554255894 0.9484752651643201 0.22524867956740086
vn 0.22213702517599943 0.9527019694908514 0.2073984073569762
vn -0.9953792096205402 0.09274989219935259 0.024853300629840144
vn -0.9953798885712491 0.0927417993858559 0.024856308546553876
vn -0.9950632253784755 0.09585518225707462 0.025709172173532666
vn -0.9916164616739793 0.12479681721875881 0.03350443775449651
vn -0.001161000448908526 -0.9659251580033774 -0.2588189351923622
vn -0.001161000448908526 -0.9659251580033774 -0.2588189351923622
vn 0.16639097901157476 -0.9524588535907005 -0.25521789576802517
vn 0.16638594495176814 -0.9524620034905245 -0.2552094222973038
vn -0.23322590899951937 -0.9392880679107886 -0.25168154650622676
vn -0.2332259089994027 -0.9392878090913167 -0.2516825124315084
vn -0.21571200000911628 0.9764570308272654 -2.604026265334162e-7
vn -0.6921611054611702 0.6998534822389436 0.1764032524779383
vn -0.6840520366047963 0.7100147344466243 0.16718818165624044
vn -0.9954290452607564 0.09224978774361901 0.024718262732568164
vn -0.9954291405505103 0.09224831072653292 0.024719937519608947
vn -0.9954291405480218 0.09224805190712775 0.024720903445598488
vn -0.9954290452607564 0.09224978774361901 0.024718262732568164
vn -0.9954291405520036 0.09224908718410671 0.02471703974182145
vn -0.9954291405525013 0.0922488283650077 0.024718005667775336
vn -0.9954292361720746 0.09224812448987463 0.024716781788511038
vn -0.9954291405520036 0.09224908718410671 0.02471703974182145
vn -0.9954291405520035 0.09224856954581642 0.0247189715937045
vn -0.9954290452562768 0.09224901128577924 0.024721160510241313
vn 0.9950632255038535 0.09585673518428939 0.025703376620129417
vn 0.9950609339715376 0.09588229192196517 0.025696765934302666
vn 0.9916064278054271 0.12488283230675074 0.03348089798682844
vn 0.9916164617359554 0.12479707604574652 0.03350347183048932
vn 0.9953798885846866 0.09274412875885527 0.02484761521550138
vn 0.9953792096205402 0.09275040983768308 0.02485136877780695
vn 0.0011640004676676764 -0.9659251546346864 -0.2588189342897239
vn 0.23322495311592292 -0.9392857011176108 -0.25169126508497264
vn 0.23322306947936725 -0.9392817372517592 -0.25170780267591886
vn 0.0011650004739137464 -0.9659251535098575 -0.25881893398832684
vn -0.16639194540347485 -0.9524612842847848 -0.2552081943108907
vn -0.16638790156266667 -0.9524689310750849 -0.2551822908241435
vn 0.6921611054611702 0.6998534822389436 0.1764032524779383
vn 0.21571200000911628 0.9764570308272654 -2.604026265334162e-7
vn 0.684054129515855 0.7100128381916726 0.16718767148121866
vn 0.9954291405445378 0.09224986364085024 0.024714141963811512
vn 0.9954291405505103 0.09224934600311346 0.02471607381584285
vn 0.9954291405400583 0.09224753426809948 0.024722835297283748
vn 0.9954291405505103 0.09224831072653292 0.024719937519608947
vn 0.9954292361601293 0.09224657157371825 0.024722577344530053
vn 0.9954291405480218 0.09224805190712775 0.024720903445598488
vn 0.9954291405505103 0.09224831072653292 0.024719937519608947
vn 0.9954291405520035 0.09224856954581642 0.0247189715937045
vn 0.9954291405520035 0.09224856954581642 0.0247189715937045
vn 0.9954291405520035 0.09224856954581642 0.0247189715937045
vn -0.9954291405505103 0.09224934600311346 0.02471607381584285
vn -0.9954291405505103 0.09224934600311346 0.02471607381584285
vn -0.9954291405445378 0.09224986364085024 0.024714141963811512
vn -0.9954291405505103 0.09224934600311346 0.02471607381584285
vn -0.9954291405281132 0.09225064009685177 0.024711244185249778
vn -0.9954291405480218 0.0922496048220574 0.02471510788972972
vn -0.9953666655855657 0.09287618555137409 0.02488403501242335
vn -0.9953664649781059 0.09287870903803191 0.02488264062389021
vn -0.9954291405445378 0.09224986364085024 0.024714141963811512
vn -0.9954291405480218 0.0922496048220574 0.02471510788972972
vn 0.9954291405206473 0.09225089891521675 0.024710278259452382
vn 0.9954291405121863 0.09225115773360716 0.024709312333191045
vn 0.9954291405445378 0.09224986364085024 0.024714141963811512
vn 0.9954291405445378 0.09224986364085024 0.024714141963811512
vn 0.9954291405480218 0.0922496048220574 0.02471510788972972
vn 0.9954291405505103 0.09224934600311346 0.02471607381584285
vn 0.9954291405345835 0.09225038127827685 0.024712210111461724
vn 0.9953664649840781 0.09287819140013852 0.024884572476521098
vn 0.9953666655870587 0.09287592673248837 0.02488500093795392
vn 0.9954291405505103 0.09224934600311346 0.02471607381584285
vn 0.9954291405505103 0.09224934600311346 0.02471607381584285
vn 0.9954291405520036 0.09224908718410671 0.02471703974182145
vn -0.6909589252828948 -0.6983429356232376 -0.18679643421924674
vn -0.37187610931700016 -0.896710624821396 -0.2400379441914798
vn -0.3708692007554294 -0.8967496075468785 -0.24144601321112807
vn -0.6910828407255664 -0.6977390507901937 -0.1885861189406077
vn -0.6753340044862193 -0.7124163077181955 -0.19075373359853395
vn -0.6754502717811892 -0.712106638335437 -0.19149690856335222
vn -0.48316197272477335 -0.8457098808358929 -0.2265597174460745
vn -0.48323605626219474 -0.8456209420426195 -0.2267336241211557
vn 0.9904267992591302 0.13333358511568488 0.03573388293361107
vn 0.9955330204879864 0.09119485725964745 0.024443877095483298
vn 0.9955330205153635 0.09119615135766082 0.024439047467269562
vn 0.990426936010876 0.13333393160713214 0.03572879939618626
vn 0.9931607512448621 0.11277585891205784 0.030221314223387436
vn 0.9931615764333708 0.11277011383617157 0.03021563373087699
vn 0.9948513373172397 0.09789101089304571 0.026232930153480716
vn 0.9948523565290684 0.09788212275566793 0.026227442753801303
vn 0.9482502109157195 0.3066847598532187 0.0822556719750505
vn 0.9482318322593913 0.3067517548258664 0.08221771829264624
vn 0.684054129515855 0.7100128381916726 0.16718767148121866
vn 0.6921611054611702 0.6998534822389436 0.1764032524779383
vn 0.8507021181579313 -0.5077336840981348 -0.13606032556827288
vn 0.8507016666250976 -0.5077364606387018 -0.13605278732670406
vn 0.8507021181579313 -0.5077336840981348 -0.13606032556827288
vn 0.8507016666250976 -0.5077364606387018 -0.13605278732670406
vn -0.9954291405445378 0.09224986364085024 0.024714141963811512
vn -0.9954291405505103 0.09224934600311346 0.02471607381584285
vn 0.37086796775344844 -0.8967503433381214 -0.2414451743510074
vn 0.37187787131565253 -0.8967102015427522 -0.24003679566869723
vn 0.6909589250662778 -0.698343194225364 -0.18679546822760357
vn 0.6910828407255664 -0.6977390507901937 -0.1885861189406077
vn 0.6753340044862193 -0.7124163077181955 -0.19075373359853395
vn 0.6754507712959131 -0.7121061964941943 -0.1914967897128512
vn 0.48316003420092046 -0.8457072912919091 -0.22657351744338344
vn 0.4832340691486786 -0.8456207065616997 -0.22673873742283607
vn -0.9955330205178522 0.09119744545351202 0.02443421783800544
vn -0.9955330205198433 0.09119692781546866 0.02443614968969655
vn -0.9904267992789387 0.13333462039455615 0.035730019231962624
vn -0.9904269360123615 0.1333347080645876 0.03572590161908681
vn -0.9931607512175502 0.11277456481379133 0.030226143850172173
vn -0.9931615764318812 0.11276933737898118 0.030218531507110624
vn -0.9948512369271093 0.0978914450720544 0.026235117043868324
vn -0.9948522554037106 0.0978825640587613 0.026229631553505016
vn -0.9482499088510201 0.3066861493024916 0.0822539737036564
vn -0.948231431234772 0.3067534291769527 0.0822160963962416
vn -0.6840520366047963 0.7100147344466243 0.16718818165624044
vn -0.6921611054611702 0.6998534822389436 0.1764032524779383
vn -0.8507040147439147 -0.5077340840675513 -0.13604697414742503
vn -0.8507040147422134 -0.5077335664283228 -0.13604890599874772
vn -0.8507040147422134 -0.5077335664283228 -0.13604890599874772
vn -0.8507040147439147 -0.5077340840675513 -0.13604697414742503
vn 0.003429000745138384 0.2618657265111803 -0.9650982246552222
vn 0.09594602252639177 0.3931431821666937 -0.9144576529709897
vn 0.001900001081699548 0.2632765302086525 -0.9647185385578438
vn 0 0.2588191096264124 -0.9659258089999413
vn 0.0020190002657512304 0.2565131461559239 -0.9665386332098251
vn -0.0502280034701787 0.2651337869040915 -0.9629024990669073
vn -0.05148300892209423 0.2722207473945647 -0.9608565785174561
vn -0.008882997323284661 0.3136132385113571 -0.9495092569264257
vn -0.04675000265782934 0.3071953487639207 -0.9504974776133318
vn 0.00888299601465761 0.31361418437946514 -0.9495089445275416
vn 0 0.2588191096264124 -0.9659258089999413
vn 0.2123758740188667 0.971299722826739 -0.10711366192705046
vn -0.2123760426549692 0.9712996488419707 -0.10711399845808654
vn -0.10218397761136971 0.7224050310315067 -0.6838782098150861
vn 0.10218298869684296 0.7224051182613267 -0.6838782654323936
vn -0.6422808442007514 0.7432138643633182 -0.18737254065340894
vn -0.2123760426549692 0.9712996488419707 -0.10711399845808654
vn -0.3571539010338723 0.5864330680298566 -0.7270057411722253
vn -0.6907076273373485 0.709913390293811 0.13764429454052216
vn -0.6422808442007514 0.7432138643633182 -0.18737254065340894
vn -0.0014430001125999516 -0.9612362440345397 -0.2757223257283422
vn -0.24563800585868248 -0.9242572840970256 -0.2922506507629369
vn -0.2516849882474399 -0.7765187301481745 -0.5776446385278344
vn -0.0028299998320760115 -0.9154970731004203 -0.402314678138288
vn -0.0028299998320760115 -0.9154970731004203 -0.402314678138288
vn -0.2516849882474399 -0.7765187301481745 -0.5776446385278344
vn -0.11081099881676221 -0.4116334673860888 -0.9045876469800688
vn -0.023597996081420353 -0.47115302737396975 -0.8817357650550899
vn 0.18706104669309292 -0.8292269518825292 -0.5266790551006314
vn 0.08399504631413982 -0.543321880217975 -0.8353120175545721
vn 0.17375505506877606 -0.9425601397151029 -0.285288562438616
vn 0.18706104669309292 -0.8292269518825292 -0.5266790551006314
vn 0.005201001755331985 0.2583538667399445 -0.9660363497929361
vn -0.05340099014334782 0.2632462974195434 -0.963249563273512
vn -0.05185400721600244 0.2641836899803588 -0.9630774319253901
vn 0.0052850012470379674 0.2575576399338841 -0.9662484829863934
vn -0.008915996680210495 0.24659823138743125 -0.9690767860596957
vn 0 0.2588191096264124 -0.9659258089999413
vn 0 0.2588191096264124 -0.9659258089999413
vn 0.009502000887908462 0.24643303097550368 -0.9691132406604259
vn 0.15520105745089827 0.10108926409361815 -0.9826971010698737
vn 0.08726097389136571 0.08982937473273274 -0.9921271117506348
vn 0.23881603418879838 -0.5734023069027745 -0.7836942619752367
vn 0.5172860671668075 -0.3506918001686886 -0.7806602244315654
vn 0.5172860671668075 -0.3506918001686886 -0.7806602244315654
vn 0.23881603418879838 -0.5734023069027745 -0.7836942619752367
vn 0.3469170786731143 -0.8726357448837162 -0.3437373958069646
vn 0.6844770874628897 -0.6550386879055877 -0.32002411484956206
vn 0.5276940959040576 -0.3757584523117654 -0.7618034698426268
vn 0.6731151946720945 -0.6713280696138554 -0.3102169525510859
vn 0.18239800223133432 0.07095256031442258 -0.9806613599846006
vn 0.5276940959040576 -0.3757584523117654 -0.7618034698426268
vn 0 0.2588191096264124 -0.9659258089999413
vn 0 0.2588191096264124 -0.9659258089999413
vn 0 0.2588191096264124 -0.9659258089999413
vn 0 0.2588191096264124 -0.9659258089999413
vn 0 0.2588191096264124 -0.9659258089999413
vn 0 0.2588191096264124 -0.9659258089999413
vn -0.037064984154125125 0.2617666077112928 -0.9644192190313177
vn -0.03853799133730741 0.2618081606542725 -0.9643502010361755
vn -0.03997000992685815 0.26156294238006966 -0.9643584527964315
vn -0.08726095776170344 0.08982838385858295 -0.9921272028847236
vn -0.23881603418879838 -0.5734023069027745 -0.7836942619752367
vn 0.9943203604825585 0.10435884528133878 -0.02088664983621077
vn 0.9943204090487131 0.10435813722229632 -0.02088787554281388
vn -0.0052040018862946 0.25923189511138955 -0.9658010886933837
vn -0.16550994885291181 0.26486577768453096 -0.9499750400101442
vn -0.15835195100000077 0.23554834957679324 -0.9588751924135605
vn -0.005201001755331985 0.2583538667399445 -0.9660363497929361
vn 0.15835195100000077 0.23554834957679324 -0.9588751924135605
vn 0.16550994885291181 0.26486577768453096 -0.9499750400101442
vn 0.0052040018862946 0.25923189511138955 -0.9658010886933837
vn 0.18736095806276612 -0.2026910282047602 -0.9611515065165843
vn -0.02884000287135502 0.11955403375085556 -0.9924087299335287
vn -0.2838700648252674 -0.04942401924817868 -0.9575881435238505
vn -0.025644999491301928 0.25173873837780697 -0.9674553951480354
vn -0.21245393357543743 0.28972548967499095 -0.9332322683774443
vn -0.6812401429808643 -0.27187493555903436 -0.6797027931428431
vn -0.6812401429808643 -0.27187493555903436 -0.6797027931428431
vn -0.8556949199841836 -0.44923786620473877 -0.2568492621774002
vn -0.7021567867691735 0.25709467566713773 -0.6639865770763733
vn -0.6812401429808643 -0.27187493555903436 -0.6797027931428431
vn -0.8556949199841836 -0.44923786620473877 -0.2568492621774002
vn -0.9806137385826402 0.13708071553261544 -0.14001990262831823
vn -0.7021567867691735 0.25709467566713773 -0.6639865770763733
vn -0.022742990741546003 0.2544821794724934 -0.9668100003118811
vn -0.18756494888507436 0.2898695596425742 -0.938506807829522
vn -0.01717200376726615 0.24222188118014285 -0.9700689060907838
vn -0.24099995138934827 0.2620498659828448 -0.9344778708822938
vn -0.9942709626995138 0.10485547877107766 -0.02075045310999183
vn -0.47016981963526455 0.27128455641740457 -0.8398482185213915
vn -0.4688079543303815 0.2714322095553535 -0.8405615132591198
vn -0.9246246611907496 0.1815551166207407 -0.3348237977604352
vn -0.9246250066256897 0.18155491932451306 -0.3348229508135796
vn -0.9246250066256897 0.18155491932451306 -0.3348229508135796
vn -0.9246246611907496 0.1815551166207407 -0.3348237977604352
vn -0.9943204090487131 0.10435813722229632 -0.02088787554281388
vn -0.9943204554773952 0.10435788750621106 -0.02088691299513866
vn -0.9246253492774668 0.18155473188496646 -0.3348221062052214
vn -0.9943204189888661 0.1043584850260271 -0.020885664578324116
vn -0.47170908434286196 0.27082198151596054 -0.8391340739573072
vn -0.9246253492774668 0.18155473188496646 -0.3348221062052214
vn 0.4266300974695961 -0.5733907687447165 -0.699435333859697
vn 0.4266300974695961 -0.5733907687447165 -0.699435333859697
vn 0.4972888851464058 -0.8127378183538454 -0.3035803078713714
vn -0.9943204655902924 0.10435823436385261 -0.020884698436017833
vn -0.6702059679298898 0.2824957045510237 -0.6863090684679753
vn -0.6702059679298898 0.2824957045510237 -0.6863090684679753
vn -0.9735099566678128 0.1792007537914751 -0.14200512001051235
vn -0.7379258753681319 0.24384209539365245 -0.6292904218055514
vn -0.9818337806984644 0.14792184069451922 -0.11883415386539678
vn -0.7379258753681319 0.24384209539365245 -0.6292904218055514
vn -0.48262980754326795 0.37172705263415534 -0.7930242538602915
vn -0.4837867834285529 0.2865673568538794 -0.8269398395080717
vn -0.9217193012883464 0.21162809280364808 -0.3250339674077356
vn -0.8800552682188835 0.38301655668841034 -0.2807152332573757
vn -0.8800552682188835 0.38301655668841034 -0.2807152332573757
vn -0.9217193012883464 0.21162809280364808 -0.3250339674077356
vn -0.9468849731750661 0.3196416294645471 0.03518630825339876
vn -0.6422808442007514 0.7432138643633182 -0.18737254065340894
vn -0.6907076273373485 0.709913390293811 0.13764429454052216
vn 0.9559371306697039 -0.05844339155977308 -0.28769527662087957
vn 0.9891973043917044 -0.1179559891196647 -0.08703492181295519
vn 0.9975664423430742 0.05763180657994836 -0.03923987743754201
vn 0.9651753579186177 0.10971604626039383 -0.23748456299232423
vn 0.9485096960312683 0.31539158458685235 0.029283184704966683
vn 0.915123204635295 0.3619054363480697 -0.17769067358683
vn 0.6509262381667533 0.22795235701916375 -0.724108248396251
vn 0.9651753579186177 0.10971604626039383 -0.23748456299232423
vn 0.915123204635295 0.3619054363480697 -0.17769067358683
vn 0.5939480378988992 0.39833140013568 -0.6989691151560249
vn 0.6347291469233401 0.11605947585007959 -0.7639693109748413
vn 0.9559371306697039 -0.05844339155977308 -0.28769527662087957
vn -0.9246003710433385 0.18199744490434788 -0.3346506893983776
vn -0.9244163434135491 0.1848086435674573 -0.3336168300501041
vn -0.48204215938152944 0.27356139535926083 -0.8323457932541536
vn -0.9244163434135491 0.1848086435674573 -0.3336168300501041
vn -0.482421907368692 0.2711094667895239 -0.8329278241887789
vn -0.9246003710433385 0.18199744490434788 -0.3346506893983776
vn -0.9246250066256897 0.18155491932451306 -0.3348229508135796
vn -0.9943203604825585 0.10435884528133878 -0.02088664983621077
vn -0.9246258310012443 0.1815543739311242 -0.3348209699999926
vn -0.4813140529323331 0.26936707345934363 -0.8341331801252122
vn -0.9246258310012443 0.1815543739311242 -0.3348209699999926
vn -0.47874581410919104 0.2682053571886024 -0.8359834518985779
vn -0.9246250066256897 0.18155491932451306 -0.3348229508135796
vn -0.9943203131723686 0.1043591030658664 -0.020887614035373932
vn -0.4757968213167307 0.2679186480176701 -0.8377571144844304
vn -0.9246250066256897 0.18155491932451306 -0.3348229508135796
vn -0.9943203604825585 0.10435884528133878 -0.02088664983621077
vn 0.004654001784729674 0.2615025114500252 -0.9651915751666699
vn -0.04489701052710292 0.2594447327316706 -0.9647137861062839
vn -0.04898201449492291 0.2601173120315388 -0.9643338354727092
vn 0.00503400119127195 0.26029822167467664 -0.9655151446896145
vn -0.9246252803756936 0.181555664598009 -0.3348217907223859
vn -0.9246250066256897 0.18155491932451306 -0.3348229508135796
vn -0.47348191129351547 0.2692803849642001 -0.8386315960845807
vn -0.9246252803756936 0.181555664598009 -0.3348217907223859
vn 0.9942708692601235 0.1048559829296757 -0.020752382623926018
vn 0.9939545501396362 0.10797413043202994 -0.019898226407404792
vn -0.04094398843219325 0.26037218152690744 -0.9646397860850358
vn 0.11473798283332237 0.35828707218520656 -0.9265341705518976
vn 0.14243506375003956 0.3048983214284221 -0.941673651646181
vn 0.9246253492774668 0.18155473188496646 -0.3348221062052214
vn 0.4757972841417344 0.26791766547173346 -0.8377571658491056
vn 0.4787469874424216 0.2682061593345771 -0.8359825226102524
vn 0.9246258310012443 0.1815543739311242 -0.3348209699999926
vn -0.05223702460500506 0.2616094298394445 -0.9637592020206586
vn 0.0718360002983871 0.1815797436360152 -0.9807488902681506
vn -0.16267598724229734 0.7805261906913686 -0.6035854445060493
vn 0.16267899512500691 0.780525290042329 -0.6035857984988183
vn 0.25402992767320093 0.9669578631831537 -0.02147758540007869
vn -0.2540250891317523 0.9669591614793966 -0.021476361951392846
vn 0.2123758740188667 0.971299722826739 -0.10711366192705046
vn -0.0033610010605142457 0.2618879842054571 -0.9650924242789773
vn -0.00185899969783757 0.2636296217117623 -0.9646221885672319
vn -0.09592198806098258 0.3934482315974344 -0.9143289677458986
vn 0.05148400465361517 0.27222073340242164 -0.9608565291294398
vn 0.046750998853485215 0.30719533442568303 -0.9504974332491878
vn 0.05022800381574486 0.2651328230200054 -0.962902764452428
vn -0.0020190002609328486 0.25651217961058603 -0.9665388897242433
vn 0.6907071757237196 0.709913623397979 0.1376453585040746
vn 0.6422811006386715 0.7432138767381166 -0.18737161254116505
vn 0.6422811006386715 0.7432138767381166 -0.18737161254116505
vn 0.3571519890486999 0.5864342602374382 -0.7270057187796573
vn 0.2533159584790406 -0.763738966128357 -0.5937455825494902
vn 0.245634116801622 -0.9242612479368092 -0.29224138349210455
vn 0.0014450000071734648 -0.9612362412586298 -0.2757223249320964
vn 0.002829998268611566 -0.915500771348952 -0.40230626240374845
vn -0.17375600474407082 -0.9425588207805181 -0.2852923416150832
vn -0.1870610010832561 -0.829228137309231 -0.526677204906756
vn 0.00759099803117331 -0.5271195919036861 -0.8497572080189625
vn 0.002829998268611566 -0.915500771348952 -0.40230626240374845
vn -0.1870610010832561 -0.829228137309231 -0.526677204906756
vn -0.08399800281610685 -0.5433253320649134 -0.8353094750207596
vn 0.10711299777342094 -0.5127607272962782 -0.851823480687509
vn 0.2533159584790406 -0.763738966128357 -0.5937455825494902
vn 0.05185400721600244 0.2641836899803588 -0.9630774319253901
vn 0.05340098987790788 0.2632472622690829 -0.9632492996041536
vn -0.005285001240154199 0.2575566736652801 -0.9662487405489167
vn -0.15520202110402775 0.10108924442729267 -0.9826969508990775
vn -0.5172860373283057 -0.3506905680471242 -0.780660797701514
vn -0.18239800223133432 0.07095256031442258 -0.9806613599846006
vn -0.5276948406762749 -0.37575829344915146 -0.761803032304166
vn -0.6844770874628897 -0.6550386879055877 -0.32002411484956206
vn -0.5172860373283057 -0.3506905680471242 -0.780660797701514
vn -0.5276948406762749 -0.37575829344915146 -0.761803032304166
vn -0.6731151946720945 -0.6713280696138554 -0.3102169525510859
vn -0.34691587114665395 -0.872636199469383 -0.343737460458108
vn -0.23881603418879838 -0.5734023069027745 -0.7836942619752367
vn -0.1873610989203665 -0.20269143989284844 -0.9611513922403256
vn 0.010659999449431851 0.09913736178588439 -0.9950166571017155
vn 0.0169529968787028 0.2577665834005048 -0.9660584787572962
vn 0.2344899410710729 0.005854866947629186 -0.9721009145502901
vn 0.21798195822362434 0.3000434286200624 -0.928686064733886
vn 0.6828419219496044 -0.26331668305897404 -0.681462569809223
vn 0.7030790530206665 0.2590907323574771 -0.6622324649320876
vn 0.8556957609373257 -0.44923905417335175 -0.2568443826898373
vn 0.6828419219496044 -0.26331668305897404 -0.681462569809223
vn 0.7030790530206665 0.2590907323574771 -0.6622324649320876
vn 0.9806137385826402 0.13708071553261544 -0.14001990262831823
vn 0.6828419219496044 -0.26331668305897404 -0.681462569809223
vn 0.8556957609373257 -0.44923905417335175 -0.2568443826898373
vn 0.02030400415056132 0.25697641583079334 -0.9662043619867451
vn 0.01730999558520667 0.24388795837913776 -0.9696489198728044
vn 0.17135395409701545 0.2930490174842361 -0.9406168698077033
vn 0.2020330954884072 0.26275708722562535 -0.943473021045158
vn 0.9904974602489485 0.13699388708681032 -0.012143152030216826
vn 0.9246253492774668 0.18155473188496646 -0.3348221062052214
vn 0.4688079543303815 0.2714322095553535 -0.8405615132591198
vn 0.47017179491938643 0.2712842817726054 -0.8398472014154742
vn 0.9246258310012443 0.1815543739311242 -0.3348209699999926
vn 0.4717098621663576 0.27082185532288233 -0.8391336774402919
vn 0.9246255050328996 0.18155454843591087 -0.3348217755536333
vn 0.9943204554773952 0.10435788750621106 -0.02088691299513866
vn 0.9246258310012443 0.1815543739311242 -0.3348209699999926
vn 0.9246255050328996 0.18155454843591087 -0.3348217755536333
vn 0.9943204554773952 0.10435788750621106 -0.02088691299513866
vn 0.9943204554773952 0.10435788750621106 -0.02088691299513866
vn 0.9246253492774668 0.18155473188496646 -0.3348221062052214
vn -0.4266311708855083 -0.5733910738628865 -0.6994344289804628
vn -0.4972900248061017 -0.8127368243708417 -0.3035811020797346
vn -0.4266311708855083 -0.5733910738628865 -0.6994344289804628
vn 0.6615621653389113 0.28617256463926655 -0.6931383445170782
vn 0.7169692017671002 0.24670869305768706 -0.6519892518187819
vn 0.9735101366539276 0.17920052482996152 -0.1420041750538251
vn 0.6615621653389113 0.28617256463926655 -0.6931383445170782
vn 0.7169692017671002 0.24670869305768706 -0.6519892518187819
vn 0.9818337806984644 0.14792184069451922 -0.11883415386539678
vn 0.9217190755560956 0.21162733397309974 -0.3250351015989735
vn 0.4837848766674101 0.2865666953756527 -0.8269411842503532
vn 0.48262903401854357 0.37172723361767807 -0.7930246397869839
vn 0.880055023096935 0.38301736829453886 -0.28071489434402797
vn 0.9468849731750661 0.3196416294645471 0.03518630825339876
vn 0.880055023096935 0.38301736829453886 -0.28071489434402797
vn 0.6422811006386715 0.7432138767381166 -0.18737161254116505
vn 0.6907071757237196 0.709913623397979 0.1376453585040746
vn 0.9217190755560956 0.21162733397309974 -0.3250351015989735
vn -0.9975664423430742 0.05763180657994836 -0.03923987743754201
vn -0.9891973572669338 -0.11795625382397279 -0.0870339621063447
vn -0.9559371306697039 -0.05844339155977308 -0.28769527662087957
vn -0.9651753579186177 0.10971604626039383 -0.23748456299232423
vn -0.9651753579186177 0.10971604626039383 -0.23748456299232423
vn -0.9559371306697039 -0.05844339155977308 -0.28769527662087957
vn -0.6347291469233401 0.11605947585007959 -0.7639693109748413
vn -0.6509257743956274 0.2279514818834087 -0.7241089407917918
vn -0.9151229509005396 0.3619056195464137 -0.1776916072182777
vn -0.593948186445321 0.39833050493869976 -0.6989694990867592
vn -0.9485096960312683 0.31539158458685235 0.029283184704966683
vn -0.9151229509005396 0.3619056195464137 -0.1776916072182777
vn 0.9245996830489921 0.18199782970031098 -0.3346523809717776
vn 0.9244159982600525 0.18480884096339412 -0.33361767708357004
vn 0.9244159982600525 0.18480884096339412 -0.33361767708357004
vn 0.9245996830489921 0.18199782970031098 -0.3346523809717776
vn 0.482421907368692 0.2711094667895239 -0.8329278241887789
vn 0.4820401764389049 0.2735616823671497 -0.8323468473173934
vn 0.9246258310012443 0.1815543739311242 -0.3348209699999926
vn 0.9246253492774668 0.18155473188496646 -0.3348221062052214
vn 0.9246253492774668 0.18155473188496646 -0.3348221062052214
vn 0.4813152042877761 0.2693688325254787 -0.8341319477068821
vn 0.9943203604825585 0.10435884528133878 -0.02088664983621077
vn 0.9943205139836218 0.10435752725078482 -0.020885927737305344
vn 0.9246253492774668 0.18155473188496646 -0.3348221062052214
vn 0.9246253492774668 0.18155473188496646 -0.3348221062052214
vn 0.9246253492774668 0.18155473188496646 -0.3348221062052214
vn 0.47348192815414736 0.2692794307478392 -0.8386318929587346
vn -0.9943205139836218 0.10435752725078482 -0.020885927737305344
vn -0.9943205614665402 0.10435726852031905 -0.02088495994351736
vn 0.04094398850722366 0.2603712160708688 -0.9646400466738344
vn 0.03996901314402332 0.26156295281765357 -0.9643584912788411
vn -0.004654001784729674 0.2615025114500252 -0.9651915751666699
vn -0.11473799602091252 0.35828614772255357 -0.9265345264042985
vn -0.14243507097194424 0.3048973725288688 -0.9416739577912354
vn -0.00503400119127195 0.26029822167467664 -0.9655151446896145
vn 0.04489701052710292 0.2594447327316706 -0.9647137861062839
vn -0.7410587505035339 0.6602928756077038 0.12184107158035953
vn -0.7161102924336601 0.6924432879967887 -0.08779716384242814
vn 0.048982014413293744 0.26011827753123173 -0.9643335750445491
vn 0.052237024434933436 0.26161039469592595 -0.9637589401220753
vn -0.0718360002983871 0.1815797436360152 -0.9807488902681506
vn 0.03853699072252923 0.26180817076492074 -0.9643502382779701
vn 0 0.2588191096264124 -0.9659258089999413
vn 0.037064984154125125 0.2617666077112928 -0.9644192190313177
vn 0 0.2588191096264124 -0.9659258089999413
vn 0.035166008728387974 0.2526720792717557 -0.9669127014299702
vn 0 0.2588191096264124 -0.9659258089999413
vn 0.032103003985934374 0.26119237670310186 -0.9647527867216886
vn 0.04559799063192011 0.23967771381382794 -0.9697811179597737
vn 0.033169017376028814 0.2614835496300049 -0.9646378437316262
vn 0 0.2588191096264124 -0.9659258089999413
vn 0.03436599323659165 0.26157152679700135 -0.9645720890000644
vn 0.03566699372926584 0.261668788571234 -0.9644984762279201
vn 0.3600580107573293 0.2522331367289726 -0.8981852112038687
vn 0.8398235552836529 0.20463632823761727 -0.5028124592292353
vn 0.44942876120592057 0.26994545166821887 -0.851553428578943
vn 0.9142400467519994 0.18474131096745197 -0.36060474891067235
vn 0.9909510695212754 0.11849525913344432 -0.06304642240078386
vn 0.8398235552836529 0.20463632823761727 -0.5028124592292353
vn 0.9142400467519994 0.18474131096745197 -0.36060474891067235
vn 0.9939880938730582 0.10611633333533012 -0.026962808423266888
vn 0.4653520416371758 0.2716346879046233 -0.8424144310676723
vn 0.9246253492774668 0.18155473188496646 -0.3348221062052214
vn 0.4664159270103832 0.2715724253535426 -0.8418459483888008
vn 0.9246258310012443 0.1815543739311242 -0.3348209699999926
vn 0.9943204189888661 0.1043584850260271 -0.020885664578324116
vn 0.9246253492774668 0.18155473188496646 -0.3348221062052214
vn 0.9246258310012443 0.1815543739311242 -0.3348209699999926
vn 0.9943204655902924 0.10435823436385261 -0.020884698436017833
vn 0.4675651143072362 0.27150949939452296 -0.8412285394715259
vn 0.9246255050328996 0.18155454843591087 -0.3348217755536333
vn 0.9943204189888661 0.1043584850260271 -0.020885664578324116
vn 0.9246255050328996 0.18155454843591087 -0.3348217755536333
vn -0.3750449328362248 0.25458454001544556 -0.8913630070509969
vn -0.8526477347212057 0.20318925579398614 -0.4813584597830213
vn -0.8526477347212057 0.20318925579398614 -0.4813584597830213
vn -0.9909512514487939 0.11849475895967446 -0.06304450294163574
vn -0.9142399716584023 0.18474226161726257 -0.3606044522667224
vn -0.9939882007947642 0.106115822421745 -0.02696087744388316
vn -0.4494279513956203 0.2699455745559028 -0.8515538170204039
vn -0.9142399716584023 0.18474226161726257 -0.3606044522667224
vn -0.46535206231684595 0.27163373201849683 -0.8424147278669586
vn -0.924626186640189 0.18155417092512133 -0.3348200979614488
vn -0.924626186640189 0.18155417092512133 -0.3348200979614488
vn -0.9943205139836218 0.10435752725078482 -0.020885927737305344
vn -0.9246258310012443 0.1815543739311242 -0.3348209699999926
vn -0.4664151484073339 0.2715725491538543 -0.8418463398282623
vn -0.9246258310012443 0.1815543739311242 -0.3348209699999926
vn -0.46756393335936464 0.27150869321069 -0.8412294560537826
vn -0.9246250066256897 0.18155491932451306 -0.3348229508135796
vn -0.9246250066256897 0.18155491932451306 -0.3348229508135796
vn -0.04407701148375086 0.24083124320790064 -0.9695656395281335
vn -0.034813999995614554 0.2532325251138477 -0.9667788131877787
vn 0 0.2588191096264124 -0.9659258089999413
vn -0.032103003985934374 0.26119237670310186 -0.9647527867216886
vn 0 0.2588191096264124 -0.9659258089999413
vn -0.03316898760674369 0.26148354741656354 -0.9646378453552366
vn -0.03436599333998251 0.261570561650781 -0.9645723507230815
vn -0.03566699372926584 0.261668788571234 -0.9644984762279201
vn 0.7161100247780715 0.6924437228485496 -0.08779591733099276
vn 0.4671791724316906 0.6136485936174048 -0.6365367423781771
vn -0.4671788016418112 0.6136483964482705 -0.6365372045945057
vn -0.7161102924336601 0.6924432879967887 -0.08779716384242814
vn -0.36316589983284175 0.7237529435125706 -0.586764182577202
vn -0.5341509409346817 0.8444098649603302 -0.04067864619516474
vn -0.5341509409346817 0.8444098649603302 -0.04067864619516474
vn -0.2540250891317523 0.9669591614793966 -0.021476361951392846
vn -0.26521501735068237 0.9439005024405466 0.1967557777148129
vn -0.5514607616099677 0.8178590864968184 0.1643092907876609
vn 0.6016639770056941 -0.7568011329793192 -0.2554456965676081
vn 0.5532460264694441 -0.6971068102762352 -0.4560273338981603
vn -0.5532471277401054 -0.6971060245867711 -0.4560271988951444
vn -0.6016629230757531 -0.7568022231789848 -0.255444949034594
vn -0.5532471277401054 -0.6971060245867711 -0.4560271988951444
vn -0.30737805286411807 -0.294530019167413 -0.9048595473479334
vn -0.6016629230757531 -0.7568022231789848 -0.255444949034594
vn -0.5532471277401054 -0.6971060245867711 -0.4560271988951444
vn 0.37086796775344844 -0.8967503433381214 -0.2414451743510074
vn -0.3708692007554294 -0.8967496075468785 -0.24144601321112807
vn -0.37187610931700016 -0.896710624821396 -0.2400379441914798
vn 0.37187787131565253 -0.8967102015427522 -0.24003679566869723
vn 0.7410587868819909 0.6602926560156513 0.12184204035056506
vn 0.7161100247780715 0.6924437228485496 -0.08779591733099276
vn 0.4671791724316906 0.6136485936174048 -0.6365367423781771
vn 0.5939480378988992 0.39833140013568 -0.6989691151560249
vn 0.3631689989946399 0.7237518497668863 -0.5867636135005659
vn 0.5341552292630566 0.8444071605359629 -0.040678474486194834
vn 0.551464205895589 0.8178568913082876 0.16430865757923752
vn 0.5341552292630566 0.8444071605359629 -0.040678474486194834
vn 0.26521896475413365 0.9438996535457477 0.1967545292260467
vn 0.25402992767320093 0.9669578631831537 -0.02147758540007869
vn 0.3073789910392115 -0.29452993728572924 -0.9048592553044815
vn -0.30737805286411807 -0.294530019167413 -0.9048595473479334
vn 0.5532460264694441 -0.6971068102762352 -0.4560273338981603
vn 0.6016639770056941 -0.7568011329793192 -0.2554456965676081
vn 0.3073789910392115 -0.29452993728572924 -0.9048592553044815
vn 0.5532460264694441 -0.6971068102762352 -0.4560273338981603
vn 0.3631689989946399 0.7237518497668863 -0.5867636135005659
vn 0.6509262381667533 0.22795235701916375 -0.724108248396251
vn 0.6347291469233401 0.11605947585007959 -0.7639693109748413
vn 0.3073789910392115 -0.29452993728572924 -0.9048592553044815
vn -0.30737805286411807 -0.294530019167413 -0.9048595473479334
vn -0.593948186445321 0.39833050493869976 -0.6989694990867592
vn -0.4671788016418112 0.6136483964482705 -0.6365372045945057
vn -0.36316589983284175 0.7237529435125706 -0.586764182577202
vn -0.26521501735068237 0.9439005024405466 0.1967557777148129
vn -0.2540250891317523 0.9669591614793966 -0.021476361951392846
vn 0.25402992767320093 0.9669578631831537 -0.02147758540007869
vn 0.26521896475413365 0.9438996535457477 0.1967545292260467
vn -0.6509257743956274 0.2279514818834087 -0.7241089407917918
vn -0.6347291469233401 0.11605947585007959 -0.7639693109748413
vn 0.3469170786731143 -0.8726357448837162 -0.3437373958069646
vn 0.23881603418879838 -0.5734023069027745 -0.7836942619752367
vn -0.23881603418879838 -0.5734023069027745 -0.7836942619752367
vn -0.34691587114665395 -0.872636199469383 -0.343737460458108
vn 0.1626789380260024 0.7805262350067069 0.6035845919081989
vn 0.04096799961413018 0.3939827719147738 0.9182043337089887
vn -0.04104800583107414 0.39409627980087547 0.9181520481186122
vn -0.16267796805682685 0.7805263419620286 0.603584715025386
vn -0.9904974323208345 0.13699406262397862 0.012143449740960063
vn -0.991606435331707 0.12488279730843453 -0.033480805623012116
vn -0.9950609330886093 0.09588210519355896 -0.0256974968523648
vn -0.9939545737543473 0.10797363942685355 0.019899711096746736
vn 0.22284288267113844 0.9484746358722724 -0.22524856214807995
vn -0.2228430689820587 0.9484744839154371 -0.22524901768487812
vn -0.22213892449605677 0.9527008091254111 -0.2074017032608994
vn 0.22213904294747067 0.9527009584818151 -0.20740089032164852
vn -0.9953798260791814 0.0927424347088182 -0.02485644059110367
vn -0.995379154367877 0.09275019608413343 -0.024854379417813266
vn -0.9950632487819076 0.09585560709703303 -0.025706682237402145
vn -0.991616624174925 0.12479621360185268 -0.033501876523061115
vn 0.16639098030995295 -0.9524586138554221 0.255218789598456
vn -0.0011609996733342655 -0.965925140156923 0.25881900179968803
vn -0.0011610004826012755 -0.9659244283430423 0.2588216583055721
vn 0.16638600161039355 -0.9524607102904362 0.25521421163631103
vn -0.2332239664929152 -0.9392884378408146 0.2516819659647341
vn -0.23322301843762241 -0.9392886616058399 0.25168200938794655
vn -0.6921617961760999 0.6998530289731173 -0.17640234054974493
vn -0.684054690441778 0.7100122483719562 -0.1671878812785275
vn -0.9954290808687111 0.09224758270392092 -0.024725057050616804
vn -0.9954291060630938 0.09224848542782237 -0.024720674317317105
vn -0.9954290715023902 0.09224918722043839 -0.024719447102584308
vn -0.9954290937750895 0.09224803049616481 -0.024722866655850082
vn -0.9954290715023902 0.09224918722043839 -0.024719447102584308
vn -0.9954291186429173 0.09224893749999223 -0.024718480695774547
vn -0.9954289891857615 0.09225014587320746 -0.024719184351129523
vn -0.9954289762883548 0.0922496980817609 -0.024721374746198937
vn -0.995429023867197 0.09224944216935974 -0.024720413876817417
vn -0.9954288334311819 0.09225046389125631 -0.024724269163804356
vn 0.991606435331707 0.12488279730843453 -0.033480805623012116
vn 0.9950609825701496 0.09588184920057143 -0.025696535961236316
vn 0.9950633611966815 0.09585554440108944 -0.025702564298783676
vn 0.991616624174925 0.12479621360185268 -0.033501876523061115
vn 0.9953792979867112 0.09274943035761365 -0.024851485022427237
vn 0.9953800434580266 0.09274230866565339 -0.024848204539998857
vn 0.23321991242612636 -0.9392826728960655 0.2517072363782433
vn 0.23322310044643826 -0.9392861941312045 0.2516911419431914
vn 0.001163999691894241 -0.9659251367882347 0.2588190008970502
vn 0.0011650000530001447 -0.9659247815473038 0.2588203221690098
vn -0.16639197553792778 -0.9524611102765225 0.25520882407824297
vn -0.1663860634611945 -0.9524681155566307 0.25518653321421225
vn 0.6921617961760999 0.6998530289731173 -0.17640234054974493
vn 0.684054163796551 0.7100127266837992 -0.16718800477198698
vn 0.9954291315343519 0.09224938529083224 -0.02471629030073072
vn 0.9954291444208108 0.09224983308122268 -0.024714099905506617
vn 0.9954291186429173 0.09224893749999223 -0.024718480695774547
vn 0.9954292008388325 0.09224798075843783 -0.024718741136108523
vn 0.9954292484720482 0.09224772580924746 -0.024717774361689888
vn 0.9954292484720482 0.09224772580924746 -0.024717774361689888
vn 0.9954291186429173 0.09224893749999223 -0.024718480695774547
vn 0.9954291186429173 0.09224893749999223 -0.024718480695774547
vn 0.9954290715023902 0.09224918722043839 -0.024719447102584308
vn 0.995429023867197 0.09224944216935974 -0.024720413876817417
vn -0.9954291315343519 0.09224938529083224 -0.02471629030073072
vn -0.9954290971072113 0.09225008374987713 -0.02471506990608108
vn -0.9954291315343519 0.09224938529083224 -0.02471629030073072
vn -0.995429166276121 0.09224868255086831 -0.024717513921423177
vn -0.9954291918729686 0.09224957907953298 -0.024713136724779674
vn -0.9954292137312624 0.09224842854939447 -0.02471655074091186
vn -0.9954292266187167 0.09224887633990156 -0.02471436034553492
vn -0.9953665092270354 0.09287806181900905 -0.024883286397311338
vn -0.9953667678877591 0.09287508642314765 -0.024884045221159376
vn -0.9954291789884959 0.09224913128930864 -0.02471532712017001
vn 0.9954291315343519 0.09224938529083224 -0.02471629030073072
vn 0.9954291444208108 0.09224983308122268 -0.024714099905506617
vn 0.995428941550576 0.0922504008220929 -0.024720151125411177
vn 0.9954290367626217 0.09224988996058713 -0.024718223481843965
vn 0.995429023867197 0.09224944216935974 -0.024720413876817417
vn 0.995429166276121 0.09224868255086831 -0.024717513921423177
vn 0.995366672160268 0.09287559525370026 -0.024885975143931687
vn 0.9953664617641119 0.09287831155535252 -0.02488425280814045
vn 0.9954292870711084 0.09224906821675266 -0.024711209081013423
vn 0.9954292137312624 0.09224842854939447 -0.02471655074091186
vn 0.9954290843958215 0.09224963501149905 -0.024717256707443982
vn 0.995429166276121 0.09224868255086831 -0.024717513921423177
vn -0.3708678902811464 -0.8967498969895928 0.241446951125017
vn -0.37187600652291963 -0.8967093785894321 0.2400427589458175
vn -0.6909591135463324 -0.6983424165032811 0.18679767857129287
vn -0.6910825517894357 -0.6977392461674176 0.18858645489516407
vn -0.6753337388333884 -0.7124159953986289 0.19075584052263708
vn -0.6754506193501251 -0.7121062327605949 0.19149719079674707
vn -0.483160932539767 -0.8457095735735365 0.2265630826797914
vn -0.483235789163388 -0.8456207857326041 0.2267347763546888
vn 0.995533049546446 0.09119629091164277 -0.02443734406011938
vn 0.9955330367938203 0.09119584314726772 -0.02443953446227612
vn 0.9904268105097787 0.1333336658770371 -0.035733269752679174
vn 0.9904268476113953 0.1333345640640952 -0.035728889660771375
vn 0.9931608561819021 0.11277369879041695 -0.03022592610921211
vn 0.9931615913846806 0.11276941744098977 -0.030217741283364435
vn 0.9948513523492789 0.09788998258253796 -0.02623619711012707
vn 0.9948522902762437 0.09788210453555234 -0.02623002370955714
vn 0.9482486955299776 0.30668945071492276 -0.08225565175642748
vn 0.9482316318763515 0.3067525680756786 -0.08221699512927869
vn 0.684054163796551 0.7100127266837992 -0.16718800477198698
vn 0.6921617961760999 0.6998530289731173 -0.17640234054974493
vn 0.8506998208991439 -0.5077370605714217 0.1360620889316964
vn 0.8507015856001776 -0.5077365796376091 0.13605284986080016
vn 0.8507015856001776 -0.5077365796376091 0.13605284986080016
vn 0.8506998208991439 -0.5077370605714217 0.1360620889316964
vn -0.9954290971072113 0.09225008374987713 -0.02471506990608108
vn -0.9954291315343519 0.09224938529083224 -0.02471629030073072
vn 0.6909591135463324 -0.6983424165032811 0.18679767857129287
vn 0.37187892049723553 -0.8967081215079782 0.24004294055740108
vn 0.37086818705144314 -0.8967496487924449 0.24144741709904963
vn 0.691082974967632 -0.697738730427656 0.18858681229367535
vn 0.6753319767378445 -0.7124174621513553 0.19075660097930494
vn 0.6754500890222476 -0.7121067014814676 0.19149731837553693
vn 0.48315885230074 -0.8457069883526702 0.2265771685207672
vn 0.4832331471285203 -0.8456208213723536 0.22674027427391924
vn -0.9904266057496963 0.1333344129623984 -0.03573615736349303
vn -0.995533049546446 0.09119629091164277 -0.02443734406011938
vn -0.9955330145931534 0.09119700086599374 -0.02443611851575913
vn -0.9904267793636786 0.13333481300219416 -0.0357298525180433
vn -0.9931606821480661 0.11277445681643537 -0.030228816135370953
vn -0.9931615764025552 0.1127689619469455 -0.030219933471134042
vn -0.9948513794506288 0.097890882069335 -0.026231812992399208
vn -0.9948523033012321 0.09788255960993958 -0.026227831409398373
vn -0.9482491501545967 0.30668880662064935 -0.08225281226005056
vn -0.9482315182090747 0.3067532537213148 -0.08221574792155033
vn -0.684054690441778 0.7100122483719562 -0.1671878812785275
vn -0.6921617961760999 0.6998530289731173 -0.17640234054974493
vn -0.850701708428051 -0.5077375422051815 0.13604848956543647
vn -0.8507033815712772 -0.5077347676418845 0.13604838224262536
vn -0.850701708428051 -0.5077375422051815 0.13604848956543647
vn -0.8507033815712772 -0.5077347676418845 0.13604838224262536
vn 0.09594498702662797 0.3931439507000967 0.9144574312084626
vn 0.003429000891118034 0.26186617378072946 0.9650981032943383
vn 0.0018999994511183 0.2632761183862978 0.9647186509493481
vn -0.05022699417386077 0.26513352147338626 0.9629026248003378
vn 0.002019000540120056 0.25651292077092247 0.9665386930249555
vn 0 0.2588191875266265 0.9659257881266329
vn -0.05148298885156891 0.2722216017107385 0.960856337555698
vn -0.008881999773132445 0.31361403553536593 0.9495090030090564
vn -0.046750001109834044 0.3071954919519545 0.9504974314119041
vn 0.008882999934722184 0.31361403274901933 0.9495089945730143
vn 0 0.2588191875266265 0.9659257881266329
vn 0.2123769641839775 0.9712998127695355 0.10711068479784222
vn -0.21237694351164946 0.971299925770482 0.1071097010681381
vn -0.1021839542332337 0.7224039323701252 0.6838793738616775
vn 0.10218404915488659 0.7224035755009158 0.6838797366509732
vn -0.21237694351164946 0.971299925770482 0.1071097010681381
vn -0.6422826503241541 0.7432128950188672 0.18737019445540082
vn -0.357153997467286 0.5864345378443071 0.7270045081816701
vn -0.6907077571072132 0.7099129266982819 -0.13764603437296263
vn -0.6422826503241541 0.7432128950188672 0.18737019445540082
vn -0.2516851314930177 -0.7765189485587073 0.5776442825083808
vn -0.24563708207859714 -0.9242581686683206 0.2922486296936136
vn -0.0014429999342574643 -0.9612374233579729 0.27571821428283433
vn -0.00282999935238056 -0.9154972762290317 0.4023142159070314
vn -0.11081099959223348 -0.4116290153228607 0.9045896727874478
vn -0.2516851314930177 -0.7765189485587073 0.5776442825083808
vn -0.00282999935238056 -0.9154972762290317 0.4023142159070314
vn -0.023597997261131726 -0.4711486465102808 0.8817381059117236
vn 0.1870609888320354 -0.829228322956628 0.5266769169649637
vn 0.08399500816193234 -0.5433175838787773 0.8353148158939866
vn 0.17375501901610205 -0.9425601896207035 0.2852884195141777
vn 0.1870609888320354 -0.829228322956628 0.5266769169649637
vn -0.05185399719539252 0.26418289397259886 0.9630776508190411
vn -0.0534000151211075 0.2632467210169771 0.9632495015617062
vn 0.00520099817637868 0.2583533446116263 0.9660364894484865
vn 0.005285998343249892 0.25755728587141186 0.9662485719089404
vn 9.999995305688366e-7 0.258818702283956 0.9659259181464429
vn 0 0.25881870228408543 0.9659259181469261
vn -0.008916000007204005 0.24659802235987316 0.9690768392197138
vn 0.009501999956759837 0.24643295047305497 0.9691132611402894
vn 0.2388151456133151 -0.5734016466886149 0.7836950158068354
vn 0.08726199101691967 0.08982835723716585 0.9921271144162097
vn 0.1552010747452902 0.10108994853894689 0.982697027929921
vn 0.5172858820355939 -0.3506913622115254 0.7806605438453275
vn 0.3469170963412789 -0.872635515123305 0.3437379612606382
vn 0.2388151456133151 -0.5734016466886149 0.7836950158068354
vn 0.5172858820355939 -0.3506913622115254 0.7806605438453275
vn 0.684477164288244 -0.6550391365015961 0.3200230323260619
vn 0.5276947668039232 -0.375758737594252 0.7618028644008416
vn 0.6731150733083375 -0.6713287764314454 0.31021568628966806
vn 0.18239905081339283 0.07095185505278435 0.9806612159797807
vn 0.5276947668039232 -0.375758737594252 0.7618028644008416
vn 0 0.25881870228408543 0.9659259181469261
vn 0 0.25881870228408543 0.9659259181469261
vn 0 0.25881870228408543 0.9659259181469261
vn 0 0.25881870228408543 0.9659259181469261
vn -0.03706500947443789 0.2617665268184999 0.964419240014445
vn 0 0.25881870228408543 0.9659259181469261
vn 0 0.25881870228408543 0.9659259181469261
vn -0.0385380028531635 0.2618076259022239 0.9643503457538295
vn -0.039970001711988605 0.26156322544005295 0.9643583763625115
vn -0.08726099701477999 0.08982835200498201 0.9921272023163439
vn -0.23881599507312212 -0.5734022853164625 0.7836942896889658
vn 0.994320332125025 0.10435908069399066 0.020886823585332056
vn 0.9943203389223436 0.10435882252606417 0.020887789886174648
vn -0.15835299178565704 0.23554787247232187 0.9588751377349892
vn -0.16550994962672655 0.26486628735732753 0.9499748977715696
vn -0.005205001566956504 0.259231427480885 0.9658012088234881
vn -0.00520099817637868 0.2583533446116263 0.9660364894484865
vn 0.16551092786388136 0.2648662522526302 0.9499747371247738
vn 0.15835201214718303 0.23554790490151148 0.9588752915501823
vn 0.005205001566956504 0.259231427480885 0.9658012088234881
vn 0.1873609105377504 -0.20269388157441073 0.961150914047718
vn -0.028839984681224527 0.11955631584376754 0.9924084555390748
vn -0.28387094049300415 -0.04942417186301566 0.9575878760611334
vn -0.025645010365212228 0.2517368448307738 0.9674558875721493
vn -0.21245507526993326 0.2897238860494261 0.9332325063157982
vn -0.681241947968997 -0.2718764098161676 0.6797003943745197
vn -0.681241947968997 -0.2718764098161676 0.6797003943745197
vn -0.8556948285273962 -0.44923930324313777 0.25684705342497094
vn -0.8556948285273962 -0.44923930324313777 0.25684705342497094
vn -0.681241947968997 -0.2718764098161676 0.6797003943745197
vn -0.7021579363624944 0.2570941021230439 0.6639855834705367
vn -0.9806139235146013 0.13708028689141946 0.14001902711798103
vn -0.7021579363624944 0.2570941021230439 0.6639855834705367
vn -0.022743006265971102 0.25448145419785967 0.9668101908520247
vn -0.18756608663226138 0.2898687528778286 0.9385068296237973
vn -0.017171996871436827 0.24222207088710843 0.9700688588438492
vn -0.2410009427037552 0.26204929342363753 0.9344777757828561
vn -0.9942708823554058 0.10485616245952215 0.020750848042070877
vn -0.9246248480701839 0.18155453882326195 0.3348235949927397
vn -0.468809043895331 0.2714315617935643 0.840561114746722
vn -0.47016911710266707 0.2712839772445931 0.839848798899691
vn -0.9246248480701839 0.18155453882326195 0.3348235949927397
vn -0.9943203389223436 0.10435882252606417 0.020887789886174648
vn -0.9246248480701839 0.18155453882326195 0.3348235949927397
vn -0.9246248480701839 0.18155453882326195 0.3348235949927397
vn -0.994320438116159 0.10435812238556798 0.020886565937186866
vn -0.9246248480701839 0.18155453882326195 0.3348235949927397
vn -0.9943204498510343 0.10435801492021982 0.020886544231824955
vn -0.4717087721974384 0.2708217980803216 0.8391343086279615
vn -0.9246248480701839 0.18155453882326195 0.3348235949927397
vn 0.426631010153534 -0.5733900411126007 0.699435373660973
vn 0.426631010153534 -0.5733900411126007 0.699435373660973
vn 0.4972890385299365 -0.8127377488442336 0.3035802427062391
vn -0.9943204313210096 0.10435838043319974 0.020885600086211906
vn -0.6702050128890219 0.28249452750445814 0.6863104855883079
vn -0.6702050128890219 0.28249452750445814 0.6863104855883079
vn -0.973509707839297 0.17920109536083453 0.14200639480010696
vn -0.737925243605017 0.24384115455156058 0.6292915271934291
vn -0.981833724654317 0.14792146123014924 0.11883508925804939
vn -0.737925243605017 0.24384115455156058 0.6292915271934291
vn -0.9217193536219763 0.21162819655621953 0.32503375144905805
vn -0.4837868928860923 0.2865665224899285 0.8269400646114868
vn -0.4826310622973031 0.3717266809888533 0.7930236644305061
vn -0.8800551594899833 0.3830180746975079 0.2807135028994404
vn -0.9217193536219763 0.21162819655621953 0.32503375144905805
vn -0.8800551594899833 0.3830180746975079 0.2807135028994404
vn -0.9468846144716708 0.3196425801059025 -0.03518732527597341
vn -0.6422826503241541 0.7432128950188672 0.18737019445540082
vn -0.6907077571072132 0.7099129266982819 -0.13764603437296263
vn 0.9975664591004255 0.05763191125333528 0.039239297689008565
vn 0.9891973990744551 -0.1179554779761148 0.0870345384302083
vn 0.955936730700676 -0.0584447708003817 0.2876963254256023
vn 0.9651753897493072 0.10971584628698106 0.23748452601338946
vn 0.948509935478528 0.3153908221803208 -0.02928364019277533
vn 0.9151230063033152 0.36190586270444247 0.17769082664711694
vn 0.6509271623747271 0.22795142301689097 0.7241077116198668
vn 0.5939489066946486 0.398331323662107 0.6989684204782255
vn 0.6347288769040323 0.11605860857336128 0.7639696670681114
vn -0.9245996437120415 0.18199788414786255 0.33465246004365057
vn -0.9244157832559763 0.18480947277914456 0.3336179228373899
vn -0.9244157832559763 0.18480947277914456 0.3336179228373899
vn -0.48204105698831096 0.27356126404057995 0.8323464748493333
vn -0.9245996437120415 0.18199788414786255 0.33465246004365057
vn -0.4824209938947375 0.2711089820567787 0.8329285110366619
vn -0.9943204566483472 0.10435775675230126 0.02088751053260614
vn -0.92462534895932 0.1815539494999657 0.33482253132490897
vn -0.92462534895932 0.1815539494999657 0.33482253132490897
vn -0.92462534895932 0.1815539494999657 0.33482253132490897
vn -0.48131386760328254 0.2693666429823348 0.8341334260783445
vn -0.92462534895932 0.1815539494999657 0.33482253132490897
vn -0.47874607671926583 0.2682055085435043 0.8359832529499805
vn -0.9943203389223436 0.10435882252606417 0.020887789886174648
vn -0.9246255066914801 0.1815549812810301 0.33482153626606576
vn -0.47579689415081255 0.26791842921943865 0.8377571430916178
vn -0.9943202266900548 0.10436003398681457 0.020887079769774254
vn -0.04898302562488172 0.26011752050472575 0.964333727880087
vn -0.04489700479187547 0.2594439547744615 0.9647139955923234
vn 0.004653998684928108 0.26150227449296 0.9651916393811384
vn 0.005034001277334535 0.26029768448580265 0.9655152895125324
vn -0.9246251178356186 0.18155608267603382 0.3348220128826677
vn -0.9246255066914801 0.1815549812810301 0.33482153626606576
vn -0.9246251178356186 0.18155608267603382 0.3348220128826677
vn -0.47348271505433576 0.2692804284348445 0.8386311283315934
vn 0.9942708894076712 0.10485590444243244 0.020751813897539266
vn 0.993954565088586 0.10797389712575926 0.019898745664879494
vn -0.04094397854277087 0.2603714167028679 0.9646399929430828
vn 0.11473704156063312 0.35828790513939013 0.9265339650140954
vn 0.142434954103996 0.3048978045812517 0.9416738355773325
vn 0.47874793992199716 0.26820566971529913 0.8359821342307572
vn 0.47579613791262615 0.2679185606577115 0.8377575305555477
vn 0.9246253620511893 0.1815551565785662 0.33482184064281006
vn 0.9246255066914801 0.1815549812810301 0.33482153626606576
vn -0.05223698853804486 0.2616086436503981 0.9637594173837551
vn 0.07183599855504728 0.18158068403147953 0.9807487162868272
vn 0.25402799999099784 0.9669584486202455 0.021474027626451377
vn 0.1626789380260024 0.7805262350067069 0.6035845919081989
vn -0.16267796805682685 0.7805263419620286 0.603584715025386
vn -0.2540258994837436 0.9669589947688924 0.021474282921853657
vn 0.2123769641839775 0.9712998127695355 0.10711068479784222
vn -0.0018590004986158502 0.26362942389519456 0.9646222426286022
vn -0.0033619980001601724 0.26188906534927237 0.9650921274261496
vn -0.09592193557900663 0.39345052149967763 0.9143279878721904
vn 0.051483983986049135 0.2722215972367673 0.9608562855030859
vn 0.046750001109834044 0.3071954919519545 0.9504974314119041
vn -0.002019000540120056 0.25651292077092247 0.9665386930249555
vn 0.05022799003293356 0.2651335081779978 0.9629025765146124
vn 0.6907081951806457 0.709912430401069 -0.13764639578406196
vn 0.6422831414379166 0.7432124995363866 0.18737007967527128
vn 0.6422831414379166 0.7432124995363866 0.18737007967527128
vn 0.35715289001491435 0.5864341766807102 0.7270053435668901
vn 0.001445000293124968 -0.9612370372747245 0.27571954980643365
vn 0.24563397454191552 -0.9242616665558766 0.29224017910974387
vn 0.2533160415216119 -0.7637401984127069 0.5937439620209541
vn 0.002830999743348689 -0.9155018575445282 0.4023037835678054
vn -0.17375499163245334 -0.9425595370930866 0.28529059205952156
vn -0.18706101739542094 -0.8292298319398477 0.5266745309885433
vn -0.18706101739542094 -0.8292298319398477 0.5266745309885433
vn 0.002830999743348689 -0.9155018575445282 0.4023037835678054
vn 0.007590996654633331 -0.5271150291466598 0.8497600383740727
vn -0.08399802162147439 -0.5433219157962356 0.8353116952247146
vn 0.2533160415216119 -0.7637401984127069 0.5937439620209541
vn 0.10711395331160437 -0.512757357428147 0.8518253890377201
vn 0.053401014029342234 0.2632467152762659 0.9632494477532259
vn 0.05185396956715082 0.2641837425148884 0.9630774195416255
vn -0.005285998343249892 0.25755728587141186 0.9662485719089404
vn -0.15520204632736162 0.10108989864466231 0.982696879616401
vn -0.5172858820355939 -0.3506913622115254 0.7806605438453275
vn -0.18239895112736448 0.0709505686029455 0.9806613275961055
vn -0.5276947668039232 -0.375758737594252 0.7618028644008416
vn -0.5276947668039232 -0.375758737594252 0.7618028644008416
vn -0.5172858820355939 -0.3506913622115254 0.7806605438453275
vn -0.684477164288244 -0.6550391365015961 0.3200230323260619
vn -0.6731150733083375 -0.6713287764314454 0.31021568628966806
vn -0.23881599507312212 -0.5734022853164625 0.7836942896889658
vn -0.3469161613989975 -0.8726363517386299 0.34373678095961596
vn -0.1873609105377504 -0.20269388157441073 0.961150914047718
vn 0.010659993603268648 0.09914067385042398 0.9950163271649677
vn 0.0169539906175021 0.2577653936558481 0.9660587787684493
vn 0.23448999347786123 0.005855209031006321 0.9721008998483417
vn 0.2179819038719016 0.30004388099733087 0.928685931335476
vn 0.6828429015817503 -0.2633156386473201 0.681461991752416
vn 0.7030789000218762 0.25909076254967944 0.6622326155554815
vn 0.7030789000218762 0.25909076254967944 0.6622326155554815
vn 0.6828429015817503 -0.2633156386473201 0.681461991752416
vn 0.855696027648479 -0.44923933280211176 0.2568430067767605
vn 0.9806138251829709 0.13708002087396762 0.14001997620773382
vn 0.6828429015817503 -0.2633156386473201 0.681461991752416
vn 0.855696027648479 -0.44923933280211176 0.2568430067767605
vn 0.020304000871478493 0.2569749788723322 0.9662047442349759
vn 0.017310003220292806 0.24388771976222984 0.9696489797538558
vn 0.17135406670230968 0.2930489924113411 0.9406168571056326
vn 0.20203296684952876 0.2627562303178879 0.9434732872398192
vn 0.9904974323208345 0.13699406262397862 0.012143449740960063
vn 0.4701710340260157 0.2712842011094092 0.8398476534415852
vn 0.468809043895331 0.2714315617935643 0.840561114746722
vn 0.9246257412296464 0.1815540844041682 0.3348213749026356
vn 0.92462534895932 0.1815539494999657 0.33482253132490897
vn 0.4717098940608687 0.2708221402134968 0.8391335675655367
vn 0.9246251119650835 0.18155484822846285 0.3348226984663624
vn 0.9246251119650835 0.18155484822846285 0.3348226984663624
vn 0.92462534895932 0.1815539494999657 0.33482253132490897
vn 0.994320438116159 0.10435812238556798 0.020886565937186866
vn 0.994320438116159 0.10435812238556798 0.020886565937186866
vn 0.9246257412296464 0.1815540844041682 0.3348213749026356
vn 0.994320444913479 0.10435786421763844 0.02088753223801487
vn -0.42663102992021096 -0.5733917290995204 0.6994339778059699
vn -0.42663102992021096 -0.5733917290995204 0.6994339778059699
vn -0.49729010189871814 -0.8127369913963736 0.3035805286403156
vn 0.6615608033100413 0.2861721159403512 0.6931398297472126
vn 0.7169681103673933 0.24670773056728468 0.651990816188809
vn 0.7169681103673933 0.24670773056728468 0.651990816188809
vn 0.6615608033100413 0.2861721159403512 0.6931398297472126
vn 0.9735097955627506 0.17920137482273707 0.14200544075848784
vn 0.9818336288035041 0.14792267697070344 0.11883436787547583
vn 0.4826291982517854 0.3717265518105668 0.7930248594299328
vn 0.48378501887177827 0.28656633977922885 0.8269412242842709
vn 0.9217188579344923 0.21162758342257754 0.32503555630523734
vn 0.8800551594899833 0.3830180746975079 0.2807135028994404
vn 0.6422831414379166 0.7432124995363866 0.18737007967527128
vn 0.8800551594899833 0.3830180746975079 0.2807135028994404
vn 0.946884776940656 0.31964196457334665 -0.035188544751601464
vn 0.6907081951806457 0.709912430401069 -0.13764639578406196
vn 0.9217188579344923 0.21162758342257754 0.32503555630523734
vn -0.9559370010973438 -0.05844355616997597 0.2876956737165573
vn -0.9891973990744551 -0.1179554779761148 0.0870345384302083
vn -0.9975664361167894 0.05763165121658003 0.03924026390454385
vn -0.9651753215999052 0.10971595350606721 0.23748475344908804
vn -0.6347309499131922 0.11605911564801423 0.7639678677125744
vn -0.6509271623747271 0.22795142301689097 0.7241077116198668
vn -0.9151225678370855 0.36190641158090425 0.17769196687496036
vn -0.59394791043748 0.3983323138299459 0.6989687027656051
vn -0.9485101484445527 0.3153903602773102 -0.029281716852690026
vn 0.9245992603187919 0.1819977392416462 0.3346535981113495
vn 0.9244155299151386 0.18480915347692223 0.33361880169267555
vn 0.4824221081285557 0.2711093196692393 0.8329277557971532
vn 0.9245992603187919 0.1819977392416462 0.3346535981113495
vn 0.9244155299151386 0.18480915347692223 0.33361880169267555
vn 0.4820406755591325 0.27356076624983316 0.8323468593532983
vn 0.9246255066914801 0.1815549812810301 0.33482153626606576
vn 0.9246254935996097 0.18155377420247676 0.33482222694814345
vn 0.9246254935996097 0.18155377420247676 0.33482222694814345
vn 0.4813171111540563 0.26936630830535974 0.834131662545102
vn 0.994320332125025 0.10435908069399066 0.020886823585332056
vn 0.994320438116159 0.10435812238556798 0.020886565937186866
vn 0.9246253620511893 0.1815551565785662 0.33482184064281006
vn 0.9246251119650835 0.18155484822846285 0.3348226984663624
vn 0.9246251119650835 0.18155484822846285 0.3348226984663624
vn 0.47348218350109483 0.2692797721439118 0.8386316391725025
vn -0.9943205482591075 0.10435732177350772 0.02088532264458846
vn -0.994320444913479 0.10435786421763844 0.02088753223801487
vn 0.039970001711988605 0.26156322544005295 0.9643583763625115
vn 0.04094301557303056 0.2603719118403264 0.9646399001702137
vn -0.004654002633803334 0.2615027672056548 0.9651915058698298
vn -0.11473694912108959 0.3582873082115403 0.9265342072912977
vn -0.14243592170316494 0.3048977757713548 0.9416736985486271
vn -0.0050339982896627266 0.2602985128466794 0.9655150662061295
vn 0.044896984996263226 0.2594448044636456 0.9647137680032695
vn -0.7410598010236307 0.6602916225381514 -0.12184147287665413
vn -0.7161117820603623 0.6924419187761038 0.08779581263363236
vn 0.04898302562488172 0.26011752050472575 0.964333727880087
vn 0.05223698853804486 0.2616086436503981 0.9637594173837551
vn -0.07183702139101206 0.18157977740374787 0.9807488092247029
vn 0 0.25881870228408543 0.9659259181469261
vn 0.0385380028531635 0.2618076259022239 0.9643503457538295
vn 0 0.2588191875266265 0.9659257881266329
vn 0.03706601020084064 0.26176651709558446 0.9644192041925743
vn 0 0.2588191875266265 0.9659257881266329
vn 0.03516598576038013 0.25267188688699993 0.9669127525389578
vn 0.03210201617032809 0.261191622000159 0.9647530239158238
vn 0.045598012990770966 0.2396781163538045 0.9697810174221733
vn 0 0.25881870228408543 0.9659259181469261
vn 0.0331689994807028 0.2614830456525218 0.9646379809595569
vn 0.03436498779324585 0.2615709176843138 0.9645722899999544
vn 0.0356670061541749 0.26166860776778167 0.964498524820473
vn 0.3600580225806068 0.2522320676303634 0.8981855066934976
vn 0.8398238598647016 0.20463528712941498 0.5028123742146925
vn 0.44942887070712223 0.26994464826486986 0.8515536254682241
vn 0.9142402101428974 0.18474054130526804 0.3606047289708044
vn 0.9142402101428974 0.18474054130526804 0.3606047289708044
vn 0.8398238598647016 0.20463528712941498 0.5028123742146925
vn 0.9909511099627017 0.11849512011645245 0.06304604803060244
vn 0.9939880899857029 0.10611664762285951 0.026961714779665677
vn 0.4653539912097673 0.2716339557240877 0.842413590205443
vn 0.9246257412296464 0.1815540844041682 0.3348213749026356
vn 0.4664180393361847 0.27157322403581424 0.8418445204243968
vn 0.9246257412296464 0.1815540844041682 0.3348213749026356
vn 0.9246257412296464 0.1815540844041682 0.3348213749026356
vn 0.9246257412296464 0.1815540844041682 0.3348213749026356
vn 0.994320438116159 0.10435812238556798 0.020886565937186866
vn 0.994320444913479 0.10435786421763844 0.02088753223801487
vn 0.46756701940519807 0.27150863625065286 0.841227759174559
vn 0.9246257412296464 0.1815540844041682 0.3348213749026356
vn 0.9246257412296464 0.1815540844041682 0.3348213749026356
vn 0.9943204522637601 0.10435760115455993 0.020888496625116163
vn -0.37504583266869346 0.2545848703287278 0.8913625341002117
vn -0.8526480643759624 0.20318884731603903 0.4813580482783104
vn -0.8526480643759624 0.20318884731603903 0.4813580482783104
vn -0.9909512695158063 0.11849443206695076 0.06304483336596987
vn -0.9142399578238268 0.18474144631496378 0.3606049050300658
vn -0.9939880913986678 0.10611638895262906 0.026962680751141235
vn -0.4494278724157229 0.26994562719980636 0.8515538420156294
vn -0.9142399578238268 0.18474144631496378 0.3606049050300658
vn -0.465352081202359 0.27163374338690655 0.8424147137688476
vn -0.92462534895932 0.1815539494999657 0.33482253132490897
vn -0.92462534895932 0.1815539494999657 0.33482253132490897
vn -0.9943204498510343 0.10435801492021982 0.020886544231824955
vn -0.9246257412296464 0.1815540844041682 0.3348213749026356
vn -0.4664149693045416 0.27157265714851253 0.841846404219879
vn -0.9246257412296464 0.1815540844041682 0.3348213749026356
vn -0.46756676933550523 0.2715094262898479 0.8412276431792504
vn -0.9246253620511893 0.1815551565785662 0.33482184064281006
vn -0.9246253620511893 0.1815551565785662 0.33482184064281006
vn -0.04407699901469494 0.24083093192005098 0.9695657174159873
vn -0.03481399992354708 0.25323289735034016 0.9667787156887948
vn 0 0.2588191875266265 0.9659257881266329
vn -0.03210299772281134 0.2611924627901721 0.9647527636233096
vn 0 0.2588191875266265 0.9659257881266329
vn -0.0331689994807028 0.2614830456525218 0.9646379809595569
vn -0.034365989560392135 0.2615709167624147 0.9645722545592968
vn -0.0356670061541749 0.26166860776778167 0.964498524820473
vn 0.46718118861807995 0.6136483198409094 0.6365355265480687
vn 0.7161122749987182 0.6924414354656271 0.0877956037991749
vn -0.7161117820603623 0.6924419187761038 0.08779581263363236
vn -0.46718118861807995 0.6136483198409094 0.6365355265480687
vn -0.36317101171636934 0.7237505305839487 0.586763994914788
vn -0.5341549462093457 0.8444074192510423 0.0406768208428974
vn -0.2652099412699511 0.9439013412565685 -0.19675859581131439
vn -0.2540258994837436 0.9669589947688924 0.021474282921853657
vn -0.5341549462093457 0.8444074192510423 0.0406768208428974
vn -0.5514577773760124 0.817860621098304 -0.16431166796123978
vn -0.5532469709419703 -0.6971052146351984 0.4560286272504706
vn 0.5532469709419703 -0.6971052146351984 0.4560286272504706
vn 0.6016642795425134 -0.7568008743057355 0.2554457503515428
vn -0.6016632294014326 -0.756801808664121 0.2554454556044293
vn -0.30737985676271085 -0.29453060450774954 0.9048587440395518
vn -0.5532469709419703 -0.6971052146351984 0.4560286272504706
vn -0.6016632294014326 -0.756801808664121 0.2554454556044293
vn -0.37187600652291963 -0.8967093785894321 0.2400427589458175
vn -0.3708678902811464 -0.8967498969895928 0.241446951125017
vn 0.37086818705144314 -0.8967496487924449 0.24144741709904963
vn 0.37187892049723553 -0.8967081215079782 0.24004294055740108
vn 0.7161122749987182 0.6924414354656271 0.0877956037991749
vn 0.7410608903449123 0.6602905267502482 -0.12184078580297107
vn 0.46718118861807995 0.6136483198409094 0.6365355265480687
vn 0.5939489066946486 0.398331323662107 0.6989684204782255
vn 0.36317090041393324 0.7237499944554786 0.5867647250970592
vn 0.5341567971007332 0.8444062611831596 0.040676555726408374
vn 0.5341567971007332 0.8444062611831596 0.040676555726408374
vn 0.5514590999471901 0.8178598538123636 -0.1643110483426304
vn 0.25402799999099784 0.9669584486202455 0.021474027626451377
vn 0.26521086832248497 0.9439010914280224 -0.19675854473090051
vn 0.3073771487243919 -0.2945308697674574 0.9048595776119565
vn -0.30737985676271085 -0.29453060450774954 0.9048587440395518
vn 0.6016642795425134 -0.7568008743057355 0.2554457503515428
vn 0.5532469709419703 -0.6971052146351984 0.4560286272504706
vn 0.3073771487243919 -0.2945308697674574 0.9048595776119565
vn 0.36317090041393324 0.7237499944554786 0.5867647250970592
vn 0.6509271623747271 0.22795142301689097 0.7241077116198668
vn 0.6347288769040323 0.11605860857336128 0.7639696670681114
vn 0.3073771487243919 -0.2945308697674574 0.9048595776119565
vn -0.30737985676271085 -0.29453060450774954 0.9048587440395518
vn -0.59394791043748 0.3983323138299459 0.6989687027656051
vn -0.46718118861807995 0.6136483198409094 0.6365355265480687
vn -0.36317101171636934 0.7237505305839487 0.586763994914788
vn -0.6509271623747271 0.22795142301689097 0.7241077116198668
vn -0.6347309499131922 0.11605911564801423 0.7639678677125744
vn -0.23881599507312212 -0.5734022853164625 0.7836942896889658
vn 0.2388151456133151 -0.5734016466886149 0.7836950158068354
vn 0.3469170963412789 -0.872635515123305 0.3437379612606382
vn -0.3469161613989975 -0.8726363517386299 0.34373678095961596
f 1/1/1 2/2/2 3/3/3
f 3/3/3 4/4/4 1/1/1
f 5/5/5 6/6/6 7/7/7
f 7/7/7 8/8/8 5/5/5
f 9/9/9 10/10/10 11/11/11
f 11/11/11 12/12/12 9/9/9
f 5/5/5 13/13/13 14/14/14
f 14/14/14 15/15/15 5/5/5
f 6/6/6 5/5/5 15/15/15
f 15/15/15 16/16/16 6/6/6
f 17/17/17 18/18/18 19/19/19
f 19/19/19 20/20/20 17/17/17
f 21/21/21 22/22/22 18/18/18
f 18/18/18 17/17/17 21/21/21
f 23/23/23 10/10/10 24/24/24
f 24/24/24 25/25/25 23/23/23
f 26/26/26 27/27/27 28/28/28
f 28/28/28 29/29/29 26/26/26
f 13/13/13 26/26/26 29/29/29
f 29/29/29 14/14/14 13/13/13
f 30/30/30 31/31/31 32/32/32
f 32/32/32 33/33/33 30/30/30
f 34/34/34 30/30/30 33/33/33
f 33/33/33 35/35/35 34/34/34
f 36/36/36 37/37/37 38/38/38
f 38/38/38 39/39/39 36/36/36
f 40/40/40 41/41/41 37/37/37
f 37/37/37 36/36/36 40/40/40
f 42/42/42 43/43/43 44/44/44
f 44/44/44 45/45/45 42/42/42
f 46/46/46 42/42/42 45/45/45
f 45/45/45 47/47/47 46/46/46
f 48/48/48 11/11/11 49/49/49
f 49/49/49 50/50/50 48/48/48
f 51/51/51 52/52/52 41/41/41
f 41/41/41 40/40/40 51/51/51
f 53/53/53 54/54/54 52/52/52
f 52/52/52 51/51/51 53/53/53
f 55/55/55 56/56/56 54/54/54
f 54/54/54 53/53/53 55/55/55
f 57/57/57 58/58/58 56/56/56
f 56/56/56 55/55/55 57/57/57
f 59/59/59 60/60/60 58/58/58
f 58/58/58 57/57/57 59/59/59
f 61/61/61 62/62/62 63/63/63
f 63/63/63 64/64/64 61/61/61
f 64/64/64 63/63/63 65/65/65
f 65/65/65 66/66/66 64/64/64
f 67/67/67 68/68/68 69/69/69
f 69/69/69 70/70/70 67/67/67
f 70/70/70 69/69/69 62/62/62
f 62/62/62 61/61/61 70/70/70
f 71/71/71 72/72/72 73/73/73
f 73/73/73 74/74/74 71/71/71
f 75/75/75 71/71/71 74/74/74
f 74/74/74 76/76/76 75/75/75
f 77/77/77 78/78/78 79/79/79
f 79/79/79 80/80/80 77/77/77
f 72/72/72 77/77/77 80/80/80
f 80/80/80 73/73/73 72/72/72
f 81/81/81 75/75/75 76/76/76
f 76/76/76 82/82/82 81/81/81
f 59/59/59 81/81/81 82/82/82
f 82/82/82 60/60/60 59/59/59
f 83/83/83 84/84/84 85/85/85
f 85/85/85 86/86/86 83/83/83
f 87/87/87 83/83/83 86/86/86
f 86/86/86 88/88/88 87/87/87
f 89/89/89 87/87/87 88/88/88
f 88/88/88 90/90/90 89/89/89
f 47/47/47 89/89/89 90/90/90
f 90/90/90 46/46/46 47/47/47
f 91/91/91 92/92/92 93/93/93
f 93/93/93 94/94/94 91/91/91
f 95/95/95 91/91/91 94/94/94
f 94/94/94 96/96/96 95/95/95
f 97/97/97 95/95/95 96/96/96
f 96/96/96 98/98/98 97/97/97
f 78/78/78 97/97/97 98/98/98
f 98/98/98 79/79/79 78/78/78
f 99/99/99 39/39/39 38/38/38
f 38/38/38 100/100/100 99/99/99
f 101/101/101 99/99/99 100/100/100
f 100/100/100 102/102/102 101/101/101
f 103/103/103 44/44/44 43/43/43
f 43/43/43 104/104/104 103/103/103
f 92/92/92 105/105/105 106/106/106
f 106/106/106 93/93/93 92/92/92
f 66/66/66 65/65/65 107/107/107
f 107/107/107 108/108/108 66/66/66
f 108/108/108 107/107/107 32/32/32
f 32/32/32 31/31/31 108/108/108
f 109/109/109 110/110/110 111/111/111
f 111/111/111 112/112/112 109/109/109
f 112/112/112 111/111/111 113/113/113
f 113/113/113 114/114/114 112/112/112
f 114/114/114 113/113/113 115/115/115
f 115/115/115 116/116/116 114/114/114
f 116/116/116 115/115/115 20/20/20
f 20/20/20 19/19/19 116/116/116
f 117/117/117 118/118/118 119/119/119
f 119/119/119 120/120/120 117/117/117
f 120/120/120 119/119/119 121/121/121
f 121/121/121 122/122/122 120/120/120
f 122/122/122 121/121/121 123/123/123
f 123/123/123 124/124/124 122/122/122
f 124/124/124 123/123/123 68/68/68
f 68/68/68 67/67/67 124/124/124
f 6/6/6 16/16/16 125/125/125
f 125/125/125 126/126/126 6/6/6
f 126/126/126 125/125/125 127/127/127
f 127/127/127 128/128/128 126/126/126
f 22/22/22 21/21/21 129/129/129
f 129/129/129 130/130/130 22/22/22
f 131/131/131 132/132/132 118/118/118
f 118/118/118 117/117/117 131/131/131
f 133/133/133 134/134/134 2/2/2
f 2/2/2 135/135/135 133/133/133
f 136/136/136 137/137/137 138/138/138
f 138/138/138 139/139/139 136/136/136
f 140/140/140 136/136/136 139/139/139
f 139/139/139 141/141/141 140/140/140
f 136/136/136 140/140/140 142/142/142
f 142/142/142 143/143/143 136/136/136
f 9/9/9 12/12/12 144/144/144
f 144/144/144 145/145/145 9/9/9
f 142/142/142 140/140/140 146/146/146
f 146/146/146 147/147/147 142/142/142
f 148/148/148 149/149/149 146/146/146
f 146/146/146 150/150/150 148/148/148
f 151/151/151 9/9/9 145/145/145
f 145/145/145 152/152/152 151/151/151
f 153/153/153 154/154/154 155/155/155
f 155/155/155 156/156/156 153/153/153
f 157/157/157 158/158/158 159/159/159
f 159/159/159 160/160/160 157/157/157
f 161/161/161 157/157/157 160/160/160
f 160/160/160 162/162/162 161/161/161
f 163/163/163 153/153/153 156/156/156
f 156/156/156 164/164/164 163/163/163
f 165/165/165 166/166/166 167/167/167
f 167/167/167 168/168/168 165/165/165
f 168/168/168 167/167/167 138/138/138
f 138/138/138 137/137/137 168/168/168
f 169/169/169 170/170/170 171/171/171
f 171/171/171 172/172/172 169/169/169
f 173/173/173 174/174/174 175/175/175
f 175/175/175 176/176/176 173/173/173
f 177/177/177 178/178/178 179/179/179
f 179/179/179 180/180/180 177/177/177
f 181/181/181 177/177/177 180/180/180
f 180/180/180 182/182/182 181/181/181
f 183/183/183 173/173/173 176/176/176
f 176/176/176 184/184/184 183/183/183
f 185/185/185 186/186/186 187/187/187
f 187/187/187 188/188/188 185/185/185
f 189/189/189 190/190/190 191/191/191
f 191/191/191 192/192/192 189/189/189
f 135/135/135 189/189/189 192/192/192
f 192/192/192 193/193/193 135/135/135
f 175/175/175 174/174/174 194/194/194
f 194/194/194 195/195/195 175/175/175
f 52/52/52 54/54/54 196/196/196
f 196/196/196 197/197/197 52/52/52
f 198/198/198 199/199/199 200/200/200
f 200/200/200 201/201/201 198/198/198
f 165/165/165 202/202/202 203/203/203
f 203/203/203 204/204/204 165/165/165
f 24/24/24 10/10/10 9/9/9
f 9/9/9 151/151/151 24/24/24
f 205/205/205 162/162/162 160/160/160
f 160/160/160 206/206/206 205/205/205
f 206/206/206 160/160/160 159/159/159
f 159/159/159 207/207/207 206/206/206
f 208/208/208 206/206/206 207/207/207
f 207/207/207 209/209/209 208/208/208
f 183/183/183 205/205/205 206/206/206
f 206/206/206 208/208/208 183/183/183
f 207/207/207 159/159/159 158/158/158
f 158/158/158 210/210/210 207/207/207
f 211/211/211 155/155/155 154/154/154
f 154/154/154 212/212/212 211/211/211
f 213/213/213 214/214/214 215/215/215
f 215/215/215 216/216/216 213/213/213
f 209/209/209 207/207/207 210/210/210
f 210/210/210 217/217/217 209/209/209
f 173/173/173 183/183/183 208/208/208
f 208/208/208 218/218/218 173/173/173
f 218/218/218 208/208/208 209/209/209
f 209/209/209 219/219/219 218/218/218
f 220/220/220 218/218/218 219/219/219
f 219/219/219 221/221/221 220/220/220
f 174/174/174 173/173/173 218/218/218
f 218/218/218 220/220/220 174/174/174
f 13/13/13 5/5/5 8/8/8
f 8/8/8 222/222/222 13/13/13
f 18/18/18 22/22/22 154/154/154
f 154/154/154 153/153/153 18/18/18
f 223/223/223 224/224/224 225/225/225
f 225/225/225 226/226/226 223/223/223
f 227/227/227 228/228/228 229/229/229
f 229/229/229 230/230/230 227/227/227
f 231/231/231 227/227/227 230/230/230
f 230/230/230 232/232/232 231/231/231
f 233/233/233 223/223/223 226/226/226
f 226/226/226 234/234/234 233/233/233
f 19/19/19 18/18/18 153/153/153
f 153/153/153 163/163/163 19/19/19
f 205/205/205 183/183/183 184/184/184
f 184/184/184 235/235/235 205/205/205
f 236/236/236 181/181/181 182/182/182
f 182/182/182 237/237/237 236/236/236
f 164/164/164 236/236/236 237/237/237
f 237/237/237 163/163/163 164/164/164
f 162/162/162 205/205/205 235/235/235
f 235/235/235 161/161/161 162/162/162
f 26/26/26 13/13/13 222/222/222
f 222/222/222 238/238/238 26/26/26
f 219/219/219 209/209/209 217/217/217
f 217/217/217 239/239/239 219/219/219
f 240/240/240 213/213/213 216/216/216
f 216/216/216 241/241/241 240/240/240
f 242/242/242 240/240/240 241/241/241
f 241/241/241 243/243/243 242/242/242
f 221/221/221 219/219/219 239/239/239
f 239/239/239 244/244/244 221/221/221
f 245/245/245 246/246/246 247/247/247
f 247/247/247 248/248/248 245/245/245
f 249/249/249 250/250/250 7/7/7
f 7/7/7 251/251/251 249/249/249
f 252/252/252 249/249/249 251/251/251
f 251/251/251 253/253/253 252/252/252
f 150/150/150 245/245/245 248/248/248
f 248/248/248 148/148/148 150/150/150
f 254/254/254 255/255/255 256/256/256
f 256/256/256 257/257/257 254/254/254
f 257/257/257 256/256/256 258/258/258
f 258/258/258 259/259/259 257/257/257
f 260/260/260 261/261/261 262/262/262
f 262/262/262 263/263/263 260/260/260
f 264/264/264 265/265/265 261/261/261
f 261/261/261 260/260/260 264/264/264
f 266/266/266 222/222/222 8/8/8
f 8/8/8 267/267/267 266/266/266
f 267/267/267 8/8/8 7/7/7
f 7/7/7 250/250/250 267/267/267
f 268/268/268 269/269/269 247/247/247
f 247/247/247 246/246/246 268/268/268
f 270/270/270 271/271/271 269/269/269
f 269/269/269 268/268/268 270/270/270
f 272/272/272 273/273/273 238/238/238
f 238/238/238 274/274/274 272/272/272
f 274/274/274 238/238/238 222/222/222
f 222/222/222 266/266/266 274/274/274
f 275/275/275 276/276/276 271/271/271
f 271/271/271 270/270/270 275/275/275
f 277/277/277 278/278/278 276/276/276
f 276/276/276 275/275/275 277/277/277
f 27/27/27 26/26/26 238/238/238
f 238/238/238 273/273/273 27/27/27
f 34/34/34 27/27/27 273/273/273
f 273/273/273 279/279/279 34/34/34
f 280/280/280 281/281/281 278/278/278
f 278/278/278 277/277/277 280/280/280
f 30/30/30 34/34/34 279/279/279
f 279/279/279 282/282/282 30/30/30
f 283/283/283 284/284/284 285/285/285
f 285/285/285 286/286/286 283/283/283
f 231/231/231 232/232/232 282/282/282
f 282/282/282 287/287/287 231/231/231
f 287/287/287 282/282/282 279/279/279
f 279/279/279 288/288/288 287/287/287
f 289/289/289 290/290/290 281/281/281
f 281/281/281 280/280/280 289/289/289
f 233/233/233 234/234/234 290/290/290
f 290/290/290 289/289/289 233/233/233
f 31/31/31 30/30/30 282/282/282
f 282/282/282 232/232/232 31/31/31
f 37/37/37 41/41/41 291/291/291
f 291/291/291 292/292/292 37/37/37
f 135/135/135 193/193/193 293/293/293
f 293/293/293 133/133/133 135/135/135
f 133/133/133 293/293/293 284/284/284
f 284/284/284 283/283/283 133/133/133
f 294/294/294 283/283/283 286/286/286
f 286/286/286 295/295/295 294/294/294
f 294/294/294 134/134/134 133/133/133
f 133/133/133 283/283/283 294/294/294
f 296/296/296 297/297/297 298/298/298
f 298/298/298 299/299/299 296/296/296
f 286/286/286 285/285/285 300/300/300
f 300/300/300 204/204/204 286/286/286
f 204/204/204 300/300/300 166/166/166
f 166/166/166 165/165/165 204/204/204
f 286/286/286 204/204/204 203/203/203
f 203/203/203 295/295/295 286/286/286
f 168/168/168 301/301/301 202/202/202
f 202/202/202 165/165/165 168/168/168
f 302/302/302 303/303/303 304/304/304
f 304/304/304 305/305/305 302/302/302
f 174/174/174 220/220/220 169/169/169
f 146/146/146 149/149/149 306/306/306
f 306/306/306 147/147/147 146/146/146
f 307/307/307 308/308/308 1/1/1
f 1/1/1 309/309/309 307/307/307
f 310/310/310 143/143/143 142/142/142
f 142/142/142 311/311/311 310/310/310
f 312/312/312 313/313/313 143/143/143
f 143/143/143 310/310/310 312/312/312
f 144/144/144 12/12/12 314/314/314
f 314/314/314 315/315/315 144/144/144
f 147/147/147 306/306/306 316/316/316
f 316/316/316 317/317/317 147/147/147
f 318/318/318 319/319/319 320/320/320
f 320/320/320 321/321/321 318/318/318
f 321/321/321 320/320/320 322/322/322
f 322/322/322 323/323/323 321/321/321
f 324/324/324 325/325/325 326/326/326
f 326/326/326 327/327/327 324/324/324
f 328/328/328 329/329/329 325/325/325
f 325/325/325 324/324/324 328/328/328
f 330/330/330 331/331/331 201/201/201
f 201/201/201 332/332/332 330/330/330
f 312/312/312 330/330/330 332/332/332
f 332/332/332 313/313/313 312/312/312
f 195/195/195 194/194/194 333/333/333
f 333/333/333 334/334/334 195/195/195
f 334/334/334 333/333/333 335/335/335
f 335/335/335 336/336/336 334/334/334
f 337/337/337 338/338/338 339/339/339
f 339/339/339 340/340/340 337/337/337
f 341/341/341 342/342/342 338/338/338
f 338/338/338 337/337/337 341/341/341
f 324/324/324 327/327/327 343/343/343
f 343/343/343 344/344/344 324/324/324
f 344/344/344 343/343/343 335/335/335
f 335/335/335 345/345/345 344/344/344
f 346/346/346 344/344/344 345/345/345
f 345/345/345 347/347/347 346/346/346
f 328/328/328 324/324/324 344/344/344
f 344/344/344 346/346/346 328/328/328
f 329/329/329 328/328/328 346/346/346
f 346/346/346 348/348/348 329/329/329
f 348/348/348 346/346/346 347/347/347
f 347/347/347 349/349/349 348/348/348
f 350/350/350 351/351/351 352/352/352
f 352/352/352 353/353/353 350/350/350
f 319/319/319 318/318/318 354/354/354
f 354/354/354 355/355/355 319/319/319
f 345/345/345 335/335/335 333/333/333
f 333/333/333 356/356/356 345/345/345
f 356/356/356 333/333/333 194/194/194
f 194/194/194 357/357/357 356/356/356
f 358/358/358 356/356/356 357/357/357
f 357/357/357 359/359/359 358/358/358
f 347/347/347 345/345/345 356/356/356
f 356/356/356 358/358/358 347/347/347
f 38/38/38 37/37/37 292/292/292
f 292/292/292 360/360/360 38/38/38
f 42/42/42 46/46/46 322/322/322
f 322/322/322 320/320/320 42/42/42
f 361/361/361 362/362/362 363/363/363
f 363/363/363 364/364/364 361/361/361
f 364/364/364 363/363/363 365/365/365
f 365/365/365 366/366/366 364/364/364
f 367/367/367 368/368/368 369/369/369
f 369/369/369 370/370/370 367/367/367
f 371/371/371 372/372/372 368/368/368
f 368/368/368 367/367/367 371/371/371
f 43/43/43 42/42/42 320/320/320
f 320/320/320 319/319/319 43/43/43
f 11/11/11 48/48/48 314/314/314
f 314/314/314 12/12/12 11/11/11
f 336/336/336 335/335/335 343/343/343
f 343/343/343 373/373/373 336/336/336
f 373/373/373 343/343/343 327/327/327
f 327/327/327 326/326/326 373/373/373
f 374/374/374 375/375/375 323/323/323
f 323/323/323 322/322/322 374/374/374
f 340/340/340 339/339/339 375/375/375
f 375/375/375 374/374/374 340/340/340
f 349/349/349 347/347/347 358/358/358
f 358/358/358 376/376/376 349/349/349
f 376/376/376 358/358/358 359/359/359
f 359/359/359 377/377/377 376/376/376
f 378/378/378 379/379/379 380/380/380
f 380/380/380 381/381/381 378/378/378
f 353/353/353 352/352/352 379/379/379
f 379/379/379 378/378/378 353/353/353
f 382/382/382 383/383/383 384/384/384
f 384/384/384 385/385/385 382/382/382
f 385/385/385 384/384/384 317/317/317
f 317/317/317 316/316/316 385/385/385
f 386/386/386 387/387/387 388/388/388
f 388/388/388 389/389/389 386/386/386
f 360/360/360 390/390/390 387/387/387
f 387/387/387 386/386/386 360/360/360
f 391/391/391 392/392/392 393/393/393
f 393/393/393 394/394/394 391/391/391
f 395/395/395 396/396/396 397/397/397
f 397/397/397 398/398/398 395/395/395
f 399/399/399 395/395/395 398/398/398
f 398/398/398 400/400/400 399/399/399
f 401/401/401 391/391/391 394/394/394
f 394/394/394 402/402/402 401/401/401
f 292/292/292 291/291/291 403/403/403
f 403/403/403 404/404/404 292/292/292
f 405/405/405 406/406/406 407/407/407
f 407/407/407 408/408/408 405/405/405
f 382/382/382 405/405/405 408/408/408
f 408/408/408 383/383/383 382/382/382
f 360/360/360 292/292/292 404/404/404
f 404/404/404 390/390/390 360/360/360
f 197/197/197 196/196/196 409/409/409
f 409/409/409 410/410/410 197/197/197
f 411/411/411 299/299/299 298/298/298
f 298/298/298 412/412/412 411/411/411
f 406/406/406 411/411/411 412/412/412
f 412/412/412 407/407/407 406/406/406
f 291/291/291 197/197/197 410/410/410
f 410/410/410 403/403/403 291/291/291
f 41/41/41 52/52/52 197/197/197
f 197/197/197 291/291/291 41/41/41
f 196/196/196 54/54/54 56/56/56
f 56/56/56 413/413/413 196/196/196
f 58/58/58 60/60/60 370/370/370
f 370/370/370 414/414/414 58/58/58
f 413/413/413 415/415/415 409/409/409
f 409/409/409 196/196/196 413/413/413
f 414/414/414 370/370/370 369/369/369
f 369/369/369 416/416/416 414/414/414
f 417/417/417 366/366/366 365/365/365
f 365/365/365 418/418/418 417/417/417
f 296/296/296 417/417/417 418/418/418
f 418/418/418 297/297/297 296/296/296
f 413/413/413 414/414/414 416/416/416
f 416/416/416 415/415/415 413/413/413
f 56/56/56 58/58/58 414/414/414
f 414/414/414 413/413/413 56/56/56
f 419/419/419 420/420/420 61/61/61
f 61/61/61 64/64/64 419/419/419
f 421/421/421 422/422/422 308/308/308
f 308/308/308 307/307/307 421/421/421
f 423/423/423 307/307/307 309/309/309
f 309/309/309 424/424/424 423/423/423
f 423/423/423 424/424/424 425/425/425
f 425/425/425 426/426/426 423/423/423
f 427/427/427 421/421/421 307/307/307
f 307/307/307 423/423/423 427/427/427
f 428/428/428 401/401/401 402/402/402
f 402/402/402 429/429/429 428/428/428
f 427/427/427 423/423/423 426/426/426
f 426/426/426 430/430/430 427/427/427
f 431/431/431 430/430/430 426/426/426
f 426/426/426 198/198/198 431/431/431
f 201/201/201 200/200/200 432/432/432
f 432/432/432 332/332/332 201/201/201
f 425/425/425 199/199/199 198/198/198
f 198/198/198 426/426/426 425/425/425
f 331/331/331 431/431/431 198/198/198
f 198/198/198 201/201/201 331/331/331
f 433/433/433 434/434/434 308/308/308
f 308/308/308 422/422/422 433/433/433
f 435/435/435 436/436/436 434/434/434
f 434/434/434 433/433/433 435/435/435
f 311/311/311 142/142/142 147/147/147
f 147/147/147 317/317/317 311/311/311
f 331/331/331 407/407/407 412/412/412
f 412/412/412 431/431/431 331/331/331
f 437/437/437 171/171/171 438/438/438
f 438/438/438 439/439/439 437/437/437
f 440/440/440 172/172/172 171/171/171
f 171/171/171 437/437/437 440/440/440
f 441/441/441 442/442/442 188/188/188
f 188/188/188 443/443/443 441/441/441
f 439/439/439 438/438/438 442/442/442
f 442/442/442 441/441/441 439/439/439
f 444/444/444 187/187/187 436/436/436
f 436/436/436 435/435/435 444/444/444
f 443/443/443 188/188/188 187/187/187
f 187/187/187 444/444/444 443/443/443
f 377/377/377 359/359/359 445/445/445
f 445/445/445 446/446/446 377/377/377
f 446/446/446 445/445/445 447/447/447
f 447/447/447 448/448/448 446/446/446
f 449/449/449 450/450/450 451/451/451
f 451/451/451 452/452/452 449/449/449
f 381/381/381 380/380/380 450/450/450
f 450/450/450 449/449/449 381/381/381
f 448/448/448 447/447/447 453/453/453
f 453/453/453 454/454/454 448/448/448
f 454/454/454 453/453/453 455/455/455
f 455/455/455 456/456/456 454/454/454
f 457/457/457 458/458/458 459/459/459
f 459/459/459 460/460/460 457/457/457
f 452/452/452 451/451/451 458/458/458
f 458/458/458 457/457/457 452/452/452
f 456/456/456 455/455/455 461/461/461
f 461/461/461 462/462/462 456/456/456
f 462/462/462 461/461/461 362/362/362
f 362/362/362 361/361/361 462/462/462
f 463/463/463 464/464/464 372/372/372
f 372/372/372 371/371/371 463/463/463
f 460/460/460 459/459/459 464/464/464
f 464/464/464 463/463/463 460/460/460
f 465/465/465 221/221/221 244/244/244
f 244/244/244 466/466/466 465/465/465
f 467/467/467 242/242/242 243/243/243
f 243/243/243 468/468/468 467/467/467
f 469/469/469 467/467/467 468/468/468
f 468/468/468 470/470/470 469/469/469
f 471/471/471 465/465/465 466/466/466
f 466/466/466 472/472/472 471/471/471
f 473/473/473 471/471/471 472/472/472
f 472/472/472 474/474/474 473/473/473
f 475/475/475 469/469/469 470/470/470
f 470/470/470 476/476/476 475/475/475
f 477/477/477 475/475/475 476/476/476
f 476/476/476 420/420/420 477/477/477
f 478/478/478 473/473/473 474/474/474
f 474/474/474 479/479/479 478/478/478
f 480/480/480 478/478/478 479/479/479
f 479/479/479 481/481/481 480/480/480
f 482/482/482 477/477/477 420/420/420
f 420/420/420 419/419/419 482/482/482
f 228/228/228 482/482/482 419/419/419
f 419/419/419 229/229/229 228/228/228
f 224/224/224 480/480/480 481/481/481
f 481/481/481 225/225/225 224/224/224
f 190/190/190 189/189/189 434/434/434
f 434/434/434 436/436/436 190/190/190
f 170/170/170 169/169/169 483/483/483
f 483/483/483 484/484/484 170/170/170
f 485/485/485 170/170/170 484/484/484
f 484/484/484 486/486/486 485/485/485
f 189/189/189 135/135/135 308/308/308
f 308/308/308 434/434/434 189/189/189
f 487/487/487 485/485/485 486/486/486
f 486/486/486 488/488/488 487/487/487
f 185/185/185 487/487/487 488/488/488
f 488/488/488 489/489/489 185/185/185
f 170/170/170 485/485/485 438/438/438
f 438/438/438 171/171/171 170/170/170
f 485/485/485 487/487/487 442/442/442
f 442/442/442 438/438/438 485/485/485
f 186/186/186 185/185/185 489/489/489
f 489/489/489 490/490/490 186/186/186
f 190/190/190 186/186/186 490/490/490
f 490/490/490 191/191/191 190/190/190
f 487/487/487 185/185/185 188/188/188
f 188/188/188 442/442/442 487/487/487
f 419/419/419 64/64/64 66/66/66
f 66/66/66 229/229/229 419/419/419
f 476/476/476 470/470/470 67/67/67
f 67/67/67 70/70/70 476/476/476
f 476/476/476 70/70/70 61/61/61
f 61/61/61 420/420/420 476/476/476
f 371/371/371 76/76/76 74/74/74
f 74/74/74 463/463/463 371/371/371
f 460/460/460 73/73/73 80/80/80
f 80/80/80 457/457/457 460/460/460
f 460/460/460 463/463/463 74/74/74
f 74/74/74 73/73/73 460/460/460
f 370/370/370 60/60/60 82/82/82
f 82/82/82 367/367/367 370/370/370
f 452/452/452 457/457/457 80/80/80
f 80/80/80 79/79/79 452/452/452
f 337/337/337 340/340/340 88/88/88
f 88/88/88 86/86/86 337/337/337
f 371/371/371 367/367/367 82/82/82
f 82/82/82 76/76/76 371/371/371
f 374/374/374 322/322/322 46/46/46
f 46/46/46 90/90/90 374/374/374
f 341/341/341 337/337/337 86/86/86
f 86/86/86 85/85/85 341/341/341
f 378/378/378 381/381/381 96/96/96
f 96/96/96 94/94/94 378/378/378
f 340/340/340 374/374/374 90/90/90
f 90/90/90 88/88/88 340/340/340
f 452/452/452 79/79/79 98/98/98
f 98/98/98 449/449/449 452/452/452
f 353/353/353 378/378/378 94/94/94
f 94/94/94 93/93/93 353/353/353
f 386/386/386 389/389/389 102/102/102
f 102/102/102 100/100/100 386/386/386
f 381/381/381 449/449/449 98/98/98
f 98/98/98 96/96/96 381/381/381
f 350/350/350 353/353/353 93/93/93
f 93/93/93 106/106/106 350/350/350
f 360/360/360 386/386/386 100/100/100
f 100/100/100 38/38/38 360/360/360
f 230/230/230 229/229/229 66/66/66
f 66/66/66 108/108/108 230/230/230
f 319/319/319 355/355/355 104/104/104
f 104/104/104 43/43/43 319/319/319
f 491/491/491 492/492/492 263/263/263
f 263/263/263 262/262/262 491/491/491
f 493/493/493 494/494/494 399/399/399
f 399/399/399 400/400/400 493/493/493
f 495/495/495 302/302/302 305/305/305
f 305/305/305 496/496/496 495/495/495
f 497/497/497 498/498/498 499/499/499
f 499/499/499 500/500/500 497/497/497
f 429/429/429 497/497/497 500/500/500
f 500/500/500 428/428/428 429/429/429
f 493/493/493 495/495/495 496/496/496
f 496/496/496 494/494/494 493/493/493
f 501/501/501 502/502/502 503/503/503
f 503/503/503 504/504/504 501/501/501
f 505/505/505 506/506/506 397/397/397
f 397/397/397 396/396/396 505/505/505
f 507/507/507 508/508/508 393/393/393
f 393/393/393 392/392/392 507/507/507
f 313/313/313 332/332/332 432/432/432
f 230/230/230 108/108/108 31/31/31
f 31/31/31 232/232/232 230/230/230
f 179/179/179 109/109/109 112/112/112
f 112/112/112 180/180/180 179/179/179
f 180/180/180 112/112/112 114/114/114
f 114/114/114 182/182/182 180/180/180
f 237/237/237 182/182/182 114/114/114
f 114/114/114 116/116/116 237/237/237
f 237/237/237 116/116/116 19/19/19
f 19/19/19 163/163/163 237/237/237
f 241/241/241 216/216/216 117/117/117
f 117/117/117 120/120/120 241/241/241
f 241/241/241 120/120/120 122/122/122
f 122/122/122 243/243/243 241/241/241
f 468/468/468 243/243/243 122/122/122
f 122/122/122 124/124/124 468/468/468
f 468/468/468 124/124/124 67/67/67
f 67/67/67 470/470/470 468/468/468
f 251/251/251 7/7/7 6/6/6
f 6/6/6 126/126/126 251/251/251
f 251/251/251 126/126/126 128/128/128
f 128/128/128 253/253/253 251/251/251
f 154/154/154 22/22/22 130/130/130
f 130/130/130 212/212/212 154/154/154
f 215/215/215 131/131/131 117/117/117
f 117/117/117 216/216/216 215/215/215
f 509/509/509 510/510/510 511/511/511
f 511/511/511 512/512/512 509/509/509
f 513/513/513 514/514/514 259/259/259
f 259/259/259 258/258/258 513/513/513
f 515/515/515 294/294/294 295/295/295
f 295/295/295 516/516/516 515/515/515
f 304/304/304 303/303/303 517/517/517
f 517/517/517 518/518/518 304/304/304
f 518/518/518 517/517/517 492/492/492
f 492/492/492 491/491/491 518/518/518
f 519/519/519 520/520/520 514/514/514
f 514/514/514 513/513/513 519/519/519
f 521/521/521 522/522/522 520/520/520
f 520/520/520 519/519/519 521/521/521
f 503/503/503 502/502/502 523/523/523
f 523/523/523 524/524/524 503/503/503
f 254/254/254 525/525/525 526/526/526
f 526/526/526 255/255/255 254/254/254
f 264/264/264 527/527/527 528/528/528
f 528/528/528 265/265/265 264/264/264
f 141/141/141 150/150/150 146/146/146
f 146/146/146 140/140/140 141/141/141
f 141/141/141 139/139/139 245/245/245
f 245/245/245 150/150/150 141/141/141
f 167/167/167 166/166/166 270/270/270
f 270/270/270 268/268/268 167/167/167
f 483/483/483 169/169/169 220/220/220
f 220/220/220 221/221/221 483/483/483
f 138/138/138 167/167/167 268/268/268
f 268/268/268 246/246/246 138/138/138
f 279/279/279 273/273/273 272/272/272
f 272/272/272 288/288/288 279/279/279
f 529/529/529 134/134/134 294/294/294
f 294/294/294 515/515/515 529/529/529
f 3/3/3 2/2/2 134/134/134
f 134/134/134 529/529/529 3/3/3
f 293/293/293 193/193/193 233/233/233
f 233/233/233 289/289/289 293/293/293
f 300/300/300 285/285/285 277/277/277
f 277/277/277 275/275/275 300/300/300
f 530/530/530 203/203/203 202/202/202
f 202/202/202 531/531/531 530/530/530
f 516/516/516 295/295/295 203/203/203
f 203/203/203 530/530/530 516/516/516
f 532/532/532 301/301/301 432/432/432
f 432/432/432 533/533/533 532/532/532
f 531/531/531 202/202/202 301/301/301
f 301/301/301 532/532/532 531/531/531
f 285/285/285 284/284/284 280/280/280
f 280/280/280 277/277/277 285/285/285
f 166/166/166 300/300/300 275/275/275
f 275/275/275 270/270/270 166/166/166
f 192/192/192 191/191/191 224/224/224
f 224/224/224 223/223/223 192/192/192
f 284/284/284 293/293/293 289/289/289
f 289/289/289 280/280/280 284/284/284
f 310/310/310 311/311/311 317/317/317
f 317/317/317 384/384/384 310/310/310
f 193/193/193 192/192/192 223/223/223
f 223/223/223 233/233/233 193/193/193
f 312/312/312 310/310/310 384/384/384
f 384/384/384 383/383/383 312/312/312
f 312/312/312 383/383/383 408/408/408
f 408/408/408 330/330/330 312/312/312
f 172/172/172 440/440/440 359/359/359
f 359/359/359 357/357/357 172/172/172
f 331/331/331 330/330/330 408/408/408
f 408/408/408 407/407/407 331/331/331
f 534/534/534 425/425/425 424/424/424
f 424/424/424 535/535/535 534/534/534
f 536/536/536 309/309/309 1/1/1
f 1/1/1 4/4/4 536/536/536
f 535/535/535 424/424/424 309/309/309
f 309/309/309 536/536/536 535/535/535
f 427/427/427 297/297/297 418/418/418
f 418/418/418 421/421/421 427/427/427
f 537/537/537 538/538/538 539/539/539
f 539/539/539 540/540/540 537/537/537
f 541/541/541 199/199/199 425/425/425
f 425/425/425 534/534/534 541/541/541
f 542/542/542 200/200/200 199/199/199
f 199/199/199 541/541/541 542/542/542
f 533/533/533 432/432/432 200/200/200
f 200/200/200 542/542/542 533/533/533
f 430/430/430 298/298/298 297/297/297
f 297/297/297 427/427/427 430/430/430
f 430/430/430 431/431/431 412/412/412
f 412/412/412 298/298/298 430/430/430
f 422/422/422 365/365/365 363/363/363
f 363/363/363 433/433/433 422/422/422
f 422/422/422 421/421/421 418/418/418
f 418/418/418 365/365/365 422/422/422
f 483/483/483 221/221/221 465/465/465
f 465/465/465 484/484/484 483/483/483
f 435/435/435 433/433/433 363/363/363
f 363/363/363 362/362/362 435/435/435
f 135/135/135 2/2/2 1/1/1
f 1/1/1 308/308/308 135/135/135
f 486/486/486 471/471/471 473/473/473
f 473/473/473 488/488/488 486/486/486
f 486/486/486 484/484/484 465/465/465
f 465/465/465 471/471/471 486/486/486
f 489/489/489 478/478/478 480/480/480
f 480/480/480 490/490/490 489/489/489
f 489/489/489 488/488/488 473/473/473
f 473/473/473 478/478/478 489/489/489
f 437/437/437 439/439/439 447/447/447
f 447/447/447 445/445/445 437/437/437
f 191/191/191 490/490/490 480/480/480
f 480/480/480 224/224/224 191/191/191
f 441/441/441 443/443/443 455/455/455
f 455/455/455 453/453/453 441/441/441
f 440/440/440 437/437/437 445/445/445
f 445/445/445 359/359/359 440/440/440
f 435/435/435 362/362/362 461/461/461
f 461/461/461 444/444/444 435/435/435
f 439/439/439 441/441/441 453/453/453
f 453/453/453 447/447/447 439/439/439
f 443/443/443 444/444/444 461/461/461
f 461/461/461 455/455/455 443/443/443
f 543/543/543 544/544/544 545/545/545
f 545/545/545 546/546/546 543/543/543
f 546/546/546 510/510/510 509/509/509
f 509/509/509 543/543/543 546/546/546
f 186/186/186 190/190/190 436/436/436
f 436/436/436 187/187/187 186/186/186
f 35/35/35 28/28/28 27/27/27
f 27/27/27 34/34/34 35/35/35
f 139/139/139 138/138/138 246/246/246
f 246/246/246 245/245/245 139/139/139
f 11/11/11 10/10/10 23/23/23
f 23/23/23 49/49/49 11/11/11
f 137/137/137 136/136/136 143/143/143
f 143/143/143 313/313/313 137/137/137
f 172/172/172 194/194/194 174/174/174
f 174/174/174 169/169/169 172/172/172
f 357/357/357 194/194/194 172/172/172
f 301/301/301 137/137/137 313/313/313
f 313/313/313 432/432/432 301/301/301
f 168/168/168 137/137/137 301/301/301
f 547/547/547 548/548/548 549/549/549
f 549/549/549 550/550/550 547/547/547
f 551/551/551 552/552/552 553/553/553
f 553/553/553 554/554/554 551/551/551
f 555/555/555 556/556/556 557/557/557
f 557/557/557 558/558/558 555/555/555
f 559/559/559 560/560/560 553/553/553
f 553/553/553 561/561/561 559/559/559
f 561/561/561 553/553/553 552/552/552
f 552/552/552 562/562/562 561/561/561
f 563/563/563 564/564/564 565/565/565
f 565/565/565 566/566/566 563/563/563
f 564/564/564 567/567/567 568/568/568
f 568/568/568 565/565/565 564/564/564
f 569/569/569 556/556/556 23/23/23
f 23/23/23 570/570/570 569/569/569
f 571/571/571 572/572/572 573/573/573
f 573/573/573 574/574/574 571/571/571
f 574/574/574 573/573/573 560/560/560
f 560/560/560 559/559/559 574/574/574
f 575/575/575 576/576/576 577/577/577
f 577/577/577 578/578/578 575/575/575
f 578/578/578 577/577/577 579/579/579
f 579/579/579 580/580/580 578/578/578
f 581/581/581 582/582/582 583/583/583
f 583/583/583 584/584/584 581/581/581
f 582/582/582 585/585/585 586/586/586
f 586/586/586 583/583/583 582/582/582
f 587/587/587 588/588/588 589/589/589
f 589/589/589 590/590/590 587/587/587
f 590/590/590 589/589/589 591/591/591
f 591/591/591 592/592/592 590/590/590
f 49/49/49 555/555/555 593/593/593
f 593/593/593 594/594/594 49/49/49
f 585/585/585 595/595/595 596/596/596
f 596/596/596 586/586/586 585/585/585
f 595/595/595 597/597/597 598/598/598
f 598/598/598 596/596/596 595/595/595
f 597/597/597 599/599/599 600/600/600
f 600/600/600 598/598/598 597/597/597
f 599/599/599 601/601/601 602/602/602
f 602/602/602 600/600/600 599/599/599
f 601/601/601 603/603/603 604/604/604
f 604/604/604 602/602/602 601/601/601
f 605/605/605 606/606/606 607/607/607
f 607/607/607 608/608/608 605/605/605
f 609/609/609 605/605/605 608/608/608
f 608/608/608 610/610/610 609/609/609
f 611/611/611 612/612/612 613/613/613
f 613/613/613 614/614/614 611/611/611
f 606/606/606 611/611/611 614/614/614
f 614/614/614 607/607/607 606/606/606
f 615/615/615 616/616/616 617/617/617
f 617/617/617 618/618/618 615/615/615
f 618/618/618 617/617/617 619/619/619
f 619/619/619 620/620/620 618/618/618
f 621/621/621 622/622/622 623/623/623
f 623/623/623 624/624/624 621/621/621
f 624/624/624 623/623/623 616/616/616
f 616/616/616 615/615/615 624/624/624
f 620/620/620 619/619/619 625/625/625
f 625/625/625 626/626/626 620/620/620
f 626/626/626 625/625/625 604/604/604
f 604/604/604 603/603/603 626/626/626
f 627/627/627 628/628/628 629/629/629
f 629/629/629 630/630/630 627/627/627
f 630/630/630 629/629/629 631/631/631
f 631/631/631 632/632/632 630/630/630
f 632/632/632 631/631/631 633/633/633
f 633/633/633 634/634/634 632/632/632
f 634/634/634 633/633/633 592/592/592
f 592/592/592 591/591/591 634/634/634
f 635/635/635 636/636/636 637/637/637
f 637/637/637 638/638/638 635/635/635
f 638/638/638 637/637/637 639/639/639
f 639/639/639 640/640/640 638/638/638
f 640/640/640 639/639/639 641/641/641
f 641/641/641 642/642/642 640/640/640
f 642/642/642 641/641/641 622/622/622
f 622/622/622 621/621/621 642/642/642
f 581/581/581 584/584/584 643/643/643
f 643/643/643 644/644/644 581/581/581
f 644/644/644 643/643/643 645/645/645
f 645/645/645 646/646/646 644/644/644
f 588/588/588 587/587/587 647/647/647
f 647/647/647 648/648/648 588/588/588
f 649/649/649 650/650/650 636/636/636
f 636/636/636 635/635/635 649/649/649
f 651/651/651 609/609/609 610/610/610
f 610/610/610 652/652/652 651/651/651
f 575/575/575 651/651/651 652/652/652
f 652/652/652 576/576/576 575/575/575
f 653/653/653 654/654/654 655/655/655
f 655/655/655 656/656/656 653/653/653
f 657/657/657 653/653/653 656/656/656
f 656/656/656 658/658/658 657/657/657
f 659/659/659 657/657/657 658/658/658
f 658/658/658 660/660/660 659/659/659
f 566/566/566 659/659/659 660/660/660
f 660/660/660 563/563/563 566/566/566
f 661/661/661 662/662/662 663/663/663
f 663/663/663 664/664/664 661/661/661
f 665/665/665 661/661/661 664/664/664
f 664/664/664 666/666/666 665/665/665
f 667/667/667 665/665/665 666/666/666
f 666/666/666 668/668/668 667/667/667
f 612/612/612 667/667/667 668/668/668
f 668/668/668 613/613/613 612/612/612
f 669/669/669 562/562/562 552/552/552
f 552/552/552 670/670/670 669/669/669
f 671/671/671 669/669/669 670/670/670
f 670/670/670 672/672/672 671/671/671
f 673/673/673 568/568/568 567/567/567
f 567/567/567 674/674/674 673/673/673
f 662/662/662 675/675/675 676/676/676
f 676/676/676 663/663/663 662/662/662
f 548/548/548 677/677/677 678/678/678
f 678/678/678 679/679/679 548/548/548
f 680/680/680 681/681/681 682/682/682
f 682/682/682 683/683/683 680/680/680
f 683/683/683 682/682/682 684/684/684
f 684/684/684 685/685/685 683/683/683
f 686/686/686 684/684/684 682/682/682
f 682/682/682 687/687/687 686/686/686
f 688/688/688 558/558/558 557/557/557
f 557/557/557 689/689/689 688/688/688
f 690/690/690 684/684/684 686/686/686
f 686/686/686 691/691/691 690/690/690
f 690/690/690 692/692/692 693/693/693
f 693/693/693 694/694/694 690/690/690
f 689/689/689 557/557/557 695/695/695
f 695/695/695 696/696/696 689/689/689
f 697/697/697 698/698/698 699/699/699
f 699/699/699 700/700/700 697/697/697
f 701/701/701 702/702/702 703/703/703
f 703/703/703 704/704/704 701/701/701
f 704/704/704 703/703/703 705/705/705
f 705/705/705 706/706/706 704/704/704
f 700/700/700 699/699/699 707/707/707
f 707/707/707 708/708/708 700/700/700
f 709/709/709 710/710/710 711/711/711
f 711/711/711 712/712/712 709/709/709
f 680/680/680 709/709/709 712/712/712
f 712/712/712 681/681/681 680/680/680
f 713/713/713 714/714/714 715/715/715
f 715/715/715 716/716/716 713/713/713
f 717/717/717 718/718/718 719/719/719
f 719/719/719 720/720/720 717/717/717
f 721/721/721 722/722/722 723/723/723
f 723/723/723 724/724/724 721/721/721
f 724/724/724 723/723/723 725/725/725
f 725/725/725 726/726/726 724/724/724
f 720/720/720 719/719/719 727/727/727
f 727/727/727 728/728/728 720/720/720
f 729/729/729 730/730/730 731/731/731
f 731/731/731 732/732/732 729/729/729
f 733/733/733 734/734/734 735/735/735
f 735/735/735 736/736/736 733/733/733
f 736/736/736 735/735/735 679/679/679
f 679/679/679 737/737/737 736/736/736
f 738/738/738 718/718/718 717/717/717
f 717/717/717 739/739/739 738/738/738
f 740/740/740 597/597/597 595/595/595
f 595/595/595 741/741/741 740/740/740
f 742/742/742 743/743/743 744/744/744
f 744/744/744 745/745/745 742/742/742
f 746/746/746 747/747/747 711/711/711
f 711/711/711 748/748/748 746/746/746
f 557/557/557 556/556/556 569/569/569
f 569/569/569 695/695/695 557/557/557
f 704/704/704 706/706/706 749/749/749
f 749/749/749 750/750/750 704/704/704
f 701/701/701 704/704/704 750/750/750
f 750/750/750 751/751/751 701/701/701
f 751/751/751 750/750/750 752/752/752
f 752/752/752 753/753/753 751/751/751
f 750/750/750 749/749/749 727/727/727
f 727/727/727 752/752/752 750/750/750
f 702/702/702 701/701/701 751/751/751
f 751/751/751 754/754/754 702/702/702
f 698/698/698 697/697/697 755/755/755
f 755/755/755 756/756/756 698/698/698
f 757/757/757 758/758/758 759/759/759
f 759/759/759 760/760/760 757/757/757
f 754/754/754 751/751/751 753/753/753
f 753/753/753 761/761/761 754/754/754
f 752/752/752 727/727/727 719/719/719
f 719/719/719 762/762/762 752/752/752
f 753/753/753 752/752/752 762/762/762
f 762/762/762 763/763/763 753/753/753
f 763/763/763 762/762/762 764/764/764
f 764/764/764 765/765/765 763/763/763
f 762/762/762 719/719/719 718/718/718
f 718/718/718 764/764/764 762/762/762
f 554/554/554 553/553/553 560/560/560
f 560/560/560 766/766/766 554/554/554
f 698/698/698 567/567/567 564/564/564
f 564/564/564 699/699/699 698/698/698
f 767/767/767 768/768/768 769/769/769
f 769/769/769 770/770/770 767/767/767
f 771/771/771 772/772/772 773/773/773
f 773/773/773 774/774/774 771/771/771
f 774/774/774 773/773/773 775/775/775
f 775/775/775 776/776/776 774/774/774
f 770/770/770 769/769/769 777/777/777
f 777/777/777 778/778/778 770/770/770
f 699/699/699 564/564/564 563/563/563
f 563/563/563 707/707/707 699/699/699
f 728/728/728 727/727/727 749/749/749
f 749/749/749 779/779/779 728/728/728
f 726/726/726 725/725/725 780/780/780
f 780/780/780 781/781/781 726/726/726
f 781/781/781 780/780/780 708/708/708
f 708/708/708 707/707/707 781/781/781
f 779/779/779 749/749/749 706/706/706
f 706/706/706 705/705/705 779/779/779
f 766/766/766 560/560/560 573/573/573
f 573/573/573 782/782/782 766/766/766
f 761/761/761 753/753/753 763/763/763
f 763/763/763 783/783/783 761/761/761
f 760/760/760 759/759/759 784/784/784
f 784/784/784 785/785/785 760/760/760
f 785/785/785 784/784/784 786/786/786
f 786/786/786 787/787/787 785/785/785
f 783/783/783 763/763/763 765/765/765
f 765/765/765 788/788/788 783/783/783
f 789/789/789 790/790/790 791/791/791
f 791/791/791 792/792/792 789/789/789
f 551/551/551 793/793/793 794/794/794
f 794/794/794 795/795/795 551/551/551
f 795/795/795 794/794/794 796/796/796
f 796/796/796 797/797/797 795/795/795
f 792/792/792 791/791/791 694/694/694
f 694/694/694 693/693/693 792/792/792
f 798/798/798 799/799/799 800/800/800
f 800/800/800 801/801/801 798/798/798
f 802/802/802 798/798/798 801/801/801
f 801/801/801 803/803/803 802/802/802
f 803/803/803 801/801/801 804/804/804
f 804/804/804 805/805/805 803/803/803
f 801/801/801 800/800/800 806/806/806
f 806/806/806 804/804/804 801/801/801
f 554/554/554 766/766/766 807/807/807
f 807/807/807 808/808/808 554/554/554
f 551/551/551 554/554/554 808/808/808
f 808/808/808 793/793/793 551/551/551
f 789/789/789 809/809/809 810/810/810
f 810/810/810 790/790/790 789/789/789
f 809/809/809 811/811/811 812/812/812
f 812/812/812 810/810/810 809/809/809
f 782/782/782 813/813/813 814/814/814
f 814/814/814 815/815/815 782/782/782
f 766/766/766 782/782/782 815/815/815
f 815/815/815 807/807/807 766/766/766
f 811/811/811 816/816/816 817/817/817
f 817/817/817 812/812/812 811/811/811
f 816/816/816 818/818/818 819/819/819
f 819/819/819 817/817/817 816/816/816
f 782/782/782 573/573/573 572/572/572
f 572/572/572 813/813/813 782/782/782
f 813/813/813 572/572/572 579/579/579
f 579/579/579 820/820/820 813/813/813
f 818/818/818 821/821/821 822/822/822
f 822/822/822 819/819/819 818/818/818
f 820/820/820 579/579/579 577/577/577
f 577/577/577 823/823/823 820/820/820
f 824/824/824 825/825/825 826/826/826
f 826/826/826 827/827/827 824/824/824
f 823/823/823 776/776/776 775/775/775
f 775/775/775 828/828/828 823/823/823
f 820/820/820 823/823/823 828/828/828
f 828/828/828 829/829/829 820/820/820
f 821/821/821 830/830/830 831/831/831
f 831/831/831 822/822/822 821/821/821
f 830/830/830 778/778/778 777/777/777
f 777/777/777 831/831/831 830/830/830
f 823/823/823 577/577/577 576/576/576
f 576/576/576 776/776/776 823/823/823
f 832/832/832 585/585/585 582/582/582
f 582/582/582 833/833/833 832/832/832
f 834/834/834 737/737/737 679/679/679
f 679/679/679 678/678/678 834/834/834
f 825/825/825 834/834/834 678/678/678
f 678/678/678 826/826/826 825/825/825
f 827/827/827 826/826/826 835/835/835
f 835/835/835 836/836/836 827/827/827
f 678/678/678 677/677/677 835/835/835
f 835/835/835 826/826/826 678/678/678
f 837/837/837 838/838/838 839/839/839
f 839/839/839 840/840/840 837/837/837
f 841/841/841 824/824/824 827/827/827
f 827/827/827 748/748/748 841/841/841
f 710/710/710 841/841/841 748/748/748
f 748/748/748 711/711/711 710/710/710
f 746/746/746 748/748/748 827/827/827
f 827/827/827 836/836/836 746/746/746
f 747/747/747 842/842/842 712/712/712
f 712/712/712 711/711/711 747/747/747
f 843/843/843 844/844/844 845/845/845
f 845/845/845 846/846/846 843/843/843
f 718/718/718 715/715/715 764/764/764
f 847/847/847 692/692/692 690/690/690
f 690/690/690 691/691/691 847/847/847
f 549/549/549 848/848/848 849/849/849
f 849/849/849 850/850/850 549/549/549
f 686/686/686 687/687/687 851/851/851
f 851/851/851 852/852/852 686/686/686
f 687/687/687 853/853/853 854/854/854
f 854/854/854 851/851/851 687/687/687
f 855/855/855 558/558/558 688/688/688
f 688/688/688 856/856/856 855/855/855
f 857/857/857 847/847/847 691/691/691
f 691/691/691 858/858/858 857/857/857
f 859/859/859 860/860/860 861/861/861
f 861/861/861 862/862/862 859/859/859
f 863/863/863 859/859/859 862/862/862
f 862/862/862 864/864/864 863/863/863
f 865/865/865 866/866/866 867/867/867
f 867/867/867 868/868/868 865/865/865
f 866/866/866 869/869/869 870/870/870
f 870/870/870 867/867/867 866/866/866
f 745/745/745 871/871/871 872/872/872
f 872/872/872 873/873/873 745/745/745
f 873/873/873 872/872/872 854/854/854
f 854/854/854 853/853/853 873/873/873
f 874/874/874 738/738/738 739/739/739
f 739/739/739 875/875/875 874/874/874
f 876/876/876 874/874/874 875/875/875
f 875/875/875 877/877/877 876/876/876
f 878/878/878 879/879/879 880/880/880
f 880/880/880 881/881/881 878/878/878
f 879/879/879 882/882/882 883/883/883
f 883/883/883 880/880/880 879/879/879
f 884/884/884 868/868/868 867/867/867
f 867/867/867 885/885/885 884/884/884
f 876/876/876 884/884/884 885/885/885
f 885/885/885 886/886/886 876/876/876
f 886/886/886 885/885/885 887/887/887
f 887/887/887 888/888/888 886/886/886
f 885/885/885 867/867/867 870/870/870
f 870/870/870 887/887/887 885/885/885
f 887/887/887 870/870/870 869/869/869
f 869/869/869 889/889/889 887/887/887
f 888/888/888 887/887/887 889/889/889
f 889/889/889 890/890/890 888/888/888
f 891/891/891 892/892/892 893/893/893
f 893/893/893 894/894/894 891/891/891
f 895/895/895 861/861/861 860/860/860
f 860/860/860 896/896/896 895/895/895
f 874/874/874 876/876/876 886/886/886
f 886/886/886 897/897/897 874/874/874
f 738/738/738 874/874/874 897/897/897
f 897/897/897 898/898/898 738/738/738
f 898/898/898 897/897/897 899/899/899
f 899/899/899 900/900/900 898/898/898
f 897/897/897 886/886/886 888/888/888
f 888/888/888 899/899/899 897/897/897
f 833/833/833 582/582/582 581/581/581
f 581/581/581 901/901/901 833/833/833
f 863/863/863 591/591/591 589/589/589
f 589/589/589 859/859/859 863/863/863
f 902/902/902 903/903/903 904/904/904
f 904/904/904 905/905/905 902/902/902
f 906/906/906 902/902/902 905/905/905
f 905/905/905 907/907/907 906/906/906
f 908/908/908 909/909/909 910/910/910
f 910/910/910 911/911/911 908/908/908
f 909/909/909 912/912/912 913/913/913
f 913/913/913 910/910/910 909/909/909
f 859/859/859 589/589/589 588/588/588
f 588/588/588 860/860/860 859/859/859
f 855/855/855 593/593/593 555/555/555
f 555/555/555 558/558/558 855/855/855
f 884/884/884 876/876/876 877/877/877
f 877/877/877 914/914/914 884/884/884
f 868/868/868 884/884/884 914/914/914
f 914/914/914 865/865/865 868/868/868
f 864/864/864 915/915/915 916/916/916
f 916/916/916 863/863/863 864/864/864
f 915/915/915 878/878/878 881/881/881
f 881/881/881 916/916/916 915/915/915
f 899/899/899 888/888/888 890/890/890
f 890/890/890 917/917/917 899/899/899
f 900/900/900 899/899/899 917/917/917
f 917/917/917 918/918/918 900/900/900
f 919/919/919 920/920/920 921/921/921
f 921/921/921 922/922/922 919/919/919
f 920/920/920 891/891/891 894/894/894
f 894/894/894 921/921/921 920/920/920
f 923/923/923 924/924/924 925/925/925
f 925/925/925 926/926/926 923/923/923
f 858/858/858 923/923/923 926/926/926
f 926/926/926 857/857/857 858/858/858
f 927/927/927 928/928/928 929/929/929
f 929/929/929 930/930/930 927/927/927
f 928/928/928 931/931/931 901/901/901
f 901/901/901 929/929/929 928/928/928
f 932/932/932 933/933/933 934/934/934
f 934/934/934 935/935/935 932/932/932
f 936/936/936 932/932/932 935/935/935
f 935/935/935 937/937/937 936/936/936
f 937/937/937 935/935/935 938/938/938
f 938/938/938 939/939/939 937/937/937
f 935/935/935 934/934/934 940/940/940
f 940/940/940 938/938/938 935/935/935
f 941/941/941 832/832/832 833/833/833
f 833/833/833 942/942/942 941/941/941
f 943/943/943 944/944/944 945/945/945
f 945/945/945 946/946/946 943/943/943
f 946/946/946 945/945/945 925/925/925
f 925/925/925 924/924/924 946/946/946
f 942/942/942 833/833/833 901/901/901
f 901/901/901 931/931/931 942/942/942
f 947/947/947 740/740/740 741/741/741
f 741/741/741 948/948/948 947/947/947
f 837/837/837 840/840/840 949/949/949
f 949/949/949 950/950/950 837/837/837
f 950/950/950 949/949/949 944/944/944
f 944/944/944 943/943/943 950/950/950
f 948/948/948 741/741/741 832/832/832
f 832/832/832 941/941/941 948/948/948
f 741/741/741 595/595/595 585/585/585
f 585/585/585 832/832/832 741/741/741
f 599/599/599 597/597/597 740/740/740
f 740/740/740 951/951/951 599/599/599
f 911/911/911 603/603/603 601/601/601
f 601/601/601 952/952/952 911/911/911
f 947/947/947 953/953/953 951/951/951
f 951/951/951 740/740/740 947/947/947
f 908/908/908 911/911/911 952/952/952
f 952/952/952 954/954/954 908/908/908
f 906/906/906 907/907/907 955/955/955
f 955/955/955 956/956/956 906/906/906
f 956/956/956 955/955/955 839/839/839
f 839/839/839 838/838/838 956/956/956
f 954/954/954 952/952/952 951/951/951
f 951/951/951 953/953/953 954/954/954
f 952/952/952 601/601/601 599/599/599
f 599/599/599 951/951/951 952/952/952
f 607/607/607 957/957/957 958/958/958
f 958/958/958 608/608/608 607/607/607
f 848/848/848 959/959/959 960/960/960
f 960/960/960 849/849/849 848/848/848
f 850/850/850 849/849/849 961/961/961
f 961/961/961 962/962/962 850/850/850
f 963/963/963 962/962/962 961/961/961
f 961/961/961 964/964/964 963/963/963
f 849/849/849 960/960/960 965/965/965
f 965/965/965 961/961/961 849/849/849
f 938/938/938 940/940/940 966/966/966
f 966/966/966 967/967/967 938/938/938
f 964/964/964 961/961/961 965/965/965
f 965/965/965 968/968/968 964/964/964
f 964/964/964 968/968/968 969/969/969
f 969/969/969 744/744/744 964/964/964
f 970/970/970 742/742/742 745/745/745
f 745/745/745 873/873/873 970/970/970
f 744/744/744 743/743/743 963/963/963
f 963/963/963 964/964/964 744/744/744
f 744/744/744 969/969/969 871/871/871
f 871/871/871 745/745/745 744/744/744
f 848/848/848 971/971/971 972/972/972
f 972/972/972 959/959/959 848/848/848
f 971/971/971 973/973/973 974/974/974
f 974/974/974 972/972/972 971/971/971
f 691/691/691 686/686/686 852/852/852
f 852/852/852 858/858/858 691/691/691
f 950/950/950 943/943/943 871/871/871
f 871/871/871 969/969/969 950/950/950
f 975/975/975 713/713/713 976/976/976
f 976/976/976 977/977/977 975/975/975
f 713/713/713 716/716/716 978/978/978
f 978/978/978 976/976/976 713/713/713
f 732/732/732 979/979/979 980/980/980
f 980/980/980 981/981/981 732/732/732
f 979/979/979 975/975/975 977/977/977
f 977/977/977 980/980/980 979/979/979
f 973/973/973 729/729/729 982/982/982
f 982/982/982 974/974/974 973/973/973
f 729/729/729 732/732/732 981/981/981
f 981/981/981 982/982/982 729/729/729
f 983/983/983 900/900/900 918/918/918
f 918/918/918 984/984/984 983/983/983
f 985/985/985 983/983/983 984/984/984
f 984/984/984 986/986/986 985/985/985
f 987/987/987 988/988/988 989/989/989
f 989/989/989 990/990/990 987/987/987
f 988/988/988 919/919/919 922/922/922
f 922/922/922 989/989/989 988/988/988
f 991/991/991 985/985/985 986/986/986
f 986/986/986 992/992/992 991/991/991
f 993/993/993 991/991/991 992/992/992
f 992/992/992 994/994/994 993/993/993
f 995/995/995 996/996/996 997/997/997
f 997/997/997 998/998/998 995/995/995
f 996/996/996 987/987/987 990/990/990
f 990/990/990 997/997/997 996/996/996
f 999/999/999 993/993/993 994/994/994
f 994/994/994 1000/1000/1000 999/999/999
f 903/903/903 999/999/999 1000/1000/1000
f 1000/1000/1000 904/904/904 903/903/903
f 912/912/912 1001/1001/1001 1002/1002/1002
f 1002/1002/1002 913/913/913 912/912/912
f 1001/1001/1001 995/995/995 998/998/998
f 998/998/998 1002/1002/1002 1001/1001/1001
f 788/788/788 765/765/765 1003/1003/1003
f 1003/1003/1003 1004/1004/1004 788/788/788
f 787/787/787 786/786/786 1005/1005/1005
f 1005/1005/1005 1006/1006/1006 787/787/787
f 1006/1006/1006 1005/1005/1005 1007/1007/1007
f 1007/1007/1007 1008/1008/1008 1006/1006/1006
f 1004/1004/1004 1003/1003/1003 1009/1009/1009
f 1009/1009/1009 1010/1010/1010 1004/1004/1004
f 1010/1010/1010 1009/1009/1009 1011/1011/1011
f 1011/1011/1011 1012/1012/1012 1010/1010/1010
f 1008/1008/1008 1007/1007/1007 1013/1013/1013
f 1013/1013/1013 1014/1014/1014 1008/1008/1008
f 1014/1014/1014 1013/1013/1013 1015/1015/1015
f 1015/1015/1015 957/957/957 1014/1014/1014
f 1012/1012/1012 1011/1011/1011 1016/1016/1016
f 1016/1016/1016 1017/1017/1017 1012/1012/1012
f 1017/1017/1017 1016/1016/1016 1018/1018/1018
f 1018/1018/1018 1019/1019/1019 1017/1017/1017
f 957/957/957 1015/1015/1015 1020/1020/1020
f 1020/1020/1020 958/958/958 957/957/957
f 958/958/958 1020/1020/1020 772/772/772
f 772/772/772 771/771/771 958/958/958
f 1019/1019/1019 1018/1018/1018 768/768/768
f 768/768/768 767/767/767 1019/1019/1019
f 971/971/971 735/735/735 734/734/734
f 734/734/734 973/973/973 971/971/971
f 1021/1021/1021 715/715/715 714/714/714
f 714/714/714 1022/1022/1022 1021/1021/1021
f 1022/1022/1022 714/714/714 1023/1023/1023
f 1023/1023/1023 1024/1024/1024 1022/1022/1022
f 848/848/848 679/679/679 735/735/735
f 735/735/735 971/971/971 848/848/848
f 1024/1024/1024 1023/1023/1023 1025/1025/1025
f 1025/1025/1025 1026/1026/1026 1024/1024/1024
f 1026/1026/1026 1025/1025/1025 731/731/731
f 731/731/731 1027/1027/1027 1026/1026/1026
f 975/975/975 1023/1023/1023 714/714/714
f 714/714/714 713/713/713 975/975/975
f 979/979/979 1025/1025/1025 1023/1023/1023
f 1023/1023/1023 975/975/975 979/979/979
f 1027/1027/1027 731/731/731 730/730/730
f 730/730/730 1028/1028/1028 1027/1027/1027
f 1028/1028/1028 730/730/730 734/734/734
f 734/734/734 733/733/733 1028/1028/1028
f 732/732/732 731/731/731 1025/1025/1025
f 1025/1025/1025 979/979/979 732/732/732
f 610/610/610 608/608/608 958/958/958
f 958/958/958 771/771/771 610/610/610
f 613/613/613 1008/1008/1008 1014/1014/1014
f 1014/1014/1014 614/614/614 613/613/613
f 607/607/607 614/614/614 1014/1014/1014
f 1014/1014/1014 957/957/957 607/607/607
f 618/618/618 620/620/620 913/913/913
f 913/913/913 1002/1002/1002 618/618/618
f 624/624/624 615/615/615 998/998/998
f 998/998/998 997/997/997 624/624/624
f 618/618/618 1002/1002/1002 998/998/998
f 998/998/998 615/615/615 618/618/618
f 626/626/626 603/603/603 911/911/911
f 911/911/911 910/910/910 626/626/626
f 624/624/624 997/997/997 990/990/990
f 990/990/990 621/621/621 624/624/624
f 632/632/632 881/881/881 880/880/880
f 880/880/880 630/630/630 632/632/632
f 626/626/626 910/910/910 913/913/913
f 913/913/913 620/620/620 626/626/626
f 591/591/591 863/863/863 916/916/916
f 916/916/916 634/634/634 591/591/591
f 630/630/630 880/880/880 883/883/883
f 883/883/883 627/627/627 630/630/630
f 640/640/640 922/922/922 921/921/921
f 921/921/921 638/638/638 640/640/640
f 634/634/634 916/916/916 881/881/881
f 881/881/881 632/632/632 634/634/634
f 642/642/642 621/621/621 990/990/990
f 990/990/990 989/989/989 642/642/642
f 638/638/638 921/921/921 894/894/894
f 894/894/894 635/635/635 638/638/638
f 646/646/646 930/930/930 929/929/929
f 929/929/929 644/644/644 646/646/646
f 642/642/642 989/989/989 922/922/922
f 922/922/922 640/640/640 642/642/642
f 635/635/635 894/894/894 893/893/893
f 893/893/893 649/649/649 635/635/635
f 644/644/644 929/929/929 901/901/901
f 901/901/901 581/581/581 644/644/644
f 610/610/610 771/771/771 774/774/774
f 774/774/774 652/652/652 610/610/610
f 648/648/648 896/896/896 860/860/860
f 860/860/860 588/588/588 648/648/648
f 805/805/805 1029/1029/1029 1030/1030/1030
f 1030/1030/1030 803/803/803 805/805/805
f 938/938/938 1031/1031/1031 1032/1032/1032
f 1032/1032/1032 939/939/939 938/938/938
f 846/846/846 845/845/845 1033/1033/1033
f 1033/1033/1033 1034/1034/1034 846/846/846
f 1035/1035/1035 1036/1036/1036 1037/1037/1037
f 1037/1037/1037 1038/1038/1038 1035/1035/1035
f 1038/1038/1038 1037/1037/1037 967/967/967
f 967/967/967 966/966/966 1038/1038/1038
f 1034/1034/1034 1033/1033/1033 1032/1032/1032
f 1032/1032/1032 1031/1031/1031 1034/1034/1034
f 1039/1039/1039 1040/1040/1040 1041/1041/1041
f 1041/1041/1041 1042/1042/1042 1039/1039/1039
f 936/936/936 1043/1043/1043 1044/1044/1044
f 1044/1044/1044 932/932/932 936/936/936
f 932/932/932 1044/1044/1044 1045/1045/1045
f 1045/1045/1045 933/933/933 932/932/932
f 853/853/853 970/970/970 873/873/873
f 576/576/576 652/652/652 774/774/774
f 774/774/774 776/776/776 576/576/576
f 656/656/656 655/655/655 721/721/721
f 721/721/721 724/724/724 656/656/656
f 658/658/658 656/656/656 724/724/724
f 724/724/724 726/726/726 658/658/658
f 658/658/658 726/726/726 781/781/781
f 781/781/781 660/660/660 658/658/658
f 563/563/563 660/660/660 781/781/781
f 781/781/781 707/707/707 563/563/563
f 663/663/663 760/760/760 785/785/785
f 785/785/785 664/664/664 663/663/663
f 666/666/666 664/664/664 785/785/785
f 785/785/785 787/787/787 666/666/666
f 666/666/666 787/787/787 1006/1006/1006
f 1006/1006/1006 668/668/668 666/666/666
f 613/613/613 668/668/668 1006/1006/1006
f 1006/1006/1006 1008/1008/1008 613/613/613
f 552/552/552 551/551/551 795/795/795
f 795/795/795 670/670/670 552/552/552
f 672/672/672 670/670/670 795/795/795
f 795/795/795 797/797/797 672/672/672
f 674/674/674 567/567/567 698/698/698
f 698/698/698 756/756/756 674/674/674
f 663/663/663 676/676/676 757/757/757
f 757/757/757 760/760/760 663/663/663
f 1046/1046/1046 1047/1047/1047 1048/1048/1048
f 1048/1048/1048 1049/1049/1049 1046/1046/1046
f 803/803/803 1050/1050/1050 1051/1051/1051
f 1051/1051/1051 802/802/802 803/803/803
f 836/836/836 835/835/835 1052/1052/1052
f 1052/1052/1052 1053/1053/1053 836/836/836
f 1054/1054/1054 844/844/844 843/843/843
f 843/843/843 1055/1055/1055 1054/1054/1054
f 1029/1029/1029 1054/1054/1054 1055/1055/1055
f 1055/1055/1055 1030/1030/1030 1029/1029/1029
f 1050/1050/1050 1056/1056/1056 1057/1057/1057
f 1057/1057/1057 1051/1051/1051 1050/1050/1050
f 1056/1056/1056 1058/1058/1058 1059/1059/1059
f 1059/1059/1059 1057/1057/1057 1056/1056/1056
f 1060/1060/1060 1040/1040/1040 1039/1039/1039
f 1039/1039/1039 1061/1061/1061 1060/1060/1060
f 1062/1062/1062 1063/1063/1063 800/800/800
f 800/800/800 799/799/799 1062/1062/1062
f 1063/1063/1063 1064/1064/1064 806/806/806
f 806/806/806 800/800/800 1063/1063/1063
f 690/690/690 694/694/694 685/685/685
f 685/685/685 684/684/684 690/690/690
f 791/791/791 683/683/683 685/685/685
f 685/685/685 694/694/694 791/791/791
f 812/812/812 710/710/710 709/709/709
f 709/709/709 810/810/810 812/812/812
f 764/764/764 715/715/715 1021/1021/1021
f 1021/1021/1021 765/765/765 764/764/764
f 810/810/810 709/709/709 680/680/680
f 680/680/680 790/790/790 810/810/810
f 814/814/814 813/813/813 820/820/820
f 820/820/820 829/829/829 814/814/814
f 835/835/835 677/677/677 1065/1065/1065
f 1065/1065/1065 1052/1052/1052 835/835/835
f 677/677/677 548/548/548 547/547/547
f 547/547/547 1065/1065/1065 677/677/677
f 777/777/777 737/737/737 834/834/834
f 834/834/834 831/831/831 777/777/777
f 819/819/819 824/824/824 841/841/841
f 841/841/841 817/817/817 819/819/819
f 747/747/747 746/746/746 1066/1066/1066
f 1066/1066/1066 1067/1067/1067 747/747/747
f 746/746/746 836/836/836 1053/1053/1053
f 1053/1053/1053 1066/1066/1066 746/746/746
f 970/970/970 842/842/842 1068/1068/1068
f 1068/1068/1068 1069/1069/1069 970/970/970
f 842/842/842 747/747/747 1067/1067/1067
f 1067/1067/1067 1068/1068/1068 842/842/842
f 822/822/822 825/825/825 824/824/824
f 824/824/824 819/819/819 822/822/822
f 817/817/817 841/841/841 710/710/710
f 710/710/710 812/812/812 817/817/817
f 768/768/768 733/733/733 736/736/736
f 736/736/736 769/769/769 768/768/768
f 831/831/831 834/834/834 825/825/825
f 825/825/825 822/822/822 831/831/831
f 858/858/858 852/852/852 851/851/851
f 851/851/851 923/923/923 858/858/858
f 769/769/769 736/736/736 737/737/737
f 737/737/737 777/777/777 769/769/769
f 923/923/923 851/851/851 854/854/854
f 854/854/854 924/924/924 923/923/923
f 946/946/946 924/924/924 854/854/854
f 854/854/854 872/872/872 946/946/946
f 900/900/900 978/978/978 716/716/716
f 716/716/716 898/898/898 900/900/900
f 946/946/946 872/872/872 871/871/871
f 871/871/871 943/943/943 946/946/946
f 962/962/962 963/963/963 1070/1070/1070
f 1070/1070/1070 1071/1071/1071 962/962/962
f 549/549/549 850/850/850 1072/1072/1072
f 1072/1072/1072 550/550/550 549/549/549
f 850/850/850 962/962/962 1071/1071/1071
f 1071/1071/1071 1072/1072/1072 850/850/850
f 956/956/956 838/838/838 965/965/965
f 965/965/965 960/960/960 956/956/956
f 1058/1058/1058 1036/1036/1036 1035/1035/1035
f 1035/1035/1035 1059/1059/1059 1058/1058/1058
f 963/963/963 743/743/743 1073/1073/1073
f 1073/1073/1073 1070/1070/1070 963/963/963
f 743/743/743 742/742/742 1074/1074/1074
f 1074/1074/1074 1073/1073/1073 743/743/743
f 742/742/742 970/970/970 1069/1069/1069
f 1069/1069/1069 1074/1074/1074 742/742/742
f 838/838/838 837/837/837 968/968/968
f 968/968/968 965/965/965 838/838/838
f 950/950/950 969/969/969 968/968/968
f 968/968/968 837/837/837 950/950/950
f 902/902/902 906/906/906 959/959/959
f 959/959/959 972/972/972 902/902/902
f 956/956/956 960/960/960 959/959/959
f 959/959/959 906/906/906 956/956/956
f 1003/1003/1003 765/765/765 1021/1021/1021
f 1021/1021/1021 1022/1022/1022 1003/1003/1003
f 902/902/902 972/972/972 974/974/974
f 974/974/974 903/903/903 902/902/902
f 549/549/549 548/548/548 679/679/679
f 679/679/679 848/848/848 549/549/549
f 1011/1011/1011 1009/1009/1009 1024/1024/1024
f 1024/1024/1024 1026/1026/1026 1011/1011/1011
f 1003/1003/1003 1022/1022/1022 1024/1024/1024
f 1024/1024/1024 1009/1009/1009 1003/1003/1003
f 1018/1018/1018 1016/1016/1016 1027/1027/1027
f 1027/1027/1027 1028/1028/1028 1018/1018/1018
f 1011/1011/1011 1026/1026/1026 1027/1027/1027
f 1027/1027/1027 1016/1016/1016 1011/1011/1011
f 985/985/985 977/977/977 976/976/976
f 976/976/976 983/983/983 985/985/985
f 1018/1018/1018 1028/1028/1028 733/733/733
f 733/733/733 768/768/768 1018/1018/1018
f 993/993/993 981/981/981 980/980/980
f 980/980/980 991/991/991 993/993/993
f 983/983/983 976/976/976 978/978/978
f 978/978/978 900/900/900 983/983/983
f 999/999/999 903/903/903 974/974/974
f 974/974/974 982/982/982 999/999/999
f 991/991/991 980/980/980 977/977/977
f 977/977/977 985/985/985 991/991/991
f 999/999/999 982/982/982 981/981/981
f 981/981/981 993/993/993 999/999/999
f 1075/1075/1075 1076/1076/1076 1077/1077/1077
f 1077/1077/1077 1078/1078/1078 1075/1075/1075
f 1048/1048/1048 1047/1047/1047 1078/1078/1078
f 1078/1078/1078 1077/1077/1077 1048/1048/1048
f 973/973/973 734/734/734 730/730/730
f 730/730/730 729/729/729 973/973/973
f 572/572/572 571/571/571 580/580/580
f 580/580/580 579/579/579 572/572/572
f 790/790/790 680/680/680 683/683/683
f 683/683/683 791/791/791 790/790/790
f 23/23/23 556/556/556 555/555/555
f 555/555/555 49/49/49 23/23/23
f 687/687/687 682/682/682 681/681/681
f 681/681/681 853/853/853 687/687/687
f 718/718/718 738/738/738 716/716/716
f 716/716/716 715/715/715 718/718/718
f 898/898/898 716/716/716 738/738/738
f 853/853/853 681/681/681 842/842/842
f 842/842/842 970/970/970 853/853/853
f 712/712/712 842/842/842 681/681/681
