mtllib scene.mtl
o Object_4
usemtl SHELF
v 0.7241907119750977 0.00834992527961731 1.4314450996278865
v 0.7241907119750977 0.00834992527961731 1.4314450996278865
v 0.7241907119750977 0.00834992527961731 1.4314450996278865
v 0.7241907119750977 0.00834992527961731 1.4314450996278865
v 0.7006464004516602 0.8189412355422974 1.4314450996278862
v 0.7006464004516602 0.8189412355422974 1.4314450996278862
v 0.7006464004516602 0.8189412355422974 1.4314450996278862
v 0.7006464004516602 0.8189412355422974 1.4314450996278862
v 0.7255666255950928 0.10860568284988403 1.4322033051867038
v 0.7255666255950928 0.10860568284988403 1.4322033051867038
v 0.7255666255950928 0.10860568284988403 1.4322033051867038
v 0.7255666255950928 0.10860568284988403 1.4322033051867038
v -0.7365590929985046 0.8189412355422974 1.4314450996278862
v -0.7365590929985046 0.8189412355422974 1.4314450996278862
v -0.7365590929985046 0.8189412355422974 1.4314450996278862
v -0.7365590929985046 0.8189412355422974 1.4314450996278862
v -0.7365590929985046 0.09540677070617676 1.4331132892984897
v -0.7365590929985046 0.09540677070617676 1.4331132892984897
v -0.7365590929985046 0.09540677070617676 1.4331132892984897
v -0.7365590929985046 0.09540677070617676 1.4331132892984897
v -0.7365590929985046 0.00834992527961731 1.4314450996278865
v -0.7365590929985046 0.00834992527961731 1.4314450996278865
v -0.7365590929985046 0.00834992527961731 1.4314450996278865
v -0.7365590929985046 0.00834992527961731 1.4314450996278865
v -0.7365590929985046 0.00834992527961731 1.4314450996278865
v 0.7255666255950928 0.08563166856765747 1.4314450990495757
v -0.7365590929985046 0.07987013459205627 1.4314450993014205
v -0.7365590929985046 0.07987013459205627 1.4314450993014205
v -0.7365590929985046 0.07987013459205627 1.4314450993014205
v 0.7011052966117859 0.11649313569068909 1.4481799900531769
v 0.7011052966117859 0.11649313569068909 1.4481799900531769
v 0.7011052966117859 0.11649313569068909 1.4481799900531769
v -0.7365590929985046 0.11649313569068909 1.4481799900531769
v -0.7365590929985046 0.11649313569068909 1.4481799900531769
v -0.6384525895118713 0.00834992527961731 1.4314450996278865
v -0.6384525895118713 0.00834992527961731 1.4314450996278865
v -0.619520902633667 0.09646332263946533 1.4330404468346387
v -0.619520902633667 0.09646332263946533 1.4330404468346387
v -0.619520902633667 0.11649313569068909 1.4481799900531769
v 0.05557464808225632 0.00834992527961731 1.4314450996278865
v 0.05557464808225632 0.00834992527961731 1.4314450996278865
v 0.0530228465795517 0.10253453254699707 1.4326218750793487
v 0.0530228465795517 0.10253453254699707 1.4326218750793487
v 0.0530228465795517 0.11649313569068909 1.4481799900531769
v 0.7011052966117859 0.4623280167579651 1.3881795480847359
v 0.7011052966117859 0.4623280167579651 1.3881795480847359
v 0.7011052966117859 0.4623280167579651 1.3881795480847359
v -0.7365590929985046 0.4623280167579651 1.3881795480847359
v -0.7365590929985046 0.4623280167579651 1.3881795480847359
v -0.7365590929985046 0.4623280167579651 1.3881795480847359
v -0.619520902633667 0.4623280167579651 1.3881795480847359
v 0.0530228465795517 0.4623280167579651 1.3881795480847359
v 0.7011052966117859 0.48485270142555237 1.4283526709768921
v 0.7011052966117859 0.48485270142555237 1.4283526709768921
v 0.7011052966117859 0.48485270142555237 1.4283526709768921
v -0.7365590929985046 0.48485270142555237 1.4283526709768921
v -0.7365590929985046 0.48485270142555237 1.4283526709768921
v -0.7365590929985046 0.48485270142555237 1.4283526709768921
v -0.619520902633667 0.48485270142555237 1.4283526709768921
v 0.0530228465795517 0.48485270142555237 1.4283526709768921
v 0.7011052966117859 0.29780706763267517 1.4387958077713847
v 0.7011052966117859 0.29780706763267517 1.4387958077713847
v 0.7011052966117859 0.29780706763267517 1.4387958077713847
v -0.7365590929985046 0.29780706763267517 1.4387958077713847
v -0.7365590929985046 0.29780706763267517 1.4387958077713847
v -0.7365590929985046 0.29780706763267517 1.4387958077713847
v -0.619520902633667 0.29780706763267517 1.4387958077713847
v 0.0530228465795517 0.29780706763267517 1.4387958077713847
v 0.7011052966117859 0.2786191999912262 1.4039614535868168
v 0.7011052966117859 0.2786191999912262 1.4039614535868168
v 0.7011052966117859 0.2786191999912262 1.4039614535868168
v -0.7365590929985046 0.2786191999912262 1.4039614535868168
v -0.7365590929985046 0.2786191999912262 1.4039614535868168
v -0.7365590929985046 0.2786191999912262 1.4039614535868168
v -0.619520902633667 0.2786191999912262 1.4039614535868168
v 0.0530228465795517 0.2786191999912262 1.4039614535868168
v 0.7011052966117859 0.6740308403968811 1.4109693393111227
v 0.7011052966117859 0.6740308403968811 1.4109693393111227
v 0.7011052966117859 0.6740308403968811 1.4109693393111227
v -0.7365590929985046 0.6740308403968811 1.410969343036413
v -0.7365590929985046 0.6740308403968811 1.410969343036413
v -0.619520902633667 0.6740308403968811 1.4109693393111227
v 0.0530228465795517 0.6740308403968811 1.4109693393111227
v 0.7011052966117859 0.6510651111602783 1.3727147728204725
v 0.7011052966117859 0.6510651111602783 1.3727147728204725
v 0.7011052966117859 0.6510651111602783 1.3727147728204725
v -0.7365590929985046 0.6510651111602783 1.372714780271053
v -0.7365590929985046 0.6510651111602783 1.372714780271053
v -0.619520902633667 0.6510651111602783 1.3727147728204725
v 0.0530228465795517 0.6510651111602783 1.3727147728204725
v 0.7011052966117859 0.8075816631317139 1.366264574229717
v 0.7011052966117859 0.8075816631317139 1.366264574229717
v 0.7011052966117859 0.8075816631317139 1.366264574229717
v -0.7365590929985046 0.8075816631317139 1.366264574229717
v -0.7365590929985046 0.8075816631317139 1.366264574229717
v -0.7365590929985046 0.8075816631317139 1.366264574229717
v -0.619520902633667 0.8075816631317139 1.366264574229717
v 0.0530228465795517 0.8075816631317139 1.366264574229717
v 0.0530228391289711 0.008349925279617313 1.4506089389324188
v 0.0530228391289711 0.008349925279617313 1.4506089389324188
v 0.7252975106239319 0.008349925279617313 1.450613223016262
v 0.7252975106239319 0.008349925279617313 1.450613223016262
v 0.7252975106239319 0.008349925279617313 1.450613223016262
v 0.7252975106239319 0.008349925279617313 1.450613223016262
v 0.7252975106239319 0.008349925279617313 1.450613223016262
v 0.7255666255950928 0.08563166856765747 1.450613221153617
v 0.7255666255950928 0.08563166856765747 1.450613221153617
v 0.7255666255950928 0.08563166856765747 1.450613221153617
v 0.7255666255950928 0.08563166856765747 1.450613221153617
v 0.7255666255950928 0.10784178972244263 1.4503689911216497
v 0.7255666255950928 0.10784178972244263 1.4503689911216497
v 0.7255666255950928 0.10784178972244263 1.4503689911216497
v -0.619520902633667 0.09567064046859741 1.4506089370697737
v -0.7365590929985046 0.09461161494255066 1.4506089370697737
v -0.7365590929985046 0.09461161494255066 1.4506089370697737
v -0.7365590929985046 0.07987013459205627 1.4506089370697737
v -0.7365590929985046 0.07987013459205627 1.4506089370697737
v -0.7365590929985046 0.07987013459205627 1.4506089370697737
v -0.7365590929985046 0.07987013459205627 1.4506089370697737
v -0.7365590929985046 0.008349925279617313 1.4506089389324188
v -0.7365590929985046 0.008349925279617313 1.4506089389324188
v -0.7365590929985046 0.008349925279617313 1.4506089389324188
v -0.619520902633667 0.08033132553100586 1.4506089370697737
v -0.619520902633667 0.08033132553100586 1.4506089370697737
v -0.619520902633667 0.008349925279617313 1.4506089389324188
v -0.619520902633667 0.008349925279617313 1.4506089389324188
v 0.0530228428542614 0.10175621509552002 1.4506089352071285
v 0.0530228428542614 0.08740633726119995 1.4506089370697737
v 0.0530228428542614 0.08740633726119995 1.4506089370697737
v 0.0530228428542614 0.08740633726119995 1.4506089370697737
v 0.0530228428542614 0.46601366996765137 1.462133564054966
v 0.0530228428542614 0.46601366996765137 1.462133564054966
v -0.619520902633667 0.46601366996765137 1.462133564054966
v -0.619520902633667 0.46601366996765137 1.462133564054966
v -0.7365590929985046 0.46601366996765137 1.462133564054966
v -0.7365590929985046 0.46601366996765137 1.462133564054966
v -0.7365590929985046 0.46601366996765137 1.462133564054966
v -0.7365590929985046 0.46601366996765137 1.462133564054966
v -0.7365590929985046 0.46601366996765137 1.462133564054966
v 0.7011052966117859 0.46601366996765137 1.462133564054966
v 0.7011052966117859 0.46601366996765137 1.462133564054966
v 0.7011052966117859 0.46601366996765137 1.462133564054966
v 0.7011052966117859 0.46601366996765137 1.462133564054966
v 0.7011052966117859 0.46601366996765137 1.462133564054966
v 0.7011052966117859 0.4806467890739441 1.462133564054966
v 0.7011052966117859 0.4806467890739441 1.462133564054966
v 0.7011052966117859 0.4806467890739441 1.462133564054966
v 0.7011052966117859 0.4806467890739441 1.462133564054966
v 0.7011052966117859 0.4806467890739441 1.462133564054966
v -0.7365590929985046 0.4806467890739441 1.462133564054966
v -0.7365590929985046 0.4806467890739441 1.462133564054966
v -0.7365590929985046 0.4806467890739441 1.462133564054966
v -0.7365590929985046 0.4806467890739441 1.462133564054966
v -0.7365590929985046 0.4806467890739441 1.462133564054966
v -0.619520902633667 0.4806467890739441 1.462133564054966
v -0.619520902633667 0.4806467890739441 1.462133564054966
v 0.0530228428542614 0.4806467890739441 1.462133564054966
v 0.0530228428542614 0.4806467890739441 1.462133564054966
v 0.7011052966117859 0.28102749586105347 1.462133564054966
v 0.7011052966117859 0.28102749586105347 1.462133564054966
v 0.7011052966117859 0.28102749586105347 1.462133564054966
v 0.7011052966117859 0.28102749586105347 1.462133564054966
v 0.7011052966117859 0.28102749586105347 1.462133564054966
v -0.7365590929985046 0.28102749586105347 1.462133564054966
v -0.7365590929985046 0.28102749586105347 1.462133564054966
v -0.7365590929985046 0.28102749586105347 1.462133564054966
v -0.7365590929985046 0.28102749586105347 1.462133564054966
v -0.7365590929985046 0.28102749586105347 1.462133564054966
v -0.7365590929985046 0.29388248920440674 1.462133564054966
v -0.7365590929985046 0.29388248920440674 1.462133564054966
v -0.7365590929985046 0.29388248920440674 1.462133564054966
v -0.7365590929985046 0.29388248920440674 1.462133564054966
v -0.7365590929985046 0.29388248920440674 1.462133564054966
v -0.619520902633667 0.28102749586105347 1.462133564054966
v -0.619520902633667 0.28102749586105347 1.462133564054966
v -0.619520902633667 0.29388248920440674 1.462133564054966
v -0.619520902633667 0.29388248920440674 1.462133564054966
v 0.0530228428542614 0.28102749586105347 1.462133564054966
v 0.0530228428542614 0.28102749586105347 1.462133564054966
v 0.0530228428542614 0.29388248920440674 1.462133564054966
v 0.0530228428542614 0.29388248920440674 1.462133564054966
v 0.7011052966117859 0.6559241414070129 1.4621335640549658
v 0.7011052966117859 0.6559241414070129 1.4621335640549658
v 0.7011052966117859 0.6559241414070129 1.4621335640549658
v 0.7011052966117859 0.6559241414070129 1.4621335640549658
v 0.7011052966117859 0.6559241414070129 1.4621335640549658
v 0.7011052966117859 0.6711258888244629 1.4621335640549658
v 0.7011052966117859 0.6711258888244629 1.4621335640549658
v 0.7011052966117859 0.6711258888244629 1.4621335640549658
v 0.7011052966117859 0.6711258888244629 1.4621335640549658
v 0.7011052966117859 0.6711258888244629 1.4621335640549658
v -0.619520902633667 0.6559241414070129 1.4621335640549658
v -0.619520902633667 0.6559241414070129 1.4621335640549658
v -0.619520902633667 0.6711258888244629 1.4621335640549658
v -0.619520902633667 0.6711258888244629 1.4621335640549658
v 0.0530228428542614 0.6559241414070129 1.4621335640549658
v 0.0530228428542614 0.6559241414070129 1.4621335640549658
v 0.0530228428542614 0.6711258888244629 1.4621335640549658
v 0.0530228428542614 0.6711258888244629 1.4621335640549658
v 0.7255666255950928 0.10784178972244263 1.4621335621923208
v 0.7255666255950928 0.10784178972244263 1.4621335621923208
v 0.7255666255950928 0.10784178972244263 1.4621335621923208
v 0.7255666255950928 0.10784178972244263 1.4621335621923208
v 0.7255666255950928 0.10784178972244263 1.4621335621923208
v -0.619520902633667 0.09567064046859741 1.462133564054966
v -0.619520902633667 0.09567064046859741 1.462133564054966
v -0.7365590929985046 0.07987013459205627 1.462133564054966
v -0.7365590929985046 0.07987013459205627 1.462133564054966
v -0.7365590929985046 0.07987013459205627 1.462133564054966
v -0.7365590929985046 0.07987013459205627 1.462133564054966
v -0.7365590929985046 0.07987013459205627 1.462133564054966
v -0.619520902633667 0.08033132553100586 1.462133564054966
v -0.619520902633667 0.08033132553100586 1.462133564054966
v 0.0530228428542614 0.10175621509552002 1.4621335621923208
v 0.0530228428542614 0.10175621509552002 1.4621335621923208
v 0.0530228428542614 0.08740633726119995 1.462133564054966
v 0.0530228428542614 0.08740633726119995 1.462133564054966
v 0.7241907119750977 0.008349925279617237 1.1043952107429504
v 0.7241907119750977 0.008349925279617237 1.1043952107429504
v -0.7365590929985046 0.008349925279617237 1.1043952107429504
v -0.7365590929985046 0.008349925279617237 1.1043952107429504
v 0.05250123143196106 0.008349925279617237 1.1043952107429504
v 0.05250123143196106 0.008349925279617237 1.1043952107429504
v 0.7006464004516602 0.8119603395462036 1.4398483764380214
v 0.7006464004516602 0.8119603395462036 1.4398483764380214
v 0.7006464004516602 0.8119603395462036 1.4398483764380214
v 0.7006464004516602 0.8189412355422974 1.4398483764380214
v 0.7006464004516602 0.8189412355422974 1.4398483764380214
v 0.7006464004516602 0.8189412355422974 1.4398483764380214
v 0.7006464004516602 0.8189412355422974 1.4398483764380214
v -0.619520902633667 0.8189412355422974 1.4398483764380214
v -0.619520902633667 0.8189412355422974 1.4398483764380214
v -0.7365590929985046 0.8189412355422974 1.4398483764380214
v -0.7365590929985046 0.8189412355422974 1.4398483764380214
v -0.7365590929985046 0.8189412355422974 1.4398483764380214
v -0.7365590929985046 0.8189412355422974 1.4398483764380214
v -0.7365590929985046 0.8119603395462036 1.4398483764380214
v -0.7365590929985046 0.8119603395462036 1.4398483764380214
v -0.7365590929985046 0.8119603395462036 1.4398483764380214
v 0.0530228428542614 0.8189412355422974 1.4398483764380214
v 0.0530228428542614 0.8189412355422974 1.4398483764380214
v -0.619520902633667 0.8119603395462036 1.4398483764380214
v -0.619520902633667 0.8119603395462036 1.4398483764380214
v 0.0530228428542614 0.8119603395462036 1.4398483764380214
v 0.0530228428542614 0.8119603395462036 1.4398483764380214
v 0.7736371755599976 0.00834992527961731 1.4314450996278865
v 0.7736371755599976 0.00834992527961731 1.4314450996278865
v 0.7736371755599976 0.00834992527961731 1.4314450996278865
v 0.7736371755599976 0.00834992527961731 1.4314450996278865
v 0.7736371755599976 0.08563166856765747 1.4314450996278865
v 0.7736371755599976 0.08563166856765747 1.4314450996278865
v 0.7736371755599976 0.10784178972244263 1.4314450996278865
v 0.7736371755599976 0.10784178972244263 1.4314450996278865
v 0.7736371755599976 0.8119603395462036 1.4314450996278862
v 0.7736371755599976 0.8119603395462036 1.4314450996278862
v 0.7736371755599976 0.8119603395462036 1.4314450996278862
v 0.7736371755599976 0.8189412355422974 1.4314450996278862
v 0.7736371755599976 0.8189412355422974 1.4314450996278862
v 0.7736371755599976 0.8189412355422974 1.4314450996278862
v -0.8143525719642639 0.8119603395462036 1.4314450996278862
v -0.8143525719642639 0.8119603395462036 1.4314450996278862
v -0.8143525719642639 0.8119603395462036 1.4314450996278862
v -0.8143525719642639 0.8189412355422974 1.4314450996278862
v -0.8143525719642639 0.8189412355422974 1.4314450996278862
v -0.8143525719642639 0.8189412355422974 1.4314450996278862
v -0.8143525719642639 0.00834992527961731 1.4314450996278865
v -0.8143525719642639 0.00834992527961731 1.4314450996278865
v -0.8143525719642639 0.00834992527961731 1.4314450996278865
v 0.7736371755599976 0.11297941207885742 1.4314450996278865
v 0.7736371755599976 0.11297941207885742 1.4314450996278865
v 0.7736371755599976 0.11297941207885742 1.4314450996278865
v -0.8143525719642639 0.11297944188117981 1.4314450996278865
v -0.8143525719642639 0.11297944188117981 1.4314450996278865
v -0.8143525719642639 0.11297944188117981 1.4314450996278865
v 0.7736371755599976 0.29388248920440674 1.4314450996278865
v 0.7736371755599976 0.29388248920440674 1.4314450996278865
v 0.7736371755599976 0.29388248920440674 1.4314450996278865
v 0.7736371755599976 0.4521004855632782 1.4314451002360524
v 0.7736371755599976 0.4521004855632782 1.4314451002360524
v 0.7736371755599976 0.4521004855632782 1.4314451002360524
v 0.7736371755599976 0.4521004855632782 1.4314451002360524
v -0.8143525719642639 0.28940653800964355 1.4314450998235362
v -0.8143525719642639 0.28940653800964355 1.4314450998235362
v -0.8143525719642639 0.28940653800964355 1.4314450998235362
v -0.8143525719642639 0.28940653800964355 1.4314450998235362
v -0.8143525719642639 0.44678470492362976 1.4314451004684123
v -0.8143525719642639 0.44678470492362976 1.4314451004684123
v -0.8143525719642639 0.44678470492362976 1.4314451004684123
v 0.7736371755599976 0.47487208247184753 1.4314450998803068
v 0.7736371755599976 0.47487208247184753 1.4314450998803068
v 0.7736371755599976 0.47487208247184753 1.4314450998803068
v 0.7736371755599976 0.47487208247184753 1.4314450998803068
v -0.8143525719642639 0.47498711943626404 1.431445099875278
v -0.8143525719642639 0.47498711943626404 1.431445099875278
v -0.8143525719642639 0.47498711943626404 1.431445099875278
v -0.8143525719642639 0.47498711943626404 1.431445099875278
v 0.7736371755599976 0.26574862003326416 1.4314451002957451
v 0.7736371755599976 0.26574862003326416 1.4314451002957451
v 0.7736371755599976 0.26574862003326416 1.4314451002957451
v 0.7736371755599976 0.26574862003326416 1.4314451002957451
v -0.8143525719642639 0.2664889693260193 1.4314451002633852
v -0.8143525719642639 0.2664889693260193 1.4314451002633852
v -0.8143525719642639 0.2664889693260193 1.4314451002633852
v -0.8143525719642639 0.2664889693260193 1.4314451002633852
v 0.7736371755599976 0.6242414712905884 1.431445101012782
v 0.7736371755599976 0.6242414712905884 1.431445101012782
v 0.7736371755599976 0.6242414712905884 1.431445101012782
v 0.7736371755599976 0.6609272360801697 1.4314451000736843
v 0.7736371755599976 0.6609272360801697 1.4314451000736843
v 0.7736371755599976 0.6609272360801697 1.4314451000736843
v 0.7736371755599976 0.6609272360801697 1.4314451000736843
v -0.8143525719642639 0.622917652130127 1.431445101070645
v -0.8143525719642639 0.622917652130127 1.431445101070645
v -0.8143525719642639 0.622917652130127 1.431445101070645
v -0.8143525719642639 0.6599152088165283 1.4314451001179227
v -0.8143525719642639 0.6599152088165283 1.4314451001179227
v -0.8143525719642639 0.6599152088165283 1.4314451001179227
v -0.8143525719642639 0.6599152088165283 1.4314451001179227
v 0.7736371755599976 0.008349925279617237 1.1043952107429504
v 0.7736371755599976 0.008349925279617237 1.1043952107429504
v 0.7736371755599976 0.008349925279617237 1.1043952107429504
v 0.7736371755599976 0.008349925279617237 1.1043952107429504
v 0.7736371755599976 0.0856316685676574 1.1043952107429504
v 0.7736371755599976 0.0856316685676574 1.1043952107429504
v 0.7736371755599976 0.10784178972244256 1.1043952107429504
v 0.7736371755599976 0.10784178972244256 1.1043952107429504
v 0.7736371755599976 0.8119603395462035 1.1043952107429502
v 0.7736371755599976 0.8119603395462035 1.1043952107429502
v 0.7736371755599976 0.8119603395462035 1.1043952107429502
v 0.7736371755599976 0.8189412355422973 1.1043952107429502
v 0.7736371755599976 0.8189412355422973 1.1043952107429502
v 0.7736371755599976 0.8189412355422973 1.1043952107429502
v -0.8143525719642639 0.8119603395462035 1.1043952107429502
v -0.8143525719642639 0.8119603395462035 1.1043952107429502
v -0.8143525719642639 0.8119603395462035 1.1043952107429502
v -0.8143525719642639 0.8189412355422973 1.1043952107429502
v -0.8143525719642639 0.8189412355422973 1.1043952107429502
v -0.8143525719642639 0.8189412355422973 1.1043952107429502
v -0.8143525719642639 0.0798701345920562 1.1043952107429504
v -0.8143525719642639 0.0798701345920562 1.1043952107429504
v -0.8143525719642639 0.09461161494255059 1.1043952107429504
v -0.8143525719642639 0.09461161494255059 1.1043952107429504
v -0.8143525719642639 0.008349925279617237 1.1043952107429504
v -0.8143525719642639 0.008349925279617237 1.1043952107429504
v -0.8143525719642639 0.008349925279617237 1.1043952107429504
v -0.8143525719642639 0.008349925279617237 1.1043952107429504
v 0.7736371755599976 0.11297941207885735 1.1043952107429504
v 0.7736371755599976 0.11297941207885735 1.1043952107429504
v 0.7736371755599976 0.11297941207885735 1.1043952107429504
v -0.8143525719642639 0.11297944188117974 1.1043952107429504
v -0.8143525719642639 0.11297944188117974 1.1043952107429504
v -0.8143525719642639 0.11297944188117974 1.1043952107429504
v -0.6360154151916504 0.008349925279617237 1.1043952107429504
v -0.6360154151916504 0.008349925279617237 1.1043952107429504
v 0.7736371755599976 0.2938824892044067 1.1043952107429504
v 0.7736371755599976 0.2938824892044067 1.1043952107429504
v 0.7736371755599976 0.2938824892044067 1.1043952107429504
v 0.7736371755599976 0.45210045576095576 1.1043952107429504
v 0.7736371755599976 0.45210045576095576 1.1043952107429504
v 0.7736371755599976 0.45210045576095576 1.1043952107429504
v -0.8143525719642639 0.2894065380096435 1.1043952107429504
v -0.8143525719642639 0.2894065380096435 1.1043952107429504
v -0.8143525719642639 0.2894065380096435 1.1043952107429504
v -0.8143525719642639 0.4467846751213073 1.1043952107429504
v -0.8143525719642639 0.4467846751213073 1.1043952107429504
v -0.8143525719642639 0.4467846751213073 1.1043952107429504
v 0.7736371755599976 0.4748720526695251 1.1043952107429504
v 0.7736371755599976 0.4748720526695251 1.1043952107429504
v 0.7736371755599976 0.4748720526695251 1.1043952107429504
v -0.8143525719642639 0.4749870896339416 1.1043952107429504
v -0.8143525719642639 0.4749870896339416 1.1043952107429504
v -0.8143525719642639 0.4749870896339416 1.1043952107429504
v 0.7736371755599976 0.2657486200332641 1.1043952107429504
v 0.7736371755599976 0.2657486200332641 1.1043952107429504
v 0.7736371755599976 0.2657486200332641 1.1043952107429504
v -0.8143525719642639 0.26648896932601923 1.1043952107429504
v -0.8143525719642639 0.26648896932601923 1.1043952107429504
v -0.8143525719642639 0.26648896932601923 1.1043952107429504
v 0.7736371755599976 0.6242414116859435 1.1043952107429504
v 0.7736371755599976 0.6242414116859435 1.1043952107429504
v 0.7736371755599976 0.6242414116859435 1.1043952107429504
v 0.7736371755599976 0.6609272360801696 1.1043952107429502
v 0.7736371755599976 0.6609272360801696 1.1043952107429502
v 0.7736371755599976 0.6609272360801696 1.1043952107429502
v -0.8143525719642639 0.6229176521301268 1.1043952107429504
v -0.8143525719642639 0.6229176521301268 1.1043952107429504
v -0.8143525719642639 0.6229176521301268 1.1043952107429504
v -0.8143525719642639 0.6599151492118834 1.1043952107429502
v -0.8143525719642639 0.6599151492118834 1.1043952107429502
v -0.8143525719642639 0.6599151492118834 1.1043952107429502
v 0.7255666255950928 0.08563166856765748 1.4629358537495136
v 0.7255666255950928 0.08563166856765748 1.4629358537495136
v 0.7255666255950928 0.08563166856765748 1.4629358537495136
v 0.7255666255950928 0.08563166856765748 1.4629358537495136
v 0.7255666255950928 0.08563166856765748 1.4629358537495136
v 0.7011052966117859 0.8119603395462036 1.4629358537495134
v 0.7011052966117859 0.8119603395462036 1.4629358537495134
v 0.7006464004516602 0.8189412355422974 1.4629358537495134
v 0.7006464004516602 0.8189412355422974 1.4629358537495134
v 0.7006464004516602 0.8189412355422974 1.4629358537495134
v 0.7006464004516602 0.8189412355422974 1.4629358537495134
v -0.7365590929985046 0.8119603395462036 1.4629358537495134
v -0.7365590929985046 0.8119603395462036 1.4629358537495134
v -0.7365590929985046 0.8189412355422974 1.4629358537495134
v -0.7365590929985046 0.8189412355422974 1.4629358537495134
v -0.7365590929985046 0.8189412355422974 1.4629358537495134
v -0.7365590929985046 0.8189412355422974 1.4629358537495134
v -0.7365590929985046 0.09461161494255067 1.4629358537495136
v -0.7365590929985046 0.09461161494255067 1.4629358537495136
v -0.7365590929985046 0.09461161494255067 1.4629358537495136
v -0.7365590929985046 0.09461161494255067 1.4629358537495136
v -0.7365590929985046 0.09461161494255067 1.4629358537495136
v 0.7255666255950928 0.008349925279617317 1.4629358500242233
v 0.7255666255950928 0.008349925279617317 1.4629358500242233
v 0.7255666255950928 0.008349925279617317 1.4629358500242233
v -0.7365590929985046 0.008349925279617317 1.4629358500242233
v -0.7365590929985046 0.008349925279617317 1.4629358500242233
v -0.7365590929985046 0.008349925279617317 1.4629358500242233
v 0.7011052966117859 0.11297941207885744 1.4629358537495136
v 0.7011052966117859 0.11297941207885744 1.4629358537495136
v 0.7011052966117859 0.11297941207885744 1.4629358537495136
v -0.7365590929985046 0.11297944188117982 1.4629358537495136
v -0.7365590929985046 0.11297944188117982 1.4629358537495136
v 0.7011052966117859 0.29388248920440674 1.4629358537495136
v 0.7011052966117859 0.29388248920440674 1.4629358537495136
v 0.7011052966117859 0.29388248920440674 1.4629358537495136
v 0.7011052966117859 0.29388248920440674 1.4629358537495136
v 0.7011052966117859 0.29388248920440674 1.4629358537495136
v -0.7365590929985046 0.6559241414070129 1.4629358537495134
v -0.7365590929985046 0.6559241414070129 1.4629358537495134
v -0.7365590929985046 0.6559241414070129 1.4629358537495134
v -0.7365590929985046 0.6559241414070129 1.4629358537495134
v -0.7365590929985046 0.6711258888244629 1.4629358537495134
v -0.7365590929985046 0.6711258888244629 1.4629358537495134
v -0.7365590929985046 0.6711258888244629 1.4629358537495134
v -0.7365590929985046 0.6711258888244629 1.4629358537495134
v 0.7736371755599976 0.46601366996765137 1.4629358537495136
v 0.7736371755599976 0.46601366996765137 1.4629358537495136
v -0.8143525719642639 0.8189412355422974 1.4629358537495134
v -0.8143525719642639 0.8189412355422974 1.4629358537495134
v -0.8143525719642639 0.8189412355422974 1.4629358537495134
v -0.8143525719642639 0.8189412355422974 1.4629358537495134
v -0.8143525719642639 0.09461161494255067 1.4629358537495136
v -0.8143525719642639 0.09461161494255067 1.4629358537495136
v -0.8143525719642639 0.11297944188117982 1.4629358537495136
v -0.8143525719642639 0.11297944188117982 1.4629358537495136
v -0.8143525719642639 0.11297944188117982 1.4629358537495136
v 0.7736371755599976 0.11297941207885744 1.4629358537495136
v 0.7736371755599976 0.11297941207885744 1.4629358537495136
v 0.7736371755599976 0.10784178972244264 1.4629358537495136
v 0.7736371755599976 0.10784178972244264 1.4629358537495136
v -0.8143525719642639 0.008349925279617317 1.4629358500242233
v -0.8143525719642639 0.008349925279617317 1.4629358500242233
v -0.8143525719642639 0.008349925279617317 1.4629358500242233
v -0.8143525719642639 0.07987013459205629 1.4629358537495136
v -0.8143525719642639 0.07987013459205629 1.4629358537495136
v -0.8143525719642639 0.6559241414070129 1.4629358537495134
v -0.8143525719642639 0.6559241414070129 1.4629358537495134
v -0.8143525719642639 0.6711258888244629 1.4629358537495134
v -0.8143525719642639 0.6711258888244629 1.4629358537495134
v 0.7736371755599976 0.08563166856765748 1.4629358537495136
v 0.7736371755599976 0.08563166856765748 1.4629358537495136
v 0.7736371755599976 0.008349925279617317 1.4629358500242233
v 0.7736371755599976 0.008349925279617317 1.4629358500242233
v 0.7736371755599976 0.008349925279617317 1.4629358500242233
v 0.7736371755599976 0.6711258888244629 1.4629358537495134
v 0.7736371755599976 0.6711258888244629 1.4629358537495134
v 0.7736371755599976 0.6559242010116577 1.4629358537495134
v 0.7736371755599976 0.6559242010116577 1.4629358537495134
v 0.7736371755599976 0.8119603395462036 1.4629358537495134
v 0.7736371755599976 0.8119603395462036 1.4629358537495134
v 0.7736371755599976 0.8189412355422974 1.4629358537495134
v 0.7736371755599976 0.8189412355422974 1.4629358537495134
v 0.7736371755599976 0.8189412355422974 1.4629358537495134
v 0.7736371755599976 0.8189412355422974 1.4629358537495134
v -0.8143525719642639 0.8119603395462036 1.4629358537495134
v -0.8143525719642639 0.8119603395462036 1.4629358537495134
v 0.7736371755599976 0.29388248920440674 1.4629358537495136
v 0.7736371755599976 0.29388248920440674 1.4629358537495136
v -0.8143525719642639 0.29388248920440674 1.4629358537495136
v -0.8143525719642639 0.29388248920440674 1.4629358537495136
v -0.8143525719642639 0.46601366996765137 1.4629358537495136
v -0.8143525719642639 0.46601366996765137 1.4629358537495136
v 0.7736371755599976 0.4806467890739441 1.4629358537495136
v 0.7736371755599976 0.4806467890739441 1.4629358537495136
v -0.8143525719642639 0.4806467890739441 1.4629358537495136
v -0.8143525719642639 0.4806467890739441 1.4629358537495136
v 0.7736371755599976 0.28102749586105347 1.4629358537495136
v 0.7736371755599976 0.28102749586105347 1.4629358537495136
v -0.8143525719642639 0.28102749586105347 1.4629358537495136
v -0.8143525719642639 0.28102749586105347 1.4629358537495136
v 0.7736371755599976 0.6559242010116577 1.45061750523746
v 0.7736371755599976 0.6711258888244629 1.45061750523746
v 0.7736371755599976 0.008349925279617313 1.4506175071001053
v 0.7736371755599976 0.008349925279617313 1.4506175071001053
v 0.7736371755599976 0.08563166856765747 1.4506175052374601
v 0.7736371755599976 0.11297941207885742 1.4506175052374601
v 0.7736371755599976 0.10784178972244263 1.4506175052374601
v 0.7006464004516602 0.8189412355422974 1.45061750523746
v 0.7006464004516602 0.8189412355422974 1.45061750523746
v 0.7736371755599976 0.8189412355422974 1.45061750523746
v 0.7736371755599976 0.8189412355422974 1.45061750523746
v 0.7011052966117859 0.8119603395462036 1.45061750523746
v 0.7736371755599976 0.4806467890739441 1.4506175052374601
v 0.7736371755599976 0.8119603395462036 1.45061750523746
v 0.7736371755599976 0.46601366996765137 1.4506175052374601
v 0.7736371755599976 0.29388248920440674 1.4506175052374601
v 0.7736371755599976 0.28102749586105347 1.4506175052374601
v 0.7011052966117859 0.11297941207885742 1.4506175052374601
v 0.7011052966117859 0.11297941207885742 1.4506175052374601
v 0.7736371755599976 0.3003125786781311 1.418153576552868
v 0.7736371755599976 0.3003125786781311 1.418153576552868
v 0.7736371755599976 0.3003125786781311 1.418153576552868
v 0.7736371755599976 0.44567039608955383 1.418153576552868
v 0.7736371755599976 0.44567039608955383 1.418153576552868
v 0.7736371755599976 0.44567039608955383 1.418153576552868
v 0.7736371755599976 0.11918807029724121 1.418153576552868
v 0.7736371755599976 0.11918807029724121 1.418153576552868
v 0.7736371755599976 0.11918807029724121 1.418153576552868
v 0.7736371755599976 0.25953999161720276 1.418153576552868
v 0.7736371755599976 0.25953999161720276 1.418153576552868
v 0.7736371755599976 0.25953999161720276 1.418153576552868
v 0.7736371755599976 0.4809425473213196 1.418153576552868
v 0.7736371755599976 0.4809425473213196 1.418153576552868
v 0.7736371755599976 0.4809425473213196 1.418153576552868
v 0.7736371755599976 0.618170976638794 1.4181535765528677
v 0.7736371755599976 0.618170976638794 1.4181535765528677
v 0.7736371755599976 0.618170976638794 1.4181535765528677
v 0.7736371755599976 0.6670653223991394 1.4181535765528677
v 0.7736371755599976 0.6670653223991394 1.4181535765528677
v 0.7736371755599976 0.6670653223991394 1.4181535765528677
v 0.7736371755599976 0.8058222532272339 1.4181535765528677
v 0.7736371755599976 0.8058222532272339 1.4181535765528677
v 0.7736371755599976 0.8058222532272339 1.4181535765528677
v 0.7736371755599976 0.30031254887580866 1.1176867187023163
v 0.7736371755599976 0.30031254887580866 1.1176867187023163
v 0.7736371755599976 0.30031254887580866 1.1176867187023163
v 0.7736371755599976 0.4456703662872314 1.1176867187023163
v 0.7736371755599976 0.4456703662872314 1.1176867187023163
v 0.7736371755599976 0.4456703662872314 1.1176867187023163
v 0.7736371755599976 0.11918807029724114 1.1176867187023163
v 0.7736371755599976 0.11918807029724114 1.1176867187023163
v 0.7736371755599976 0.11918807029724114 1.1176867187023163
v 0.7736371755599976 0.2595399618148803 1.1176867187023163
v 0.7736371755599976 0.2595399618148803 1.1176867187023163
v 0.7736371755599976 0.2595399618148803 1.1176867187023163
v 0.7736371755599976 0.4809425473213195 1.1176867187023163
v 0.7736371755599976 0.4809425473213195 1.1176867187023163
v 0.7736371755599976 0.4809425473213195 1.1176867187023163
v 0.7736371755599976 0.6181709766387938 1.1176867187023163
v 0.7736371755599976 0.6181709766387938 1.1176867187023163
v 0.7736371755599976 0.6181709766387938 1.1176867187023163
v 0.7736371755599976 0.6670653223991393 1.117686718702316
v 0.7736371755599976 0.6670653223991393 1.117686718702316
v 0.7736371755599976 0.6670653223991393 1.117686718702316
v 0.7736371755599976 0.8058222532272338 1.117686718702316
v 0.7736371755599976 0.8058222532272338 1.117686718702316
v 0.7736371755599976 0.8058222532272338 1.117686718702316
v 0.7434723973274231 0.30064862966537476 1.418153576552868
v 0.7434723973274231 0.30064862966537476 1.418153576552868
v 0.7341080904006958 0.44570448994636536 1.418153576552868
v 0.7341080904006958 0.44570448994636536 1.418153576552868
v 0.7551409602165222 0.11990037560462952 1.418153576552868
v 0.7551409602165222 0.11990037560462952 1.418153576552868
v 0.7460991144180298 0.25996074080467224 1.418153576552868
v 0.7460991144180298 0.25996074080467224 1.418153576552868
v 0.7318357229232788 0.48090338706970215 1.418153576552868
v 0.7318357229232788 0.48090338706970215 1.418153576552868
v 0.7229951024055481 0.6178467869758606 1.4181535765528677
v 0.7229951024055481 0.6178467869758606 1.4181535765528677
v 0.7198452353477478 0.6666395664215088 1.4181535765528677
v 0.7198452353477478 0.6666395664215088 1.4181535765528677
v 0.7109060883522034 0.8051081895828247 1.4181535765528677
v 0.7109060883522034 0.8051081895828247 1.4181535765528677
v 0.7434723973274231 0.3006485998630523 1.1176867187023163
v 0.7434723973274231 0.3006485998630523 1.1176867187023163
v 0.7341080904006958 0.4457044899463653 1.1176867187023163
v 0.7341080904006958 0.4457044899463653 1.1176867187023163
v 0.7551409602165222 0.11990037560462945 1.1176867187023163
v 0.7551409602165222 0.11990037560462945 1.1176867187023163
v 0.7460991144180298 0.2599607110023498 1.1176867187023163
v 0.7460991144180298 0.2599607110023498 1.1176867187023163
v 0.7318357229232788 0.4809033870697021 1.1176867187023163
v 0.7318357229232788 0.4809033870697021 1.1176867187023163
v 0.7229951024055481 0.6178467273712157 1.1176867187023163
v 0.7229951024055481 0.6178467273712157 1.1176867187023163
v 0.7198452353477478 0.6666395068168639 1.117686718702316
v 0.7198452353477478 0.6666395068168639 1.117686718702316
v 0.7109060883522034 0.8051081895828246 1.117686718702316
v 0.7109060883522034 0.8051081895828246 1.117686718702316
v -0.8143525719642639 0.09461161494255066 1.4313862363160297
v -0.8143525719642639 0.07987013459205627 1.4313862363160297
v -0.8143525719642639 0.2944694757461548 1.4209237322211266
v -0.8143525719642639 0.2944694757461548 1.4209237322211266
v -0.8143525719642639 0.2944694757461548 1.4209237322211266
v -0.8143525719642639 0.44172176718711853 1.4209237322211266
v -0.8143525719642639 0.44172176718711853 1.4209237322211266
v -0.8143525719642639 0.44172176718711853 1.4209237322211266
v -0.8143525719642639 0.11791792511940002 1.4209237322211266
v -0.8143525719642639 0.11791792511940002 1.4209237322211266
v -0.8143525719642639 0.11791792511940002 1.4209237322211266
v -0.8143525719642639 0.2615504860877991 1.4209237322211266
v -0.8143525719642639 0.2615504860877991 1.4209237322211266
v -0.8143525719642639 0.2615504860877991 1.4209237322211266
v -0.8143525719642639 0.47974613308906555 1.4209237322211266
v -0.8143525719642639 0.47974613308906555 1.4209237322211266
v -0.8143525719642639 0.47974613308906555 1.4209237322211266
v -0.8143525719642639 0.6181586384773254 1.4209237322211263
v -0.8143525719642639 0.6181586384773254 1.4209237322211263
v -0.8143525719642639 0.6181586384773254 1.4209237322211263
v -0.8143525719642639 0.6648065447807312 1.4209237322211263
v -0.8143525719642639 0.6648065447807312 1.4209237322211263
v -0.8143525719642639 0.6648065447807312 1.4209237322211263
v -0.8143525719642639 0.807068943977356 1.4209237322211263
v -0.8143525719642639 0.807068943977356 1.4209237322211263
v -0.8143525719642639 0.807068943977356 1.4209237322211263
v -0.8143525719642639 0.29446947574615473 1.11491659283638
v -0.8143525719642639 0.29446947574615473 1.11491659283638
v -0.8143525719642639 0.29446947574615473 1.11491659283638
v -0.8143525719642639 0.4417217373847961 1.11491659283638
v -0.8143525719642639 0.4417217373847961 1.11491659283638
v -0.8143525719642639 0.4417217373847961 1.11491659283638
v -0.8143525719642639 0.11791792511939996 1.11491659283638
v -0.8143525719642639 0.11791792511939996 1.11491659283638
v -0.8143525719642639 0.11791792511939996 1.11491659283638
v -0.8143525719642639 0.261550486087799 1.11491659283638
v -0.8143525719642639 0.261550486087799 1.11491659283638
v -0.8143525719642639 0.261550486087799 1.11491659283638
v -0.8143525719642639 0.4797461032867431 1.11491659283638
v -0.8143525719642639 0.4797461032867431 1.11491659283638
v -0.8143525719642639 0.4797461032867431 1.11491659283638
v -0.8143525719642639 0.6181586384773253 1.11491659283638
v -0.8143525719642639 0.6181586384773253 1.11491659283638
v -0.8143525719642639 0.6181586384773253 1.11491659283638
v -0.8143525719642639 0.6648064851760863 1.1149165928363798
v -0.8143525719642639 0.6648064851760863 1.1149165928363798
v -0.8143525719642639 0.6648064851760863 1.1149165928363798
v -0.8143525719642639 0.8070689439773558 1.1149165928363798
v -0.8143525719642639 0.8070689439773558 1.1149165928363798
v -0.8143525719642639 0.8070689439773558 1.1149165928363798
v -0.8010811805725098 0.2954503297805786 1.4209237322211266
v -0.8010811805725098 0.2954503297805786 1.4209237322211266
v -0.7771251201629639 0.4407408833503723 1.4209237322211266
v -0.7771251201629639 0.4407408833503723 1.4209237322211266
v -0.8007867336273193 0.11887466907501221 1.4209237322211266
v -0.8007867336273193 0.11887466907501221 1.4209237322211266
v -0.7774195671081543 0.2605937123298645 1.4209237322211266
v -0.7774195671081543 0.2605937123298645 1.4209237322211266
v -0.8003621101379395 0.4806681275367737 1.4209237322211266
v -0.8003621101379395 0.4806681275367737 1.4209237322211266
v -0.7778441905975342 0.6172366738319397 1.4209237322211263
v -0.7778441905975342 0.6172366738319397 1.4209237322211263
v -0.8006752729415894 0.6657541990280151 1.4209237322211263
v -0.8006752729415894 0.6657541990280151 1.4209237322211263
v -0.7775310277938843 0.8061213493347168 1.4209237322211263
v -0.7775310277938843 0.8061213493347168 1.4209237322211263
v -0.8010811805725098 0.29545032978057856 1.11491659283638
v -0.8010811805725098 0.29545032978057856 1.11491659283638
v -0.7771251201629639 0.44074088335037226 1.11491659283638
v -0.7771251201629639 0.44074088335037226 1.11491659283638
v -0.8007867336273193 0.11887466907501214 1.11491659283638
v -0.8007867336273193 0.11887466907501214 1.11491659283638
v -0.7774195671081543 0.26059371232986445 1.11491659283638
v -0.7774195671081543 0.26059371232986445 1.11491659283638
v -0.8003621101379395 0.48066809773445124 1.11491659283638
v -0.8003621101379395 0.48066809773445124 1.11491659283638
v -0.7778441905975342 0.6172366142272948 1.11491659283638
v -0.7778441905975342 0.6172366142272948 1.11491659283638
v -0.8006752729415894 0.6657541394233703 1.1149165928363798
v -0.8006752729415894 0.6657541394233703 1.1149165928363798
v -0.7775310277938843 0.8061213493347167 1.1149165928363798
v -0.7775310277938843 0.8061213493347167 1.1149165928363798
v -0.619520902633667 0.8668907284736633 1.4314450975319468
v -0.619520902633667 0.8668907284736633 1.4314450975319468
v -0.7365590929985046 0.8668907284736633 1.4314450975319468
v -0.7365590929985046 0.8668907284736633 1.4314450975319468
v -0.7365590929985046 0.8668907284736633 1.4314450975319468
v -0.7365590929985046 0.8668907284736633 1.4314450975319468
v -0.7365590929985046 0.8668907284736633 1.4314450975319468
v 0.0530228428542614 0.8668907284736633 1.4314450975319468
v 0.0530228428542614 0.8668907284736633 1.4314450975319468
v -0.7365590929985046 0.8668907284736633 1.4398483745753763
v -0.7365590929985046 0.8668907284736633 1.4398483745753763
v -0.7365590929985046 0.8668907284736633 1.4398483745753763
v 0.7006464004516602 0.8668907284736633 1.4314450975319468
v 0.7006464004516602 0.8668907284736633 1.4314450975319468
v 0.7006464004516602 0.8668907284736633 1.4314450975319468
v 0.7006464004516602 0.8668907284736633 1.4314450975319468
v 0.7006464004516602 0.8668907284736633 1.4314450975319468
v -0.619520902633667 0.8668907284736632 1.1043952107429502
v -0.619520902633667 0.8668907284736632 1.1043952107429502
v -0.7365590929985046 0.8668907284736632 1.1043952107429502
v -0.7365590929985046 0.8668907284736632 1.1043952107429502
v 0.05250123143196106 0.8668907284736632 1.1043952107429502
v 0.05250123143196106 0.8668907284736632 1.1043952107429502
v 0.7006464004516602 0.8668907284736632 1.1043952107429502
v 0.7006464004516602 0.8668907284736632 1.1043952107429502
v -0.8143525719642639 0.8668907284736633 1.4314450975319468
v -0.8143525719642639 0.8668907284736633 1.4314450975319468
v -0.8143525719642639 0.8668907284736633 1.4314450975319468
v -0.8143525719642639 0.8668907284736632 1.1043952107429502
v -0.8143525719642639 0.8668907284736632 1.1043952107429502
v -0.8143525719642639 0.8668907284736632 1.1043952107429502
v -0.8143525719642639 0.8668907284736632 1.1043952107429502
v 0.7736371755599976 0.8668907284736632 1.1043952107429502
v 0.7736371755599976 0.8668907284736632 1.1043952107429502
v 0.7736371755599976 0.8668907284736632 1.1043952107429502
v 0.7736371755599976 0.8668907284736632 1.1043952107429502
v -0.619520902633667 0.8668907284736633 1.4398483745753763
v -0.619520902633667 0.8668907284736633 1.4398483745753763
v 0.0530228428542614 0.8668907284736633 1.4398483745753763
v 0.0530228428542614 0.8668907284736633 1.4398483745753763
v 0.7006464004516602 0.8668907284736633 1.4398483745753763
v 0.7006464004516602 0.8668907284736633 1.4398483745753763
v 0.7006464004516602 0.8668907284736633 1.4398483745753763
v 0.7736371755599976 0.8668907284736633 1.4314450975319468
v 0.7736371755599976 0.8668907284736633 1.4314450975319468
v 0.7736371755599976 0.8668907284736633 1.4314450975319468
v -0.8143525719642639 0.8668907284736633 1.462935850024223
v -0.8143525719642639 0.8668907284736633 1.462935850024223
v -0.8143525719642639 0.8668907284736633 1.462935850024223
v -0.7365590929985046 0.8668907284736633 1.462935850024223
v -0.7365590929985046 0.8668907284736633 1.462935850024223
v -0.7365590929985046 0.8668907284736633 1.462935850024223
v 0.7736371755599976 0.8668907284736633 1.462935850024223
v 0.7736371755599976 0.8668907284736633 1.462935850024223
v 0.7736371755599976 0.8668907284736633 1.462935850024223
v 0.7006464004516602 0.8668907284736633 1.462935850024223
v 0.7006464004516602 0.8668907284736633 1.462935850024223
v 0.7006464004516602 0.8668907284736633 1.462935850024223
v 0.7006464004516602 0.8668907284736633 1.45061750523746
v 0.7006464004516602 0.8668907284736633 1.45061750523746
v 0.7736371755599976 0.8668907284736633 1.45061750523746
v 0.7736371755599976 0.8668907284736633 1.45061750523746
v -0.619520902633667 0.8668907284736632 1.0679942369461057
v -0.619520902633667 0.8668907284736632 1.0679942369461057
v -0.619520902633667 0.8189412355422973 1.0679942369461057
v -0.7365590929985046 0.8189412355422973 1.0679942369461057
v -0.7365590929985046 0.8668907284736632 1.0679942369461057
v -0.7365590929985046 0.8668907284736632 1.0679942369461057
v 0.05250123143196106 0.008349925279617228 1.067994236946106
v 0.05250123143196106 0.008349925279617228 1.067994236946106
v 0.7241907119750977 0.008349925279617228 1.067994236946106
v 0.7241907119750977 0.008349925279617228 1.067994236946106
v 0.7255666255950928 0.08563166856765739 1.067994236946106
v 0.7255666255950928 0.10784178972244254 1.067994236946106
v 0.7255666255950928 0.10784178972244254 1.067994236946106
v 0.7255666255950928 0.8119603395462035 1.0679942369461057
v 0.7006464004516602 0.8189412355422973 1.0679942369461057
v -0.7365590929985046 0.8119603395462035 1.0679942369461057
v -0.7365590929985046 0.07987013459205619 1.067994236946106
v -0.7365590929985046 0.09461161494255058 1.067994236946106
v -0.7365590929985046 0.008349925279617228 1.067994236946106
v -0.7365590929985046 0.008349925279617228 1.067994236946106
v 0.7255666255950928 0.11297941207885734 1.067994236946106
v 0.7255666255950928 0.11297941207885734 1.067994236946106
v -0.7365590929985046 0.11297944188117973 1.067994236946106
v 0.05250123143196106 0.08563166856765739 1.067994236946106
v 0.05250123143196106 0.8189412355422973 1.0679942369461057
v 0.7255666255950928 0.2938824892044067 1.067994236946106
v 0.7255666255950928 0.4660136699676513 1.067994236946106
v -0.7365590929985046 0.2938824892044067 1.067994236946106
v -0.7365590929985046 0.4660136699676513 1.067994236946106
v 0.7255666255950928 0.48064675927162165 1.067994236946106
v -0.7365590929985046 0.48064675927162165 1.067994236946106
v 0.7255666255950928 0.281027466058731 1.067994236946106
v -0.7365590929985046 0.281027466058731 1.067994236946106
v 0.7255666255950928 0.6559241414070128 1.0679942369461057
v 0.7255666255950928 0.6711258888244628 1.0679942369461057
v -0.7365590929985046 0.6559241414070128 1.0679942369461057
v -0.7365590929985046 0.6711258888244628 1.0679942369461057
v -0.8143525719642639 0.8189412355422973 1.0679942369461057
v -0.8143525719642639 0.8189412355422973 1.0679942369461057
v 0.7736371755599976 0.8189412355422973 1.0679942369461057
v 0.7736371755599976 0.8189412355422973 1.0679942369461057
v 0.7736371755599976 0.08563166856765739 1.067994236946106
v 0.7736371755599976 0.08563166856765739 1.067994236946106
v 0.7736371755599976 0.10784178972244254 1.067994236946106
v 0.7736371755599976 0.10784178972244254 1.067994236946106
v 0.7736371755599976 0.10784178972244254 1.067994236946106
v -0.8143525719642639 0.8119603395462035 1.0679942369461057
v -0.8143525719642639 0.8119603395462035 1.0679942369461057
v -0.8143525719642639 0.6599151492118834 1.0679942369461057
v -0.8143525719642639 0.6599151492118834 1.0679942369461057
v 0.7736371755599976 0.008349925279617228 1.067994236946106
v 0.7736371755599976 0.008349925279617228 1.067994236946106
v 0.7736371755599976 0.008349925279617228 1.067994236946106
v 0.7736371755599976 0.6609272360801696 1.0679942369461057
v 0.7736371755599976 0.6609272360801696 1.0679942369461057
v 0.7736371755599976 0.8119603395462035 1.0679942369461057
v 0.7736371755599976 0.8119603395462035 1.0679942369461057
v -0.8143525719642639 0.07987013459205619 1.067994236946106
v -0.8143525719642639 0.07987013459205619 1.067994236946106
v -0.8143525719642639 0.09461161494255058 1.067994236946106
v -0.8143525719642639 0.09461161494255058 1.067994236946106
v -0.8143525719642639 0.008349925279617228 1.067994236946106
v -0.8143525719642639 0.008349925279617228 1.067994236946106
v -0.8143525719642639 0.008349925279617228 1.067994236946106
v 0.7736371755599976 0.11297941207885734 1.067994236946106
v 0.7736371755599976 0.11297941207885734 1.067994236946106
v 0.7736371755599976 0.11297941207885734 1.067994236946106
v -0.8143525719642639 0.11297944188117973 1.067994236946106
v -0.8143525719642639 0.11297944188117973 1.067994236946106
v 0.7736371755599976 0.2938824892044067 1.067994236946106
v 0.7736371755599976 0.2938824892044067 1.067994236946106
v 0.7736371755599976 0.45210045576095576 1.067994236946106
v 0.7736371755599976 0.45210045576095576 1.067994236946106
v -0.8143525719642639 0.2894065380096435 1.067994236946106
v -0.8143525719642639 0.2894065380096435 1.067994236946106
v -0.8143525719642639 0.4467846751213073 1.067994236946106
v -0.8143525719642639 0.4467846751213073 1.067994236946106
v 0.7736371755599976 0.4748720526695251 1.067994236946106
v 0.7736371755599976 0.4748720526695251 1.067994236946106
v -0.8143525719642639 0.4749870896339416 1.067994236946106
v -0.8143525719642639 0.4749870896339416 1.067994236946106
v 0.7736371755599976 0.2657486200332641 1.067994236946106
v 0.7736371755599976 0.2657486200332641 1.067994236946106
v -0.8143525719642639 0.26648896932601923 1.067994236946106
v -0.8143525719642639 0.26648896932601923 1.067994236946106
v 0.7736371755599976 0.6242414116859435 1.067994236946106
v 0.7736371755599976 0.6242414116859435 1.067994236946106
v -0.8143525719642639 0.6229176521301268 1.067994236946106
v -0.8143525719642639 0.6229176521301268 1.067994236946106
v 0.05250123143196106 0.8119603395462035 1.0679942369461057
v -0.6360154151916504 0.008349925279617228 1.067994236946106
v -0.6360154151916504 0.008349925279617228 1.067994236946106
v 0.05250123143196106 0.10784178972244254 1.067994236946106
v 0.05250123143196106 0.11297941207885734 1.067994236946106
v 0.05250123143196106 0.2938824892044067 1.067994236946106
v 0.05250123143196106 0.4660136699676513 1.067994236946106
v 0.05250123143196106 0.48064675927162165 1.067994236946106
v 0.05250123143196106 0.281027466058731 1.067994236946106
v 0.05250123143196106 0.6559241414070128 1.0679942369461057
v 0.05250123143196106 0.6711258888244628 1.0679942369461057
v -0.6332404017448425 0.07987013459205619 1.067994236946106
v -0.6332404017448425 0.09461161494255058 1.067994236946106
v -0.6332404017448425 0.11297944188117973 1.067994236946106
v -0.6332404017448425 0.2938824892044067 1.067994236946106
v -0.6332404017448425 0.4660136699676513 1.067994236946106
v -0.6332404017448425 0.48064675927162165 1.067994236946106
v -0.6332404017448425 0.281027466058731 1.067994236946106
v -0.6332404017448425 0.6559241414070128 1.0679942369461057
v -0.6332404017448425 0.6711258888244628 1.0679942369461057
v -0.6332404017448425 0.8119603395462035 1.0679942369461057
v 0.05250123143196106 0.8668907284736632 1.0679942369461057
v 0.05250123143196106 0.8668907284736632 1.0679942369461057
v 0.7006464004516602 0.8668907284736632 1.0679942369461057
v 0.7006464004516602 0.8668907284736632 1.0679942369461057
v -0.8143525719642639 0.8668907284736632 1.0679942369461057
v -0.8143525719642639 0.8668907284736632 1.0679942369461057
v -0.8143525719642639 0.8668907284736632 1.0679942369461057
v 0.7736371755599976 0.8668907284736632 1.0679942369461057
v 0.7736371755599976 0.8668907284736632 1.0679942369461057
v 0.7736371755599976 0.8668907284736632 1.0679942369461057
vt 0.2658521234989166 0.8549870848655701
vt 0.2658521234989166 0.8548656702041626
vt 0.6190648674964905 0.08343446254730225
vt 0 0
vt 0.2693992257118225 0.9724932312965393
vt 0.5752882361412048 0.08343446254730225
vt 0.20478396117687225 0.08296144008636475
vt 0.27412787079811096 0.970251202583313
vt 0.47487568855285645 0.08343446254730225
vt 0.4662231504917145 0.4713073968887329
vt 0.9628770351409912 0.10140055418014526
vt 0 0
vt 0.20498867332935333 0.07658201456069946
vt 0.2693394124507904 0.9711459875106812
vt 0.2746114432811737 0.9705585241317749
vt 0.5752882361412048 0.08343446254730225
vt 0.2899194359779358 0.46341991424560547
vt 0.2876037061214447 0.4712405204772949
vt 0.023601006716489792 0.08817040920257568
vt 0.473007470369339 0.08343446254730225
vt 0.2658521234989166 0.9028515815734863
vt 0.2658521234989166 0.919365644454956
vt 0.2658521234989166 0.9193578958511353
vt 0.4126015603542328 0.08343446254730225
vt 0.46055710315704346 0.08343446254730225
vt 0 0
vt 0.2658521234989166 0.8996121883392334
vt 0.2899678647518158 0.4645034074783325
vt 0.47092583775520325 0.08343446254730225
vt 0.47560110688209534 0.08343446254730225
vt 0.47560110688209534 0.08343446254730225
vt 0.9621583223342896 0.10653817653656006
vt 0.023601021617650986 0.10653817653656006
vt 0.47560110688209534 0.08343446254730225
vt 0.2658521234989166 0.9158729314804077
vt 0.2658521234989166 0.9142024517059326
vt 0.3019016683101654 0.4712458848953247
vt 0.09878677129745483 0.08922940492630005
vt 0.09872929751873016 0.10653817653656006
vt 0.2658521234989166 0.8845341205596924
vt 0.2658521234989166 0.8843090534210205
vt 0.3840625286102295 0.4712766408920288
vt 0.5308319330215454 0.09531497955322266
vt 0.5304437875747681 0.10653817653656006
vt 0.525452196598053 0.08343446254730225
vt 0.9544720649719238 0.45957237482070923
vt 0 0
vt 0 0
vt 0.03367355093359947 0.459572434425354
vt 0.525452196598053 0.08343446254730225
vt 0.10738028585910797 0.45957231521606445
vt 0.5309261679649353 0.459572434425354
vt 0.5275185108184814 0.08343446254730225
vt 0.2876034080982208 0.46560990810394287
vt 0 0
vt 0 0
vt 0.46322888135910034 0.46559202671051025
vt 0.5275185108184814 0.08343446254730225
vt 0.44893136620521545 0.46559345722198486
vt 0.36677321791648865 0.4656018018722534
vt 0.5011460185050964 0.08343446254730225
vt 0.2876034379005432 0.46452128887176514
vt 0 0
vt 0 0
vt 0.46322888135910034 0.4645034074783325
vt 0.5011460185050964 0.08343446254730225
vt 0.44893136620521545 0.46450483798980713
vt 0.3667733371257782 0.4645131826400757
vt 0.4993307888507843 0.08343446254730225
vt 0.9584994316101074 0.27458620071411133
vt 0 0
vt 0 0
vt 0.028395645320415497 0.2745862603187561
vt 0.4993307888507843 0.08343446254730225
vt 0.10284726321697235 0.27458620071411133
vt 0.5306733250617981 0.27458620071411133
vt 0.5544156432151794 0.08343446254730225
vt 0.2876034379005432 0.4671217203140259
vt 0 0
vt 0.46322888135910034 0.46710389852523804
vt 0.5544156432151794 0.08343446254730225
vt 0.44893136620521545 0.46710532903671265
vt 0.36677321791648865 0.4671136736869812
vt 0.5522690415382385 0.08343446254730225
vt 0.9503374099731445 0.6494829058647156
vt 0 0
vt 0.03909195959568024 0.6494829058647156
vt 0.5522690415382385 0.08343446254730225
vt 0.11203399300575256 0.6494829058647156
vt 0.5311856865882874 0.6494829058647156
vt 0.5743025541305542 0.08343446254730225
vt 0.8233885169029236 0.0852515697479248
vt 0.2202625572681427 0.07965338230133057
vt 0.2180633544921875 0.07965338230133057
vt 0.20269927382469177 0.08525168895721436
vt 0.5743025541305542 0.08343446254730225
vt 0.25322872400283813 0.08525168895721436
vt 0.5435889959335327 0.0852515697479248
vt 0.2661744952201843 0.8845341205596924
vt 0.5341033935546875 0
vt 0.46055707335472107 0.08772319555282593
vt 0.2661744952201843 0.8548656702041626
vt 0.6190648078918457 0.08772319555282593
vt 0.9628770351409912 0
vt 0 0
vt 0.47173941135406494 0.0877232551574707
vt 0.2876034379005432 0.46993136405944824
vt 0.962877094745636 0.07919043302536011
vt 0 0
vt 0.47487568855285645 0.08771657943725586
vt 0.4662228524684906 0.4705091714859009
vt 0 0
vt 0.301901251077652 0.47047364711761475
vt 0.28856733441352844 0.4634428024291992
vt 0.2876034080982208 0.47047150135040283
vt 0.2661744952201843 0.8996121883392334
vt 0.2884913384914398 0.4644678831100464
vt 0.025864027440547943 0.0734289288520813
vt 0.46621957421302795 0.46993154287338257
vt 0.2661744952201843 0.9028515815734863
vt 0.2661744952201843 0.919365644454956
vt 0.03071330115199089 0
vt 0.10086865723133087 0.0738900899887085
vt 0.45192191004753113 0.46993154287338257
vt 0.2661744952201843 0.9142024517059326
vt 0.10532975941896439 0
vt 0.3840620517730713 0.4704861640930176
vt 0.5318728089332581 0.08096516132354736
vt 0.5318728685379028 0.08096516132354736
vt 0.36976051330566406 0.46993154287338257
vt 0.5309261679649353 0.459572434425354
vt 0.5309261679649353 0.459572434425354
vt 0.10738028585910797 0.45957231521606445
vt 0.10738028585910797 0.45957231521606445
vt 0 0
vt 0.03367355093359947 0.459572434425354
vt 0.03367355093359947 0.459572434425354
vt 0.2657521069049835 0.919365644454956
vt 0.525452196598053 0.09047877788543701
vt 0.525452196598053 0.09047877788543701
vt 0.2657521069049835 0.8548656702041626
vt 0.9544720649719238 0.45957237482070923
vt 0.9544720649719238 0.45957237482070923
vt 0 0
vt 0.5275185108184814 0.09047877788543701
vt 0.2659982740879059 0.8548656702041626
vt 0.28760528564453125 0.46710389852523804
vt 0.9541535377502441 0.47420549392700195
vt 0 0
vt 0 0
vt 0.4632307291030884 0.4670860767364502
vt 0.034091055393218994 0.47420555353164673
vt 0.2659982740879059 0.919365644454956
vt 0.5275185108184814 0.09047877788543701
vt 0.4489332139492035 0.4670875072479248
vt 0.10773886740207672 0.4742054343223572
vt 0.36677518486976624 0.46709585189819336
vt 0.5309461951255798 0.47420555353164673
vt 0.4993307888507843 0.09047877788543701
vt 0.2626402676105499 0.8548656702041626
vt 0.9584994316101074 0.27458620071411133
vt 0.9584994316101074 0.27458620071411133
vt 0 0
vt 0 0
vt 0.028395645320415497 0.2745862603187561
vt 0.028395645320415497 0.2745862603187561
vt 0.2626402676105499 0.919365644454956
vt 0.4993307888507843 0.09047877788543701
vt 0 0
vt 0.46323058009147644 0.46553903818130493
vt 0.028762415051460266 0.2874412536621094
vt 0.2628565728664398 0.919365644454956
vt 0.5011460185050964 0.09047877788543701
vt 0.10284726321697235 0.27458620071411133
vt 0.10284726321697235 0.27458620071411133
vt 0.44893309473991394 0.4655405282974243
vt 0.10316227376461029 0.2874411940574646
vt 0.5306733250617981 0.27458620071411133
vt 0.5306733250617981 0.27458620071411133
vt 0.5306909084320068 0.2874412536621094
vt 0.3667750656604767 0.46554887294769287
vt 0.5522690415382385 0.09047877788543701
vt 0.2689467668533325 0.8548656702041626
vt 0.9503374099731445 0.6494829058647156
vt 0.9503374099731445 0.6494829058647156
vt 0 0
vt 0.5544156432151794 0.09047877788543701
vt 0.26920247077941895 0.8548656702041626
vt 0.2876047194004059 0.4693726897239685
vt 0.950006365776062 0.6646845936775208
vt 0 0
vt 0.11203399300575256 0.6494829058647156
vt 0.11203399300575256 0.6494829058647156
vt 0.4489326477050781 0.4693562984466553
vt 0.11240650713443756 0.6646846532821655
vt 0.5311856865882874 0.6494829058647156
vt 0.5311856865882874 0.6494829058647156
vt 0.3667745590209961 0.46936464309692383
vt 0.5312064290046692 0.6646846532821655
vt 0.47487568855285645 0.09047877788543701
vt 0.4662228524684906 0.46999382972717285
vt 0.25972694158554077 0.8548656702041626
vt 0.9628768563270569 0.10140055418014526
vt 0 0
vt 0.301901251077652 0.46996885538101196
vt 0.09878677129745483 0.08922940492630005
vt 0.2876034379005432 0.4644465446472168
vt 0.025864025577902794 0.0734289288520813
vt 0.46621957421302795 0.4694252014160156
vt 0.25925642251968384 0.919365644454956
vt 0.47092583775520325 0.09047877788543701
vt 0.10086865723133087 0.0738900899887085
vt 0.45192191004753113 0.4694252014160156
vt 0.3840620517730713 0.4699813723564148
vt 0.5308318138122559 0.09531497955322266
vt 0.5318728089332581 0.08096516132354736
vt 0.36976051330566406 0.4694252014160156
vt 0.2587975859642029 0.8549870252609253
vt 0.25886306166648865 0.8444663882255554
vt 0.25879761576652527 0.9193578958511353
vt 0.25886306166648865 0.9189740419387817
vt 0.25886306166648865 0.8787268400192261
vt 0.2603504955768585 0.8843090534210205
vt 0.8339492678642273 0.10053575038909912
vt 0.9653141498565674 0.08200013637542725
vt 0.20321285724639893 0.07965338230133057
vt 0.27009519934654236 0.9881675839424133
vt 0.9651620984077454 0.088981032371521
vt 0.20269927382469177 0.0823659896850586
vt 0.27414384484291077 0.9706106185913086
vt 0.1344025433063507 0.088981032371521
vt 0.3595627546310425 0.9781985282897949
vt 0.20269927382469177 0.07664048671722412
vt 0.269323468208313 0.9707865715026855
vt 0.062116943299770355 0.088981032371521
vt 0.3674943745136261 0.9773147702217102
vt 0.20277617871761322 0.07965338230133057
vt 0.20269927382469177 0.10053586959838867
vt 0.0619177408516407 0.0820002555847168
vt 0.31398454308509827 0.9832772016525269
vt 0.5497822761535645 0.088981032371521
vt 0.25322872400283813 0.10053586959838867
vt 0.13423147797584534 0.08200013637542725
vt 0.5435889959335327 0.10053575038909912
vt 0.5497727394104004 0.08200013637542725
vt 0.2658521234989166 0.8527451753616333
vt 0.6258528232574463 0.08343446254730225
vt 0.4407283067703247 0.004166007041931152
vt 0.46055710315704346 0.08343446254730225
vt 0.4407283067703247 0.05732917785644531
vt 0.47173938155174255 0.08343446254730225
vt 0.4407283067703247 0.07260787487030029
vt 0.47487568855285645 0.08343446254730225
vt 0.26447924971580505 0.8533508777618408
vt 0.2658521234989166 0.8673169612884521
vt 0.5743025541305542 0.08343446254730225
vt 0.2658521234989166 0.8670090436935425
vt 0.2708810269832611 0.9753758907318115
vt 0.5752882361412048 0.08343446254730225
vt 0.2658521234989166 0.8673169612884521
vt 0.2718571126461029 0.8594403266906738
vt 0.5743025541305542 0.08343446254730225
vt 0.2658521234989166 0.8670090436935425
vt 0.27130767703056335 0.9849846959114075
vt 0.5752882361412048 0.08343446254730225
vt 0.2565493881702423 0.8557977676391602
vt 0.2658521234989166 0.9213657379150391
vt 0.406199187040329 0.08343446254730225
vt 0.26447924971580505 0.8533508777618408
vt 0.4407283067703247 0.07614201307296753
vt 0.47560110688209534 0.08343446254730225
vt 0.256775826215744 0.8594403266906738
vt 0.2686346173286438 0.8557977676391602
vt 0.47560110688209534 0.08343446254730225
vt 0.2547398805618286 0.8533508777618408
vt 0.5011460185050964 0.08343446254730225
vt 0.7347678542137146 0.29071128368377686
vt 0.24465312063694 0.8533508777618408
vt 0.5234874486923218 0.08343446254730225
vt 0.5234875679016113 0.08343446254730225
vt 0.7347679138183594 0.4520242214202881
vt 0.24900808930397034 0.8594403266906738
vt 0.25081220269203186 0.2861477732658386
vt 0.5005139708518982 0.08343446254730225
vt 0.500514030456543 0.08343446254730225
vt 0.25081223249435425 0.44660449028015137
vt 0.256775826215744 0.8594403266906738
vt 0.5227369070053101 0.08343446254730225
vt 0.2836305797100067 0.8533508777618408
vt 0.5267030596733093 0.08343446254730225
vt 0.5267031192779541 0.08343446254730225
vt 0.7347677946090698 0.47524118423461914
vt 0.25081220269203186 0.4753584861755371
vt 0.2718571126461029 0.8594403266906738
vt 0.526719331741333 0.08343446254730225
vt 0.5267193913459778 0.08343446254730225
vt 0.2547398805618286 0.8533508777618408
vt 0.4971731901168823 0.08343446254730225
vt 0.4971733093261719 0.08343446254730225
vt 0.7347679138183594 0.2620270252227783
vt 0.2508121728897095 0.2627817392349243
vt 0.26435256004333496 0.8594403266906738
vt 0.49727779626846313 0.08343446254730225
vt 0.4972778558731079 0.08343446254730225
vt 0.274107962846756 0.8533508777618408
vt 0.5477951765060425 0.08343446254730225
vt 0.7347679138183594 0.6275322437286377
vt 0.274107962846756 0.8533508777618408
vt 0.5529754757881165 0.08343446254730225
vt 0.552975594997406 0.08343446254730225
vt 0.7347678542137146 0.6649357676506042
vt 0.2508121430873871 0.6261828541755676
vt 0.27915847301483154 0.8594403266906738
vt 0.5476082563400269 0.08343446254730225
vt 0.25081220269203186 0.6639039516448975
vt 0.26435256004333496 0.8594403266906738
vt 0.5528326034545898 0.08343446254730225
vt 0.5528326630592346 0.08343446254730225
vt 0.25886306166648865 0.8419442772865295
vt 0.2603504955768585 0.8527451753616333
vt 0.2579289972782135 0.9229419827461243
vt 0.5827484726905823 0.004166007041931152
vt 0.2579289972782135 0.9190001487731934
vt 0.5827484726905823 0.05732905864715576
vt 0.2579289972782135 0.9178673028945923
vt 0.5827484726905823 0.07260775566101074
vt 0.2579289972782135 0.8819527626037598
vt 0.2603504955768585 0.8673169612884521
vt 0.26447924971580505 0.8863808512687683
vt 0.2579289972782135 0.8815966248512268
vt 0.2603504955768585 0.8670090436935425
vt 0.2848721444606781 0.9738169312477112
vt 0.25839611887931824 0.920140266418457
vt 0.2603504955768585 0.8673169612884521
vt 0.2718571126461029 0.885012149810791
vt 0.25839611887931824 0.9204962849617004
vt 0.2603504955768585 0.8670090436935425
vt 0.28529879450798035 0.9834256768226624
vt 0.25839611887931824 0.8827988505363464
vt 0.26481032371520996 0.9156407713890076
vt 0.25839611887931824 0.883550763130188
vt 0.26651304960250854 0.9156407713890076
vt 0.2565493881702423 0.9156407713890076
vt 0.25839611887931824 0.8791509866714478
vt 0.25886306166648865 0.9229419827461243
vt 0.2603504955768585 0.9213657379150391
vt 0.2579289972782135 0.9176052808761597
vt 0.26447924971580505 0.8863808512687683
vt 0.5827484726905823 0.07614201307296753
vt 0.256775826215744 0.885012149810791
vt 0.25839611887931824 0.8844876885414124
vt 0.2686346173286438 0.9156407713890076
vt 0.25886306166648865 0.9138456583023071
vt 0.2603504955768585 0.9158729314804077
vt 0.2547398805618286 0.8863808512687683
vt 0.2579289972782135 0.908378005027771
vt 0.9542843103408813 0.29071128368377686
vt 0.24465312063694 0.8863808512687683
vt 0.2579289972782135 0.9003078937530518
vt 0.9494231939315796 0.45202410221099854
vt 0.0312957838177681 0.2861477732658386
vt 0.24900808930397034 0.885012149810791
vt 0.25839611887931824 0.8934866189956665
vt 0.03615683689713478 0.4466044306755066
vt 0.256775826215744 0.885012149810791
vt 0.25839611887931824 0.9015138745307922
vt 0.2579289972782135 0.8991464376449585
vt 0.2836305797100067 0.8863808512687683
vt 0.9494231939315796 0.4752412438392639
vt 0.03615683689713478 0.4753584861755371
vt 0.25839611887931824 0.9029524326324463
vt 0.2718571126461029 0.885012149810791
vt 0.2547398805618286 0.8863808512687683
vt 0.2579289972782135 0.9098130464553833
vt 0.9542844295501709 0.2620270252227783
vt 0.0312957800924778 0.2627817988395691
vt 0.25839611887931824 0.8923177123069763
vt 0.26435256004333496 0.885012149810791
vt 0.2579289972782135 0.8915275931358337
vt 0.274107962846756 0.8863808512687683
vt 0.9459508657455444 0.6275324821472168
vt 0.2579289972782135 0.8896563649177551
vt 0.274107962846756 0.8863808512687683
vt 0.9459508657455444 0.6649357080459595
vt 0.039629142731428146 0.6261829137802124
vt 0.25839611887931824 0.910497784614563
vt 0.27915847301483154 0.885012149810791
vt 0.03962913900613785 0.6639039516448975
vt 0.25839611887931824 0.9123849272727966
vt 0.26435256004333496 0.885012149810791
vt 0.47173938155174255 0.09047877788543701
vt 0.25935330986976624 0.8548656702041626
vt 0.2876034379005432 0.46938997507095337
vt 0.9628769755363464 0.07919043302536011
vt 0 0
vt 0.5743025541305542 0.09047877788543701
vt 0.2715716063976288 0.8548656702041626
vt 0.2693394124507904 0.9711459875106812
vt 0.5752882361412048 0.09047877788543701
vt 0.2716890275478363 0.8548656702041626
vt 0.27975255250930786 0.9743873476982117
vt 0.2715716063976288 0.919365644454956
vt 0.5743025541305542 0.09047877788543701
vt 0.2695339024066925 0.975525975227356
vt 0.2716890275478363 0.919365644454956
vt 0.2746712565422058 0.9719057679176331
vt 0.5752882361412048 0.09047877788543701
vt 0.28761759400367737 0.46341991424560547
vt 0.2876034080982208 0.46993160247802734
vt 0.25950437784194946 0.919365644454956
vt 0.02360101044178009 0.08817040920257568
vt 0.473007470369339 0.09047877788543701
vt 0.46055710315704346 0.09047877788543701
vt 0.6190648674964905 0.09047877788543701
vt 0.25802117586135864 0.8548656702041626
vt 0.4126015603542328 0.09047877788543701
vt 0.25802117586135864 0.919365644454956
vt 0.46055710315704346 0.09047877788543701
vt 0.47560110688209534 0.09047877788543701
vt 0.47560110688209534 0.09047877788543701
vt 0.2598133385181427 0.8548656702041626
vt 0.2598133385181427 0.919365644454956
vt 0.47560110688209534 0.09047877788543701
vt 0.5011460185050964 0.09047877788543701
vt 0.2628565728664398 0.8548656702041626
vt 0.9582196474075317 0.2874411940574646
vt 0.2876051366329193 0.46559202671051025
vt 0 0
vt 0.03909195959568024 0.6494829058647156
vt 0.2689467668533325 0.919365644454956
vt 0.03909195959568024 0.6494829058647156
vt 0.5522690415382385 0.09047877788543701
vt 0.26920247077941895 0.919365644454956
vt 0.46323004364967346 0.46938997507095337
vt 0.03952568769454956 0.6646846532821655
vt 0.5544156432151794 0.09047877788543701
vt 0.2657521069049835 0.8527451753616333
vt 0.525452196598053 0.09047877788543701
vt 0.26996052265167236 0.9851347804069519
vt 0.5752882361412048 0.09047877788543701
vt 0.2716890275478363 0.9213657379150391
vt 0.2748059034347534 0.9749385714530945
vt 0.26651304960250854 0.8500356674194336
vt 0.25950437784194946 0.9213657379150391
vt 0.2686346173286438 0.8500356674194336
vt 0.47560110688209534 0.09047877788543701
vt 0.2598133385181427 0.9213657379150391
vt 0.2598133385181427 0.8527451753616333
vt 0.47560110688209534 0.09047877788543701
vt 0.25972694158554077 0.8527451753616333
vt 0.47487568855285645 0.09047877788543701
vt 0.2565493881702423 0.8500356674194336
vt 0.406199187040329 0.09047877788543701
vt 0.25802117586135864 0.9213657379150391
vt 0.26481032371520996 0.8500356674194336
vt 0.25925642251968384 0.9213657379150391
vt 0.5522690415382385 0.09047877788543701
vt 0.2689467668533325 0.9213657379150391
vt 0.5544156432151794 0.09047877788543701
vt 0.26920247077941895 0.9213657379150391
vt 0.25935330986976624 0.8527451753616333
vt 0.47173938155174255 0.09047877788543701
vt 0.6258528232574463 0.09047877788543701
vt 0.25802117586135864 0.8527451753616333
vt 0.46055710315704346 0.09047877788543701
vt 0.26920247077941895 0.8527451753616333
vt 0.5544156432151794 0.09047877788543701
vt 0.2689467668533325 0.8527451753616333
vt 0.5522690415382385 0.09047877788543701
vt 0.2715716063976288 0.8527451753616333
vt 0.5743025541305542 0.09047877788543701
vt 0.2716890275478363 0.8527451753616333
vt 0.2748059034347534 0.9749385714530945
vt 0.2695339024066925 0.975525975227356
vt 0.5752882361412048 0.09047877788543701
vt 0.5743025541305542 0.09047877788543701
vt 0.2715716063976288 0.9213657379150391
vt 0.2628565728664398 0.8527451753616333
vt 0.5011460185050964 0.09047877788543701
vt 0.5011460185050964 0.09047877788543701
vt 0.2628565728664398 0.9213657379150391
vt 0.525452196598053 0.09047877788543701
vt 0.2657521069049835 0.9213657379150391
vt 0.2659982740879059 0.8527451753616333
vt 0.5275185108184814 0.09047877788543701
vt 0.5275185108184814 0.09047877788543701
vt 0.2659982740879059 0.9213657379150391
vt 0.2626402676105499 0.8527451753616333
vt 0.4993307888507843 0.09047877788543701
vt 0.4993307888507843 0.09047877788543701
vt 0.2626402676105499 0.9213657379150391
vt 0.5522690415382385 0.0877232551574707
vt 0.5544156432151794 0.0877232551574707
vt 0.6258528232574463 0.0877232551574707
vt 0.46055710315704346 0.0877232551574707
vt 0.47173941135406494 0.0877232551574707
vt 0.47560110688209534 0.0877232551574707
vt 0.47487568855285645 0.0877232551574707
vt 0.26936280727386475 0.9716730117797852
vt 0.5752882361412048 0.0877232551574707
vt 0.2700609266757965 0.9754672646522522
vt 0.5752882361412048 0.0877232551574707
vt 0.5743025541305542 0.0877232551574707
vt 0.5275185108184814 0.0877232551574707
vt 0.5743025541305542 0.0877232551574707
vt 0.525452196598053 0.0877232551574707
vt 0.5011460185050964 0.0877232551574707
vt 0.4993307590484619 0.0877232551574707
vt 0.47560110688209534 0.087726891040802
vt 0.47560110688209534 0.087726891040802
vt 0.251260906457901 0.8863808512687683
vt 0.24842898547649384 0.8863808512687683
vt 0.2543299198150635 0.8546931743621826
vt 0.2493729293346405 0.8863808512687683
vt 0.251260906457901 0.9010611176490784
vt 0.24506305158138275 0.8546931743621826
vt 0.2522048354148865 0.8863808512687683
vt 0.24654100835323334 0.8863808512687683
vt 0.2640834450721741 0.8546931743621826
vt 0.24654100835323334 0.8863808512687683
vt 0.2522048354148865 0.9005555510520935
vt 0.2551356852054596 0.8546931743621826
vt 0.2493729293346405 0.8863808512687683
vt 0.2559807300567627 0.8863808512687683
vt 0.28324365615844727 0.8546931743621826
vt 0.2559807300567627 0.9002400636672974
vt 0.2836306691169739 0.8836961388587952
vt 0.2744949758052826 0.8546931743621826
vt 0.28457459807395935 0.8533508777618408
vt 0.25503677129745483 0.8863808512687683
vt 0.27371665835380554 0.8546931743621826
vt 0.25503677129745483 0.9003944396972656
vt 0.24465312063694 0.8863808512687683
vt 0.2648705542087555 0.8546931743621826
vt 0.251260906457901 0.8863808512687683
vt 0.24842898547649384 0.9167261719703674
vt 0.2543299198150635 0.8850384950637817
vt 0.2493729293346405 0.9167261719703674
vt 0.251260906457901 0.9010611176490784
vt 0.24506305158138275 0.8850384950637817
vt 0.2540927827358246 0.8863808512687683
vt 0.24654100835323334 0.9167261719703674
vt 0.2640834450721741 0.8850384950637817
vt 0.24654100835323334 0.9167261719703674
vt 0.2540927827358246 0.9005555510520935
vt 0.2551356852054596 0.8850384950637817
vt 0.2493729293346405 0.9167261719703674
vt 0.2578686475753784 0.8863808512687683
vt 0.28324365615844727 0.8850384950637817
vt 0.2578686475753784 0.9002400636672974
vt 0.2836306691169739 0.9140414595603943
vt 0.2744949758052826 0.8850384950637817
vt 0.28457459807395935 0.8836961388587952
vt 0.25503677129745483 0.8863808512687683
vt 0.27371665835380554 0.8850384950637817
vt 0.25503677129745483 0.9003944396972656
vt 0.24465312063694 0.9167261719703674
vt 0.2648705542087555 0.8850384950637817
vt 0.25220486521720886 0.8863808512687683
vt 0.24748502671718597 0.8863808512687683
vt 0.250316858291626 0.8863808512687683
vt 0.25220486521720886 0.9010611176490784
vt 0.25314879417419434 0.8863808512687683
vt 0.2455970197916031 0.8863808512687683
vt 0.24748502671718597 0.8863808512687683
vt 0.25314879417419434 0.9005555510520935
vt 0.24842898547649384 0.8863808512687683
vt 0.25692465901374817 0.8863808512687683
vt 0.25692465901374817 0.9002400636672974
vt 0.28457459807395935 0.8836961388587952
vt 0.2836305797100067 0.8533508777618408
vt 0.2559807300567627 0.8863808512687683
vt 0.2559807300567627 0.9003944396972656
vt 0.2455970197916031 0.8863808512687683
vt 0.250316858291626 0.8863808512687683
vt 0.24748502671718597 0.9167261719703674
vt 0.250316858291626 0.9167261719703674
vt 0.250316858291626 0.9010611176490784
vt 0.25314879417419434 0.8863808512687683
vt 0.2455970197916031 0.9167261719703674
vt 0.24748502671718597 0.9167261719703674
vt 0.25314879417419434 0.9005555510520935
vt 0.24842898547649384 0.9167261719703674
vt 0.25692465901374817 0.8863808512687683
vt 0.25692465901374817 0.9002400636672974
vt 0.28457459807395935 0.9140414595603943
vt 0.2836305797100067 0.8836961388587952
vt 0.2540927827358246 0.8863808512687683
vt 0.2540927827358246 0.9003944396972656
vt 0.2455970197916031 0.9167261719703674
vt 0.26651304960250854 0.8558085560798645
vt 0.26481032371520996 0.8558085560798645
vt 0.24925796687602997 0.8602629899978638
vt 0.2585783004760742 0.885012149810791
vt 0.26291003823280334 0.885012149810791
vt 0.2565259039402008 0.8602629899978638
vt 0.25084611773490906 0.885012149810791
vt 0.26291003823280334 0.8965256214141846
vt 0.2570195496082306 0.8602629899978638
vt 0.25448766350746155 0.885012149810791
vt 0.2646600008010864 0.885012149810791
vt 0.2641088664531708 0.8602629899978638
vt 0.25266966223716736 0.885012149810791
vt 0.2647331655025482 0.8962411880493164
vt 0.2720920145511627 0.8602629899978638
vt 0.27915847301483154 0.8594403266906738
vt 0.27192458510398865 0.885012149810791
vt 0.27892357110977173 0.8602629899978638
vt 0.2585783004760742 0.885012149810791
vt 0.2719933092594147 0.8958331346511841
vt 0.2645939886569977 0.8602629899978638
vt 0.27915847301483154 0.8833668231964111
vt 0.27019110321998596 0.885012149810791
vt 0.2716156244277954 0.8602629899978638
vt 0.25448766350746155 0.885012149810791
vt 0.27019110321998596 0.8961355686187744
vt 0.24925796687602997 0.8841894865036011
vt 0.2585783004760742 0.9089386463165283
vt 0.2592351734638214 0.885012149810791
vt 0.2565259039402008 0.8841894865036011
vt 0.25084611773490906 0.9089386463165283
vt 0.2592351734638214 0.8965256214141846
vt 0.2570195496082306 0.8841894865036011
vt 0.25448766350746155 0.9089386463165283
vt 0.2648063600063324 0.885012149810791
vt 0.2641088664531708 0.8841894865036011
vt 0.25266966223716736 0.9089386463165283
vt 0.2647331655025482 0.8962411880493164
vt 0.2720920145511627 0.8841894865036011
vt 0.27915847301483154 0.8833668231964111
vt 0.2720620334148407 0.885012149810791
vt 0.27892357110977173 0.8841894865036011
vt 0.2585783004760742 0.9089386463165283
vt 0.2719933092594147 0.8958331346511841
vt 0.2645939886569977 0.8841894865036011
vt 0.27915847301483154 0.9072933197021484
vt 0.2665563225746155 0.885012149810791
vt 0.2716156244277954 0.8841894865036011
vt 0.25448766350746155 0.9089386463165283
vt 0.2665563225746155 0.8961355686187744
vt 0.2592351734638214 0.885012149810791
vt 0.2622549831867218 0.8850888013839722
vt 0.24900808930397034 0.885012149810791
vt 0.2610726058483124 0.8964489698410034
vt 0.2551589012145996 0.885012149810791
vt 0.26399102807044983 0.8851144313812256
vt 0.25084611773490906 0.885012149810791
vt 0.26291003823280334 0.8962411880493164
vt 0.279850572347641 0.8594403266906738
vt 0.2712346017360687 0.8851118087768555
vt 0.256775826215744 0.885012149810791
vt 0.27019110321998596 0.8958331346511841
vt 0.27983516454696655 0.8833668231964111
vt 0.2695160210132599 0.885086178779602
vt 0.25266966223716736 0.885012149810791
vt 0.2683737277984619 0.8960614204406738
vt 0.2592351734638214 0.9089386463165283
vt 0.2598901689052582 0.8850888013839722
vt 0.24900808930397034 0.9089386463165283
vt 0.2610726058483124 0.8964489698410034
vt 0.2551589012145996 0.9089386463165283
vt 0.2654753029346466 0.8851144313812256
vt 0.25084611773490906 0.9089386463165283
vt 0.2665563225746155 0.8962411880493164
vt 0.279850572347641 0.8833668231964111
vt 0.27275198698043823 0.8851118087768555
vt 0.256775826215744 0.9089386463165283
vt 0.2737955152988434 0.8958331346511841
vt 0.27983516454696655 0.9072933197021484
vt 0.26723140478134155 0.885086178779602
vt 0.25266966223716736 0.9089386463165283
vt 0.2683737277984619 0.8960614204406738
vt 0.36445164680480957 0.9877453446388245
vt 0.7834199070930481 0.08296138048171997
vt 0.27414384484291077 0.9706106185913086
vt 0.3737165629863739 0.9877453446388245
vt 0.4126015603542328 0.08343446254730225
vt 0.8339492678642273 0.08296144008636475
vt 0.2794158458709717 0.9700232148170471
vt 0.31121182441711426 0.9877453446388245
vt 0.4930596351623535 0.08296144008636475
vt 0.27412787079811096 0.970251202583313
vt 0.8339492678642273 0.0852515697479248
vt 0.3673597276210785 0.9742819666862488
vt 0.27420365810394287 0.9719579219818115
vt 0.20269927382469177 0.08296144008636475
vt 0.25994470715522766 0.9877453446388245
vt 0.6190648674964905 0.08343446254730225
vt 0.2789323031902313 0.9697158932685852
vt 0.259330153465271 0.8518819212913513
vt 0.36445164680480957 0.9714023470878601
vt 0.259330153465271 0.8459122776985168
vt 0.3737165629863739 0.9714023470878601
vt 0.259330153465271 0.8861594200134277
vt 0.3112531006336212 0.9714023470878601
vt 0.259330153465271 0.9192190766334534
vt 0.25994470715522766 0.9714023470878601
vt 0.2710943818092346 0.9801803231239319
vt 0.3798748850822449 0.9877453446388245
vt 0.406199187040329 0.08343446254730225
vt 0.25839611887931824 0.9229419827461243
vt 0.2850854694843292 0.9786213636398315
vt 0.259330153465271 0.8419442772865295
vt 0.3798748850822449 0.9714023470878601
vt 0.2541666328907013 0.9714023470878601
vt 0.259330153465271 0.9229419827461243
vt 0.2579289972782135 0.8791509866714478
vt 0.2850854694843292 0.9786213636398315
vt 0.7834199070930481 0.0852515697479248
vt 0.3594280779361725 0.9751657247543335
vt 0.4930596351623535 0.0852515697479248
vt 0.31384989619255066 0.9802443385124207
vt 0.20269930362701416 0.08525162935256958
vt 0.26996052265167236 0.9851347804069519
vt 0.27894824743270874 0.9700753092765808
vt 0.2541666328907013 0.9877453446388245
vt 0.6258528232574463 0.08343446254730225
vt 0.2710943818092346 0.9801803231239319
vt 0.26974719762802124 0.9803304076194763
vt 0.406199187040329 0.09047877788543701
vt 0.2746712565422058 0.9719057679176331
vt 0.4126015603542328 0.09047877788543701
vt 0.2693992257118225 0.9724932312965393
vt 0.2794756591320038 0.9713704586029053
vt 0.6258528232574463 0.09047877788543701
vt 0.2746712565422058 0.9719057679176331
vt 0.26974719762802124 0.9803304076194763
vt 0.27414384484291077 0.9706106185913086
vt 0.6190648674964905 0.09047877788543701
vt 0.27961790561676025 0.971354603767395
vt 0.2741672396659851 0.9711377024650574
vt 0.6190648674964905 0.0877232551574707
vt 0.6258528232574463 0.0877232551574707
vt 0.27027425169944763 0.9802716970443726
vt 0.259330153465271 0.9130043387413025
vt 0.25886306166648865 0.8518819212913513
vt 0.2599453628063202 0.9130043387413025
vt 0.2599453628063202 0.9189740419387817
vt 0.259330153465271 0.9189740419387817
vt 0.25886306166648865 0.8459122776985168
vt 0.2703453004360199 0.8787268400192261
vt 0.25839611887931824 0.8787268400192261
vt 0.2703453004360199 0.8444663882255554
vt 0.25839611887931824 0.8444663882255554
vt 0.2693537175655365 0.8443962335586548
vt 0.26906877756118774 0.8443962335586548
vt 0.2817067801952362 0.8731268644332886
vt 0.26003485918045044 0.8443962335586548
vt 0.2599453628063202 0.8456673622131348
vt 0.26003485918045044 0.9189740419387817
vt 0.269427627325058 0.9189740419387817
vt 0.26923856139183044 0.9189740419387817
vt 0.2703453004360199 0.9189740419387817
vt 0.25839611887931824 0.9189740419387817
vt 0.2690028250217438 0.8443962335586548
vt 0.2817067801952362 0.8733422756195068
vt 0.26900285482406616 0.9189740419387817
vt 0.2693537175655365 0.8787268400192261
vt 0.2599453628063202 0.8787268400192261
vt 0.26668187975883484 0.8443962335586548
vt 0.26447340846061707 0.8443962335586548
vt 0.26668187975883484 0.9189740419387817
vt 0.26447340846061707 0.9189740419387817
vt 0.264285683631897 0.8443962335586548
vt 0.264285683631897 0.9189740419387817
vt 0.2668468654155731 0.8443962335586548
vt 0.2668468654155731 0.9189740419387817
vt 0.26203688979148865 0.8443962335586548
vt 0.2618417739868164 0.8443962335586548
vt 0.26203688979148865 0.9189740419387817
vt 0.2618417739868164 0.9189740419387817
vt 0.2579289972782135 0.9204962849617004
vt 0.2599453628063202 0.9229419827461243
vt 0.2599453628063202 0.8419442772865295
vt 0.2574619948863983 0.8815966248512268
vt 0.2693537175655365 0.8419442772865295
vt 0.2574619948863983 0.9190001487731934
vt 0.26906877756118774 0.8419442772865295
vt 0.28297945857048035 0.8731268644332886
vt 0.2574619948863983 0.9178673028945923
vt 0.2579289972782135 0.920140266418457
vt 0.26003485918045044 0.9229419827461243
vt 0.2579289972782135 0.9123849272727966
vt 0.2619856595993042 0.9229419827461243
vt 0.2703453004360199 0.8419442772865295
vt 0.25839611887931824 0.8419442772865295
vt 0.2574619948863983 0.9229419827461243
vt 0.26197269558906555 0.8419442772865295
vt 0.2574619948863983 0.8896563649177551
vt 0.26003485918045044 0.8419442772865295
vt 0.2574619948863983 0.8819527626037598
vt 0.2579289972782135 0.8827988505363464
vt 0.269427627325058 0.9229419827461243
vt 0.2579289972782135 0.883550763130188
vt 0.26923856139183044 0.9229419827461243
vt 0.2579289972782135 0.8791509866714478
vt 0.2703453004360199 0.9229419827461243
vt 0.25839611887931824 0.9229419827461243
vt 0.2690028250217438 0.8419442772865295
vt 0.28297945857048035 0.8733422756195068
vt 0.2574619948863983 0.9176052808761597
vt 0.2579289972782135 0.8844876885414124
vt 0.26900285482406616 0.9229419827461243
vt 0.26668187975883484 0.8419442772865295
vt 0.2574619948863983 0.908378005027771
vt 0.26465198397636414 0.8419442772865295
vt 0.2574619948863983 0.9003078937530518
vt 0.2579289972782135 0.8934866189956665
vt 0.26673927903175354 0.9229419827461243
vt 0.2579289972782135 0.9015138745307922
vt 0.2647201418876648 0.9229419827461243
vt 0.2643597424030304 0.8419442772865295
vt 0.2574619948863983 0.8991464376449585
vt 0.2579289972782135 0.9029524326324463
vt 0.2643582820892334 0.9229419827461243
vt 0.2670428156852722 0.8419442772865295
vt 0.2574619948863983 0.9098130464553833
vt 0.2579289972782135 0.8923177123069763
vt 0.26703333854675293 0.9229419827461243
vt 0.2624433934688568 0.8419442772865295
vt 0.2574619948863983 0.8915275931358337
vt 0.2579289972782135 0.910497784614563
vt 0.262460321187973 0.9229419827461243
vt 0.26003485918045044 0.8787268400192261
vt 0.2703453004360199 0.9138456583023071
vt 0.25839611887931824 0.9138456583023071
vt 0.26906877756118774 0.8787268400192261
vt 0.2690028250217438 0.8787268400192261
vt 0.26668187975883484 0.8787268400192261
vt 0.26447340846061707 0.8787268400192261
vt 0.264285683631897 0.8787268400192261
vt 0.2668468654155731 0.8787268400192261
vt 0.26203688979148865 0.8787268400192261
vt 0.2618417739868164 0.8787268400192261
vt 0.269427627325058 0.9137041568756104
vt 0.26923856139183044 0.9137041568756104
vt 0.26900285482406616 0.9137041568756104
vt 0.26668187975883484 0.9137041568756104
vt 0.26447340846061707 0.9137041568756104
vt 0.264285683631897 0.9137041568756104
vt 0.2668468654155731 0.9137041568756104
vt 0.26203688979148865 0.9137041568756104
vt 0.2618417739868164 0.9137041568756104
vt 0.26003485918045044 0.9137041568756104
vt 0.259330153465271 0.8787268400192261
vt 0.25886306166648865 0.8861594200134277
vt 0.259330153465271 0.8456673622131348
vt 0.25886306166648865 0.9192190766334534
vt 0.2579289972782135 0.9229419827461243
vt 0.259330153465271 0.9229419827461243
vt 0.25886306166648865 0.8419442772865295
vt 0.259330153465271 0.8419442772865295
vt 0.25886306166648865 0.9229419827461243
vt 0.2574619948863983 0.8791509866714478
vn 0 -1 2.220446049250313e-16
vn 0 -1 2.220446049250313e-16
vn 0 -1 2.220446049250313e-16
vn 0.9995260779858319 -0.010600276532412876 -0.028900753687348735
vn -0.9992573826302507 -0.03849835681890954 0.0015999316188224334
vn -0.9992573826302507 -0.03849835681890954 0.0015999316188224334
vn 0.9999858153016421 0.0040999418174047595 0.003399951853236911
vn 0.9999858153016421 0.0040999418174047595 0.003399951853236911
vn -0.3117091427993357 -0.930327347495654 -0.19320568520880538
vn -0.008999564259611728 0.9990517620961344 0.042597940041110206
vn 0.003999975101531537 -0.820594799342748 0.5714964352389456
vn 1 0 0
vn -1 0 0
vn -1 0 0
vn 1 0 0
vn 1 0 0
vn -1 0 0
vn -0.009000335922673052 0.9989373360245586 0.045201688568429314
vn 0.0028999048905499532 -0.5920805772516592 0.8058735512429773
vn 1 0 0
vn -1 0 0
vn 0 -1 2.220446049250313e-16
vn 0 -1 2.220446049250313e-16
vn 0 -1 2.220446049250313e-16
vn 1 0 0
vn 0.9998788377818478 -0.005399885806899078 -0.014599691410910512
vn -1 0 0
vn -1 0 0
vn 1 0 0
vn -1 0 0
vn -0.3117091427993357 -0.930327347495654 -0.19320568520880538
vn 0.003999975101531537 -0.820594799342748 0.5714964352389456
vn 0.0028999048905499532 -0.5920805772516592 0.8058735512429773
vn 1 0 0
vn 0 -1 2.220446049250313e-16
vn 0 -1 2.220446049250313e-16
vn -0.008999639005191823 0.9989599975628389 0.04469820764895679
vn 0.003100060746327648 -0.6318123709399195 0.775115164056701
vn 0.0030999093789558702 -0.6319814758502433 0.7749772930505711
vn 0 -1 2.220446049250313e-16
vn 0 -1 2.220446049250313e-16
vn -0.009000153893095962 0.9990172032055822 0.043400748025779125
vn 0.003600066722140026 -0.7500138798791319 0.6614122916216838
vn 0.003599970852494166 -0.7502939142891597 0.6610946092583969
vn -1 0 0
vn 0 -0.998759311219606 0.04979797437786214
vn 1 0 0
vn -1 0 0
vn 0 -0.998759311219606 0.04979797437786214
vn 1 0 0
vn 0 -0.998759311219606 0.04979797437786214
vn 0 -0.998759311219606 0.04979797437786214
vn -1 0 0
vn 0 0.9923316309584606 0.12360394087294055
vn 1 0 0
vn -1 0 0
vn 0 0.9923316309584606 0.12360394087294055
vn 1 0 0
vn 0 0.9923316309584606 0.12360394087294055
vn 0 0.9923316309584606 0.12360394087294055
vn -1 0 0
vn -0.00010000093639094776 0.9866092832529897 0.1631015395354521
vn 1 0 0
vn -1 0 0
vn 0 0.9861605121457238 0.16579337828901372
vn 1 0 0
vn 0 0.9861605121457238 0.16579337828901372
vn -0.00009999773417701788 0.9863776992239893 0.164496274954913
vn -1 0 0
vn 0 -0.9991425793044745 0.04140176591405323
vn 1 0 0
vn -1 0 0
vn 0 -0.9991425793044745 0.04140176591405323
vn 1 0 0
vn 0 -0.9991425793044745 0.04140176591405323
vn 0 -0.9991425793044745 0.04140176591405323
vn -1 0 0
vn 0 0.9983912888833989 0.056699508655238505
vn 1 0 0
vn 0.000200003909115812 0.9984194491135583 0.05620109990218246
vn 1 0 0
vn 0.00010000025843484087 0.9984025858013867 0.05650014747815234
vn 0 0.9983912888833989 0.056699508655238505
vn -1 0 0
vn 0 -0.9985245938547735 0.05430133946008323
vn 1 0 0
vn 0.00020000816859029594 -0.9985407960570685 0.05400220927377417
vn 1 0 0
vn 0.0001000035453766104 -0.9985354136239697 0.05410191991139141
vn 0 -0.9985245938547735 0.05430133946008323
vn -0.9999874802347491 -0.004999937475679552 0.00019999749146018726
vn 0 -0.9982341401112036 0.059402032931928375
vn 0.9999661117225538 0.006299786528439005 0.005299820390639418
vn -1 0 0
vn 0 -0.9982341401112036 0.059402032931928375
vn 1 0 0
vn 0 -0.9982341401112036 0.059402032931928375
vn 0 -0.9982341401112036 0.059402032931928375
vn 0 -1 2.220446049250313e-16
vn 0 2.220446049250313e-16 1
vn -0.9999391433812904 0.0017000666267094646 0.01090042693456173
vn 0 -1 2.220446049250313e-16
vn 0 -1 2.220446049250313e-16
vn 0 2.220446049250313e-16 1
vn 0.9995260779858319 -0.010600276532412876 -0.028900753687348735
vn -0.9999391433812904 0.0017000666267094646 0.01090042693456173
vn -0.0025999912828245887 -0.9999966200169523 2.2204385441803084e-16
vn 0 2.220446049250313e-16 1
vn 0.999947788638189 -0.003500167521341559 -0.009600459620154352
vn -0.26050953789210674 -0.9605351815019258 -0.09750356795678333
vn -0.009000292873607096 0.999732601836643 0.021300693724040864
vn 1 0 0
vn -0.009000096406752915 0.9997108069851817 0.022300239050426246
vn -1 0 0
vn -0.009000035890273681 0.9997040738250199 0.022600091407620204
vn -1 0 0
vn -1 0 0
vn 0 2.220446049250313e-16 1
vn 0.003899970188103772 -0.9999923950873487 2.2204291629520616e-16
vn -1 0 0
vn 0 -1 2.220446049250313e-16
vn 0 2.220446049250313e-16 1
vn 0 2.220446049250313e-16 1
vn 0.007199813247662097 -0.9999740810087022 2.2203884975284854e-16
vn 0 -1 2.220446049250313e-16
vn 0 2.220446049250313e-16 1
vn -0.009000215437828273 0.9997240036606465 0.021700521348578493
vn 0 2.220446049250313e-16 1
vn 0 2.220446049250313e-16 1
vn 0.003899970188103772 -0.9999923950873487 2.2204291629520616e-16
vn 0 -0.998759311219606 0.04979797437786214
vn 0 2.220446049250313e-16 1
vn 0 -0.998759311219606 0.04979797437786214
vn 0 2.220446049250313e-16 1
vn -1 0 0
vn 0 -0.998759311219606 0.04979797437786214
vn 0 2.220446049250313e-16 1
vn 0.010300483521084603 2.2203282515062899e-16 0.9999469486123912
vn 1 0 0
vn -1 0 0
vn -0.008299708396215605 0.0011999579189622138 0.9999648368525418
vn 0 -0.998759311219606 0.04979797437786214
vn 0 2.220446049250313e-16 1
vn 1 0 0
vn -1 0 0
vn -0.011100425871914812 2.220309243960405e-16 0.9999383883747348
vn 0 0.9923316309584606 0.12360394087294055
vn 0 2.220446049250313e-16 1
vn 1 0 0
vn -1 0 0
vn 0 0.9923316309584606 0.12360394087294055
vn 0 2.220446049250313e-16 1
vn 0.007699766910490263 -0.0010999667181291457 0.999969751373882
vn 1 0 0
vn 0 0.9923316309584606 0.12360394087294055
vn 0 2.220446049250313e-16 1
vn 0 0.9923316309584606 0.12360394087294055
vn 0 2.220446049250313e-16 1
vn -1 0 0
vn -0.005499896645731469 -0.014399729518265033 0.9998811924057213
vn -0.0006000078273087568 -0.03120040515740999 0.9995129687545934
vn 0 -0.9991425793044745 0.04140176591405323
vn 1 0 0
vn -1 0 0
vn 0 -0.9991425793044745 0.04140176591405323
vn 0 2.220446049250313e-16 1
vn 0.007699765998249277 0.0011999636607053393 0.9999696363844179
vn 1 0 0
vn -1 0 0
vn 0 0.9861605121457238 0.16579337828901372
vn 0 2.220446049250313e-16 1
vn 0.010300483521084603 2.2203282515062899e-16 0.9999469486123912
vn 1 0 0
vn 0 -0.9991425793044745 0.04140176591405323
vn 0 2.220446049250313e-16 1
vn 0 0.9861605121457238 0.16579337828901372
vn 0 2.220446049250313e-16 1
vn -0.0002999934906593167 -0.015599661281453608 0.9998782728771585
vn 0 -0.9991425793044745 0.04140176591405323
vn -0.0002999934906593167 -0.015599661281453608 0.9998782728771585
vn -0.00009999773417701788 0.9863776992239893 0.164496274954913
vn -1 0 0
vn -0.011100425871914812 2.220309243960405e-16 0.9999383883747348
vn 0 -0.9985245938547735 0.05430133946008323
vn 0 2.220446049250313e-16 1
vn 1 0 0
vn -1 0 0
vn -0.008299705423408747 -0.0013999503320182953 0.9999645768870778
vn 0 0.9983912888833989 0.056699508655238505
vn 0 2.220446049250313e-16 1
vn 1 0 0
vn 0.0001000035453766104 -0.9985354136239697 0.05410191991139141
vn 0.0033999802904290527 2.2204332151838557e-16 0.9999942200503085
vn 0.00010000025843484087 0.9984025858013867 0.05650014747815234
vn 0.0033999802904290527 2.2204332151838557e-16 0.9999942200503085
vn 0 -0.9985245938547735 0.05430133946008323
vn 0 2.220446049250313e-16 1
vn 0 0.9983912888833989 0.056699508655238505
vn 0 2.220446049250313e-16 1
vn -0.2055114873243877 -0.978654703446378 2.1730499698477467e-16
vn -0.008999634695194488 0.9999595024676514 -2.2203561266646053e-16
vn -0.0071998732210538504 -0.05459903948550889 0.9984824018042884
vn -0.0006999718967791665 0.021899122051231217 0.9997599404320664
vn 1 0 0
vn -0.008999634695194488 0.9999595024676514 -2.2203561266646053e-16
vn 0.0018000178822339817 -0.013300131897009113 0.9999099291571946
vn -1 0 0
vn 0.003600133025609757 -0.02670098773195356 0.9996369822572271
vn 0.003899970188103772 -0.9999923950873487 2.2204291629520616e-16
vn 0.0052001465776641215 -0.010800304573813346 0.9999281533673726
vn 1 0 0
vn 0.0018000155114492329 -0.013400114646279583 0.9999085942583078
vn 0.007199813247662097 -0.9999740810087022 2.2203884975284854e-16
vn -0.008999634695194488 0.9999595024676514 -2.2203561266646053e-16
vn -0.00030001186152085513 0.011000434010511548 0.9999394483889829
vn -0.0003000121704214671 0.010900442153175085 0.9999405434092384
vn 0.003899970188103772 -0.9999923950873487 2.2204291629520616e-16
vn 0 -1 2.220446049250313e-16
vn 0 -1 2.220446049250313e-16
vn 0 -1 2.220446049250313e-16
vn 0 -1 2.220446049250313e-16
vn 0 -1 2.220446049250313e-16
vn 0 -1 2.220446049250313e-16
vn 0 -0.9982341401112036 0.059402032931928375
vn 0 2.220446049250313e-16 1
vn 0.9999661117225538 0.006299786528439005 0.005299820390639418
vn 0 2.220446049250313e-16 1
vn 0 2.220446049250313e-16 1
vn 0.999991500108664 0.003199972795504848 0.002599977794484285
vn 0.999991500108664 0.003199972795504848 0.002599977794484285
vn 0 2.220446049250313e-16 1
vn 0 2.220446049250313e-16 1
vn -1 0 0
vn -1 0 0
vn 0 2.220446049250313e-16 1
vn 0 2.220446049250313e-16 1
vn -1 0 0
vn 0 -0.9982341401112036 0.059402032931928375
vn 0 2.220446049250313e-16 1
vn 0 2.220446049250313e-16 1
vn 0 2.220446049250313e-16 1
vn 0 -0.9982341401112036 0.059402032931928375
vn 0 2.220446049250313e-16 1
vn 0 -0.9982341401112036 0.059402032931928375
vn 0 2.220446049250313e-16 1
vn 0 -1 2.220446049250313e-16
vn 0 -1 2.220446049250313e-16
vn 1 0 0
vn 1 0 0
vn 1 0 0
vn 1 0 0
vn 1 0 0
vn 1 0 0
vn 1 0 0
vn 1 0 0
vn 1 0 0
vn 1 0 0
vn 1 0 0
vn 1 0 0
vn -1 0 0
vn -1 0 0
vn -1 0 0
vn -1 0 0
vn -1 0 0
vn -1 0 0
vn -1 0 0
vn 0 -1 2.220446049250313e-16
vn 0 -1 2.220446049250313e-16
vn 1 0 0
vn 1 0 0
vn 1 0 0
vn -1 0 0
vn -1 0 0
vn -1 0 0
vn 1 0 0
vn 1 0 0
vn 1 0 0
vn 1 0 0
vn 1 0 0
vn 1 0 0
vn 1 0 0
vn -1 0 0
vn -1 0 0
vn -1 0 0
vn -1 0 0
vn -1 0 0
vn -1 0 0
vn -1 0 0
vn 1 0 0
vn 1 0 0
vn 1 0 0
vn 1 0 0
vn -1 0 0
vn -1 0 0
vn -1 0 0
vn -1 0 0
vn 1 0 0
vn 1 0 0
vn 1 0 0
vn 1 0 0
vn -1 0 0
vn -1 0 0
vn -1 0 0
vn -1 0 0
vn 1 0 0
vn 1 0 0
vn 1 0 0
vn 1 0 0
vn 1 0 0
vn 1 0 0
vn 1 0 0
vn -1 0 0
vn -1 0 0
vn -1 0 0
vn -1 0 0
vn -1 0 0
vn -1 0 0
vn -1 0 0
vn 0 -1 2.220446049250313e-16
vn 0 -1 2.220446049250313e-16
vn 1 0 0
vn 1 0 0
vn 1 0 0
vn 1 0 0
vn 1 0 0
vn 1 0 0
vn 1 0 0
vn 1 0 0
vn 1 0 0
vn 1 0 0
vn 1 0 0
vn 1 0 0
vn -1 0 0
vn -1 0 0
vn -1 0 0
vn -1 0 0
vn -1 0 0
vn -1 0 0
vn -1 0 0
vn -1 0 0
vn -1 0 0
vn -1 0 0
vn -1 0 0
vn -1 0 0
vn 0 -1 2.220446049250313e-16
vn 0 -1 2.220446049250313e-16
vn 1 0 0
vn 1 0 0
vn 1 0 0
vn -1 0 0
vn -1 0 0
vn -1 0 0
vn 0 -1 2.220446049250313e-16
vn 0 -1 2.220446049250313e-16
vn 1 0 0
vn 1 0 0
vn 1 0 0
vn 1 0 0
vn 1 0 0
vn 1 0 0
vn -1 0 0
vn -1 0 0
vn -1 0 0
vn -1 0 0
vn -1 0 0
vn -1 0 0
vn 1 0 0
vn 1 0 0
vn 1 0 0
vn -1 0 0
vn -1 0 0
vn -1 0 0
vn 1 0 0
vn 1 0 0
vn 1 0 0
vn -1 0 0
vn -1 0 0
vn -1 0 0
vn 1 0 0
vn 1 0 0
vn 1 0 0
vn 1 0 0
vn 1 0 0
vn 1 0 0
vn -1 0 0
vn -1 0 0
vn -1 0 0
vn -1 0 0
vn -1 0 0
vn -1 0 0
vn -0.9999391433812904 0.0017000666267094646 0.01090042693456173
vn -0.004199792748413381 0.008999555556842289 0.9999506836542738
vn -0.0025999912828245887 -0.9999966200169523 2.2204385441803084e-16
vn -0.0006999718967791665 0.021899122051231217 0.9997599404320664
vn 1 0 0
vn -0.9994586930843095 -0.03289864462563409 7.304966548467926e-18
vn -0.002699987473471791 -0.001399993414217687 0.9999953750323465
vn -0.9994619761693545 -0.032798752897765925 7.28278612921816e-18
vn -0.9994619761693545 -0.032798752897765925 7.28278612921816e-18
vn 0 2.220446049250313e-16 1
vn 0 2.220446049250313e-16 1
vn 0 2.220446049250313e-16 1
vn 1 0 0
vn 0 2.220446049250313e-16 1
vn 0 2.220446049250313e-16 1
vn 1 0 0
vn 1 0 0
vn -1 0 0
vn -0.008999634695194488 0.9999595024676514 -2.2203561266646053e-16
vn 0.0026000108951857613 -0.013600056703641436 0.9999041346054144
vn 0.003600133025609757 -0.02670098773195356 0.9996369822572271
vn 1 0 0
vn -0.9999391433812904 0.0017000666267094646 0.01090042693456173
vn 0 -1 2.220446049250313e-16
vn 0 2.220446049250313e-16 1
vn 0 -1 2.220446049250313e-16
vn 0.005199848247862069 0.005599836395520416 0.9999708012789885
vn 1 0 0
vn -1 0 0
vn -0.2055114873243877 -0.978654703446378 2.1730499698477467e-16
vn -0.005700251979309326 -0.008900392738800824 0.9999441435082598
vn 0.002599989407865283 0.0011999951113226602 0.999995900025001
vn 1 0 0
vn -1 0 0
vn -0.005499896645731469 -0.014399729518265033 0.9998811924057213
vn -0.0006000078273087568 -0.03120040515740999 0.9995129687545934
vn -0.00010000093639094776 0.9866092832529897 0.1631015395354521
vn 1 0 0
vn 0.00020000816859029594 -0.9985407960570685 0.05400220927377417
vn 0.00259998962974873 -0.0010999956304958277 0.9999960150238291
vn 0.006899835445160626 2.2203931934241443e-16 0.9999761958520962
vn 1 0 0
vn 0 2.220446049250313e-16 1
vn 0.000200003909115812 0.9984194491135583 0.05620109990218246
vn 0.006899835445160626 2.2203931934241443e-16 0.9999761958520962
vn 1 0 0
vn -0.008299708396215605 0.0011999579189622138 0.9999648368525418
vn 1 0 0
vn -1 0 0
vn -1 0 0
vn 0 2.220446049250313e-16 1
vn 0 2.220446049250313e-16 1
vn -1 0 0
vn 0.0026000108951857613 -0.013600056703641436 0.9999041346054144
vn -1 0 0
vn -1 0 0
vn 0.002599989407865283 0.0011999951113226602 0.999995900025001
vn -0.006100250894655681 -0.045601874746462344 0.9989410673100942
vn 1 0 0
vn -0.007499678813285495 -0.03779838144247608 0.9992572427448434
vn 1 0 0
vn -1 0 0
vn 0 -1 2.220446049250313e-16
vn 0.005199848247862069 0.005599836395520416 0.9999708012789885
vn -1 0 0
vn 0.0052001465776641215 -0.010800304573813346 0.9999281533673726
vn -1 0 0
vn 0.00259998962974873 -0.0010999956304958277 0.9999960150238291
vn -1 0 0
vn 0 2.220446049250313e-16 1
vn -0.004199792748413381 0.008999555556842289 0.9999506836542738
vn 1 0 0
vn 0 -1 2.220446049250313e-16
vn 0 2.220446049250313e-16 1
vn 1 0 0
vn -0.008299705423408747 -0.0013999503320182953 0.9999645768870778
vn 1 0 0
vn -0.011100425871914812 2.220309243960405e-16 0.9999383883747348
vn 1 0 0
vn -0.0027999861284830133 -0.0013999930642412846 0.9999951000365452
vn 1 0 0
vn 0 2.220446049250313e-16 1
vn 0 2.220446049250313e-16 1
vn 1 0 0
vn 1 0 0
vn -1 0 0
vn 0 2.220446049250313e-16 1
vn -0.005499896645731469 -0.014399729518265033 0.9998811924057213
vn 1 0 0
vn -1 0 0
vn 0.010300483521084603 2.2203282515062899e-16 0.9999469486123912
vn -1 0 0
vn 0.010300483521084603 2.2203282515062899e-16 0.9999469486123912
vn -0.011100425871914812 2.220309243960405e-16 0.9999383883747348
vn 1 0 0
vn -1 0 0
vn 0.007699766910490263 -0.0010999667181291457 0.999969751373882
vn -0.005499896645731469 -0.014399729518265033 0.9998811924057213
vn 1 0 0
vn -1 0 0
vn 0.007699765998249277 0.0011999636607053393 0.9999696363844179
vn 1 0 0
vn 1 0 0
vn 0 -1 2.220446049250313e-16
vn 1 0 0
vn 1 0 0
vn 1 0 0
vn 1 0 0
vn -0.9995160823319338 -0.031100500770212477 0.0006000097208666238
vn -0.9995160823319338 -0.031100500770212477 0.0006000097208666238
vn 1 0 0
vn 1 0 0
vn -0.9995004148231013 -0.03160001215336182 0.0006000002963357583
vn 1 0 0
vn 1 0 0
vn 1 0 0
vn 1 0 0
vn 1 0 0
vn -1 0 0
vn -0.26279383264668593 -0.9594774611108655 -0.10169760637848485
vn 0 -2.220446049250313e-16 -1
vn 0.011100425871914812 0.9999383883747348 -2.220309243960405e-16
vn 1 0 0
vn -0.0008999995926594197 -0.9999995950002846 2.220445149970295e-16
vn 0 -2.220446049250313e-16 -1
vn 1 0 0
vn 0 -2.220446049250313e-16 -1
vn 0.038498407723835 0.9992586615099863 -2.218799947129005e-16
vn 1 0 0
vn -0.015299739594233462 -0.9998829521340729 2.220186150778842e-16
vn 0 -2.220446049250313e-16 -1
vn 1 0 0
vn -0.0008999995926594197 0.9999995950002846 -2.220445149970295e-16
vn 0 -2.220446049250313e-16 -1
vn 1 0 0
vn 0 -2.220446049250313e-16 -1
vn 0.00639986884783829 -0.9999795206296631 2.2204005759133574e-16
vn 1 0 0
vn -0.007899753039071372 0.9999687964641305 -2.220376763482369e-16
vn 0 -2.220446049250313e-16 -1
vn 1 0 0
vn 0 -2.220446049250313e-16 -1
vn 0.011400399528909085 -0.9999350133336572 2.2203017498637783e-16
vn 1 0 0
vn 0 2.220446049250313e-16 1
vn 0.011100425871914812 0.9999383883747348 -2.220309243960405e-16
vn 1 0 0
vn -0.0008999995926594197 -0.9999995950002846 2.220445149970295e-16
vn 0 2.220446049250313e-16 1
vn 1 0 0
vn 0 2.220446049250313e-16 1
vn 0.038498407723835 0.9992586615099863 -2.218799947129005e-16
vn 1 0 0
vn -0.015299739594233462 -0.9998829521340729 2.220186150778842e-16
vn 0 2.220446049250313e-16 1
vn 1 0 0
vn -0.0008999995926594197 0.9999995950002846 -2.220445149970295e-16
vn 0 2.220446049250313e-16 1
vn 1 0 0
vn 0 2.220446049250313e-16 1
vn 0.00639986884783829 -0.9999795206296631 2.2204005759133574e-16
vn 1 0 0
vn -0.007899753039071372 0.9999687964641305 -2.220376763482369e-16
vn 0 2.220446049250313e-16 1
vn 1 0 0
vn 0 2.220446049250313e-16 1
vn 0.011400399528909085 -0.9999350133336572 2.2203017498637783e-16
vn 1 0 0
vn 0 -2.220446049250313e-16 -1
vn 0.011100425871914812 0.9999383883747348 -2.220309243960405e-16
vn -0.0008999995926594197 -0.9999995950002846 2.220445149970295e-16
vn 0 -2.220446049250313e-16 -1
vn 0 -2.220446049250313e-16 -1
vn 0.038498407723835 0.9992586615099863 -2.218799947129005e-16
vn -0.015299739594233462 -0.9998829521340729 2.220186150778842e-16
vn 0 -2.220446049250313e-16 -1
vn -0.0008999995926594197 0.9999995950002846 -2.220445149970295e-16
vn 0 -2.220446049250313e-16 -1
vn 0 -2.220446049250313e-16 -1
vn 0.00639986884783829 -0.9999795206296631 2.2204005759133574e-16
vn -0.007899753039071372 0.9999687964641305 -2.220376763482369e-16
vn 0 -2.220446049250313e-16 -1
vn 0 -2.220446049250313e-16 -1
vn 0.011400399528909085 -0.9999350133336572 2.2203017498637783e-16
vn 0 2.220446049250313e-16 1
vn 0.011100425871914812 0.9999383883747348 -2.220309243960405e-16
vn -0.0008999995926594197 -0.9999995950002846 2.220445149970295e-16
vn 0 2.220446049250313e-16 1
vn 0 2.220446049250313e-16 1
vn 0.038498407723835 0.9992586615099863 -2.218799947129005e-16
vn -0.015299739594233462 -0.9998829521340729 2.220186150778842e-16
vn 0 2.220446049250313e-16 1
vn -0.0008999995926594197 0.9999995950002846 -2.220445149970295e-16
vn 0 2.220446049250313e-16 1
vn 0 2.220446049250313e-16 1
vn 0.00639986884783829 -0.9999795206296631 2.2204005759133574e-16
vn -0.007899753039071372 0.9999687964641305 -2.220376763482369e-16
vn 0 2.220446049250313e-16 1
vn 0 2.220446049250313e-16 1
vn 0.011400399528909085 -0.9999350133336572 2.2203017498637783e-16
vn -1 0 0
vn -1 0 0
vn -1 0 0
vn -0.07369856719993408 0.9972805629273424 -2.2144076859461456e-16
vn 0 -2.220446049250313e-16 -1
vn -1 0 0
vn -0.026298793366172663 -0.9996541269196478 2.219678056735503e-16
vn 0 -2.220446049250313e-16 -1
vn -1 0 0
vn -0.07040131956499691 0.9975187487979897 -2.2149365648216118e-16
vn 0 -2.220446049250313e-16 -1
vn -1 0 0
vn -0.025899083192160718 -0.9996645624857399 2.2197012283470038e-16
vn 0 -2.220446049250313e-16 -1
vn -1 0 0
vn -0.06580216263264207 0.9978326890781177 -2.2156336522763225e-16
vn 0 -2.220446049250313e-16 -1
vn -1 0 0
vn -0.025199557443301643 -0.999682440730386 2.219740926024696e-16
vn 0 -2.220446049250313e-16 -1
vn -1 0 0
vn -0.06910066757607602 0.9976096920843044 -2.215138499482415e-16
vn 0 -2.220446049250313e-16 -1
vn -1 0 0
vn -0.025699220336334535 -0.9996697204947764 2.219712681427791e-16
vn 0 -2.220446049250313e-16 -1
vn -1 0 0
vn -0.07369856719993408 0.9972805629273424 -2.2144076859461456e-16
vn 0 2.220446049250313e-16 1
vn -1 0 0
vn -0.026298793366172663 -0.9996541269196478 2.219678056735503e-16
vn 0 2.220446049250313e-16 1
vn -1 0 0
vn -0.07040131956499691 0.9975187487979897 -2.2149365648216118e-16
vn 0 2.220446049250313e-16 1
vn -1 0 0
vn -0.025899083192160718 -0.9996645624857399 2.2197012283470038e-16
vn 0 2.220446049250313e-16 1
vn -1 0 0
vn -0.06580216263264207 0.9978326890781177 -2.2156336522763225e-16
vn 0 2.220446049250313e-16 1
vn -1 0 0
vn -0.025199557443301643 -0.999682440730386 2.219740926024696e-16
vn 0 2.220446049250313e-16 1
vn -1 0 0
vn -0.06910066757607602 0.9976096920843044 -2.215138499482415e-16
vn 0 2.220446049250313e-16 1
vn -1 0 0
vn -0.025699220336334535 -0.9996697204947764 2.219712681427791e-16
vn 0 2.220446049250313e-16 1
vn -0.07369856719993408 0.9972805629273424 -2.2144076859461456e-16
vn 0 -2.220446049250313e-16 -1
vn -0.026298793366172663 -0.9996541269196478 2.219678056735503e-16
vn 0 -2.220446049250313e-16 -1
vn -0.07040131956499691 0.9975187487979897 -2.2149365648216118e-16
vn 0 -2.220446049250313e-16 -1
vn -0.025899083192160718 -0.9996645624857399 2.2197012283470038e-16
vn 0 -2.220446049250313e-16 -1
vn -0.06580216263264207 0.9978326890781177 -2.2156336522763225e-16
vn 0 -2.220446049250313e-16 -1
vn -0.025199557443301643 -0.999682440730386 2.219740926024696e-16
vn 0 -2.220446049250313e-16 -1
vn -0.06910066757607602 0.9976096920843044 -2.215138499482415e-16
vn 0 -2.220446049250313e-16 -1
vn -0.025699220336334535 -0.9996697204947764 2.219712681427791e-16
vn 0 -2.220446049250313e-16 -1
vn -0.07369856719993408 0.9972805629273424 -2.2144076859461456e-16
vn 0 2.220446049250313e-16 1
vn -0.026298793366172663 -0.9996541269196478 2.219678056735503e-16
vn 0 2.220446049250313e-16 1
vn -0.07040131956499691 0.9975187487979897 -2.2149365648216118e-16
vn 0 2.220446049250313e-16 1
vn -0.025899083192160718 -0.9996645624857399 2.2197012283470038e-16
vn 0 2.220446049250313e-16 1
vn -0.06580216263264207 0.9978326890781177 -2.2156336522763225e-16
vn 0 2.220446049250313e-16 1
vn -0.025199557443301643 -0.999682440730386 2.219740926024696e-16
vn 0 2.220446049250313e-16 1
vn -0.06910066757607602 0.9976096920843044 -2.215138499482415e-16
vn 0 2.220446049250313e-16 1
vn -0.025699220336334535 -0.9996697204947764 2.219712681427791e-16
vn 0 2.220446049250313e-16 1
vn 0 1 -2.220446049250313e-16
vn 0 1 -2.220446049250313e-16
vn -1 0 0
vn 0 1 -2.220446049250313e-16
vn 0 1 -2.220446049250313e-16
vn 0 1 -2.220446049250313e-16
vn 1 0 0
vn 0 1 -2.220446049250313e-16
vn 0 1 -2.220446049250313e-16
vn -1 0 0
vn 0 1 -2.220446049250313e-16
vn 0 2.220446049250313e-16 1
vn -1 0 0
vn 0 1 -2.220446049250313e-16
vn 0 1 -2.220446049250313e-16
vn 0 1 -2.220446049250313e-16
vn 1 0 0
vn 0 1 -2.220446049250313e-16
vn 0 1 -2.220446049250313e-16
vn 0 1 -2.220446049250313e-16
vn 0 1 -2.220446049250313e-16
vn 0 1 -2.220446049250313e-16
vn 0 1 -2.220446049250313e-16
vn 0 1 -2.220446049250313e-16
vn 0 1 -2.220446049250313e-16
vn -1 0 0
vn 0 1 -2.220446049250313e-16
vn 0 1 -2.220446049250313e-16
vn -1 0 0
vn -1 0 0
vn 0 1 -2.220446049250313e-16
vn 0 1 -2.220446049250313e-16
vn 0 1 -2.220446049250313e-16
vn 0 1 -2.220446049250313e-16
vn 1 0 0
vn 1 0 0
vn 0 1 -2.220446049250313e-16
vn 0 2.220446049250313e-16 1
vn 0 1 -2.220446049250313e-16
vn 0 2.220446049250313e-16 1
vn 0 1 -2.220446049250313e-16
vn 0 2.220446049250313e-16 1
vn 1 0 0
vn 0 1 -2.220446049250313e-16
vn 0 1 -2.220446049250313e-16
vn 1 0 0
vn -1 0 0
vn 0 1 -2.220446049250313e-16
vn 0 2.220446049250313e-16 1
vn 0 1 -2.220446049250313e-16
vn 0 2.220446049250313e-16 1
vn 1 0 0
vn 0 1 -2.220446049250313e-16
vn 0 2.220446049250313e-16 1
vn 1 0 0
vn -1 0 0
vn 0 1 -2.220446049250313e-16
vn 0 2.220446049250313e-16 1
vn -1 0 0
vn 0 1 -2.220446049250313e-16
vn 0 1 -2.220446049250313e-16
vn 1 0 0
vn 0 -2.220446049250313e-16 -1
vn 0 1 -2.220446049250313e-16
vn 0 -2.220446049250313e-16 -1
vn 0 -2.220446049250313e-16 -1
vn 0 -2.220446049250313e-16 -1
vn 0 1 -2.220446049250313e-16
vn 0 -2.220446049250313e-16 -1
vn 0 -1 2.220446049250313e-16
vn 0 -2.220446049250313e-16 -1
vn 0 -1 2.220446049250313e-16
vn 0 -2.220446049250313e-16 -1
vn 0 -2.220446049250313e-16 -1
vn 0 -2.220446049250313e-16 -1
vn 0 -2.220446049250313e-16 -1
vn 0 -2.220446049250313e-16 -1
vn 0 -2.220446049250313e-16 -1
vn 0 -2.220446049250313e-16 -1
vn 0 -2.220446049250313e-16 -1
vn 0 -2.220446049250313e-16 -1
vn 0 -1 2.220446049250313e-16
vn 0 -2.220446049250313e-16 -1
vn 0 -2.220446049250313e-16 -1
vn 0 -2.220446049250313e-16 -1
vn 0 -2.220446049250313e-16 -1
vn 0 -2.220446049250313e-16 -1
vn 0 -2.220446049250313e-16 -1
vn 0 -2.220446049250313e-16 -1
vn 0 -2.220446049250313e-16 -1
vn 0 -2.220446049250313e-16 -1
vn 0 -2.220446049250313e-16 -1
vn 0 -2.220446049250313e-16 -1
vn 0 -2.220446049250313e-16 -1
vn 0 -2.220446049250313e-16 -1
vn 0 -2.220446049250313e-16 -1
vn 0 -2.220446049250313e-16 -1
vn 0 -2.220446049250313e-16 -1
vn 0 -2.220446049250313e-16 -1
vn -1 0 0
vn 0 -2.220446049250313e-16 -1
vn 0 -2.220446049250313e-16 -1
vn 1 0 0
vn 0 -2.220446049250313e-16 -1
vn 1 0 0
vn 0 -2.220446049250313e-16 -1
vn 0 -2.220446049250313e-16 -1
vn 1 0 0
vn -1 0 0
vn 0 -2.220446049250313e-16 -1
vn -1 0 0
vn 0 -2.220446049250313e-16 -1
vn 0 -2.220446049250313e-16 -1
vn 0 -1 2.220446049250313e-16
vn 1 0 0
vn 0 -2.220446049250313e-16 -1
vn 1 0 0
vn 0 -2.220446049250313e-16 -1
vn 1 0 0
vn -1 0 0
vn 0 -2.220446049250313e-16 -1
vn -1 0 0
vn 0 -2.220446049250313e-16 -1
vn -1 0 0
vn 0 -2.220446049250313e-16 -1
vn 0 -1 2.220446049250313e-16
vn 0 -2.220446049250313e-16 -1
vn 0 -2.220446049250313e-16 -1
vn 1 0 0
vn -1 0 0
vn 0 -2.220446049250313e-16 -1
vn 0 -2.220446049250313e-16 -1
vn 1 0 0
vn 0 -2.220446049250313e-16 -1
vn 1 0 0
vn -1 0 0
vn 0 -2.220446049250313e-16 -1
vn -1 0 0
vn 0 -2.220446049250313e-16 -1
vn 0 -2.220446049250313e-16 -1
vn 1 0 0
vn -1 0 0
vn 0 -2.220446049250313e-16 -1
vn 0 -2.220446049250313e-16 -1
vn 1 0 0
vn -1 0 0
vn 0 -2.220446049250313e-16 -1
vn 0 -2.220446049250313e-16 -1
vn 1 0 0
vn -1 0 0
vn 0 -2.220446049250313e-16 -1
vn 0 -2.220446049250313e-16 -1
vn 0 -2.220446049250313e-16 -1
vn 0 -1 2.220446049250313e-16
vn 0 -2.220446049250313e-16 -1
vn 0 -2.220446049250313e-16 -1
vn 0 -2.220446049250313e-16 -1
vn 0 -2.220446049250313e-16 -1
vn 0 -2.220446049250313e-16 -1
vn 0 -2.220446049250313e-16 -1
vn 0 -2.220446049250313e-16 -1
vn 0 -2.220446049250313e-16 -1
vn 0 -2.220446049250313e-16 -1
vn 0 -2.220446049250313e-16 -1
vn 0 -2.220446049250313e-16 -1
vn 0 -2.220446049250313e-16 -1
vn 0 -2.220446049250313e-16 -1
vn 0 -2.220446049250313e-16 -1
vn 0 -2.220446049250313e-16 -1
vn 0 -2.220446049250313e-16 -1
vn 0 -2.220446049250313e-16 -1
vn 0 -2.220446049250313e-16 -1
vn 0 -2.220446049250313e-16 -1
vn 0 1 -2.220446049250313e-16
vn 0 -2.220446049250313e-16 -1
vn 0 1 -2.220446049250313e-16
vn -1 0 0
vn 0 -2.220446049250313e-16 -1
vn 0 1 -2.220446049250313e-16
vn 0 -2.220446049250313e-16 -1
vn 0 1 -2.220446049250313e-16
vn 1 0 0
f 89/89/89 90/90/90 196/196/196
f 89/89/89 196/196/196 192/192/192
f 71/71/71 63/63/63 428/428/428
f 71/71/71 428/428/428 163/163/163
f 43/43/43 11/11/11 32/32/32
f 43/43/43 32/32/32 44/44/44
f 19/19/19 38/38/38 39/39/39
f 19/19/19 39/39/39 33/33/33
f 76/76/76 70/70/70 162/162/162
f 76/76/76 162/162/162 179/179/179
f 14/14/14 234/234/234 682/682/682
f 14/14/14 682/682/682 675/675/675
f 37/37/37 18/18/18 115/115/115
f 37/37/37 115/115/115 113/113/113
f 38/38/38 43/43/43 44/44/44
f 38/38/38 44/44/44 39/39/39
f 87/87/87 89/89/89 192/192/192
f 87/87/87 192/192/192 429/429/429
f 13/13/13 94/94/94 237/237/237
f 13/13/13 237/237/237 233/233/233
f 54/54/54 60/60/60 157/157/157
f 54/54/54 157/157/157 147/147/147
f 73/73/73 75/75/75 174/174/174
f 73/73/73 174/174/174 165/165/165
f 90/90/90 85/85/85 184/184/184
f 90/90/90 184/184/184 196/196/196
f 59/59/59 57/57/57 151/151/151
f 59/59/59 151/151/151 155/155/155
f 75/75/75 76/76/76 179/179/179
f 75/75/75 179/179/179 174/174/174
f 60/60/60 59/59/59 155/155/155
f 60/60/60 155/155/155 157/157/157
f 42/42/42 37/37/37 113/113/113
f 42/42/42 113/113/113 127/127/127
f 26/26/26 12/12/12 112/112/112
f 26/26/26 112/112/112 109/109/109
f 40/40/40 2/2/2 102/102/102
f 40/40/40 102/102/102 99/99/99
f 22/22/22 36/36/36 125/125/125
f 22/22/22 125/125/125 121/121/121
f 109/109/109 112/112/112 204/204/204
f 109/109/109 204/204/204 395/395/395
f 100/100/100 104/104/104 108/108/108
f 100/100/100 108/108/108 128/128/128
f 122/122/122 126/126/126 123/123/123
f 122/122/122 123/123/123 118/118/118
f 114/114/114 117/117/117 207/207/207
f 114/114/114 207/207/207 408/408/408
f 126/126/126 100/100/100 129/129/129
f 126/126/126 129/129/129 123/123/123
f 130/130/130 107/107/107 393/393/393
f 130/130/130 393/393/393 217/217/217
f 134/134/134 132/132/132 158/158/158
f 134/134/134 158/158/158 156/156/156
f 137/137/137 134/134/134 156/156/156
f 137/137/137 156/156/156 152/152/152
f 132/132/132 143/143/143 148/148/148
f 132/132/132 148/148/148 158/158/158
f 178/178/178 161/161/161 426/426/426
f 178/178/178 426/426/426 180/180/180
f 166/166/166 175/175/175 177/177/177
f 166/166/166 177/177/177 171/171/171
f 175/175/175 178/178/178 180/180/180
f 175/175/175 180/180/180 177/177/177
f 193/193/193 197/197/197 199/199/199
f 193/193/193 199/199/199 195/195/195
f 431/431/431 193/193/193 195/195/195
f 431/431/431 195/195/195 435/435/435
f 197/197/197 185/185/185 190/190/190
f 197/197/197 190/190/190 199/199/199
f 86/86/86 79/79/79 191/191/191
f 86/86/86 191/191/191 186/186/186
f 64/64/64 72/72/72 164/164/164
f 64/64/64 164/164/164 169/169/169
f 17/17/17 28/28/28 117/117/117
f 17/17/17 117/117/117 114/114/114
f 4/4/4 26/26/26 109/109/109
f 4/4/4 109/109/109 105/105/105
f 27/27/27 21/21/21 120/120/120
f 27/27/27 120/120/120 116/116/116
f 51/51/51 52/52/52 131/131/131
f 51/51/51 131/131/131 133/133/133
f 36/36/36 40/40/40 99/99/99
f 36/36/36 99/99/99 125/125/125
f 62/62/62 68/68/68 181/181/181
f 62/62/62 181/181/181 427/427/427
f 49/49/49 51/51/51 133/133/133
f 49/49/49 133/133/133 136/136/136
f 83/83/83 82/82/82 194/194/194
f 83/83/83 194/194/194 198/198/198
f 67/67/67 65/65/65 170/170/170
f 67/67/67 170/170/170 176/176/176
f 52/52/52 46/46/46 142/142/142
f 52/52/52 142/142/142 131/131/131
f 82/82/82 80/80/80 434/434/434
f 82/82/82 434/434/434 194/194/194
f 10/10/10 42/42/42 127/127/127
f 10/10/10 127/127/127 111/111/111
f 68/68/68 67/67/67 176/176/176
f 68/68/68 176/176/176 181/181/181
f 47/47/47 55/55/55 149/149/149
f 47/47/47 149/149/149 144/144/144
f 78/78/78 83/83/83 198/198/198
f 78/78/78 198/198/198 189/189/189
f 56/56/56 48/48/48 135/135/135
f 56/56/56 135/135/135 150/150/150
f 216/216/216 394/394/394 203/203/203
f 216/216/216 203/203/203 215/215/215
f 208/208/208 212/212/212 206/206/206
f 208/208/208 206/206/206 411/411/411
f 212/212/212 216/216/216 215/215/215
f 212/212/212 215/215/215 206/206/206
f 127/127/127 113/113/113 205/205/205
f 127/127/127 205/205/205 214/214/214
f 119/119/119 124/124/124 213/213/213
f 119/119/119 213/213/213 209/209/209
f 111/111/111 127/127/127 214/214/214
f 111/111/111 214/214/214 201/201/201
f 113/113/113 115/115/115 409/409/409
f 113/113/113 409/409/409 205/205/205
f 124/124/124 130/130/130 217/217/217
f 124/124/124 217/217/217 213/213/213
f 96/96/96 16/16/16 407/407/407
f 96/96/96 407/407/407 403/403/403
f 493/493/493 505/505/505 471/471/471
f 493/493/493 471/471/471 467/467/467
f 45/45/45 61/61/61 424/424/424
f 45/45/45 424/424/424 140/140/140
f 232/232/232 240/240/240 712/712/712
f 232/232/232 712/712/712 710/710/710
f 338/338/338 264/264/264 698/698/698
f 338/338/338 698/698/698 702/702/702
f 314/314/314 296/296/296 486/486/486
f 314/314/314 486/486/486 457/457/457
f 504/504/504 492/492/492 469/469/469
f 504/504/504 469/469/469 485/485/485
f 500/500/500 503/503/503 396/396/396
f 500/500/500 396/396/396 399/399/399
f 501/501/501 258/258/258 718/718/718
f 501/501/501 718/718/718 734/734/734
f 498/498/498 497/497/497 449/449/449
f 498/498/498 449/449/449 451/451/451
f 5/5/5 499/499/499 731/731/731
f 5/5/5 731/731/731 685/685/685
f 245/245/245 225/225/225 228/228/228
f 245/245/245 228/228/228 241/241/241
f 239/239/239 243/243/243 231/231/231
f 239/239/239 231/231/231 235/235/235
f 243/243/243 245/245/245 241/241/241
f 243/243/243 241/241/241 231/231/231
f 95/95/95 97/97/97 242/242/242
f 95/95/95 242/242/242 238/238/238
f 499/499/499 398/398/398 728/728/728
f 499/499/499 728/728/728 731/731/731
f 98/98/98 92/92/92 224/224/224
f 98/98/98 224/224/224 244/244/244
f 93/93/93 7/7/7 229/229/229
f 93/93/93 229/229/229 226/226/226
f 97/97/97 98/98/98 244/244/244
f 97/97/97 244/244/244 242/242/242
f 277/277/277 300/300/300 375/375/375
f 277/277/277 375/375/375 357/357/357
f 260/260/260 263/263/263 337/337/337
f 260/260/260 337/337/337 334/334/334
f 365/365/365 362/362/362 617/617/617
f 365/365/365 617/617/617 620/620/620
f 311/311/311 307/307/307 381/381/381
f 311/311/311 381/381/381 384/384/384
f 301/301/301 283/283/283 361/361/361
f 301/301/301 361/361/361 376/376/376
f 368/368/368 380/380/380 552/552/552
f 368/368/368 552/552/552 549/549/549
f 312/312/312 315/315/315 388/388/388
f 312/312/312 388/388/388 385/385/385
f 350/350/350 272/272/272 599/599/599
f 350/350/350 599/599/599 623/623/623
f 41/41/41 35/35/35 354/354/354
f 41/41/41 354/354/354 223/223/223
f 292/292/292 281/281/281 360/360/360
f 292/292/292 360/360/360 369/369/369
f 269/269/269 348/348/348 543/543/543
f 269/269/269 543/543/543 519/519/519
f 286/286/286 293/293/293 370/370/370
f 286/286/286 370/370/370 364/364/364
f 305/305/305 289/289/289 525/525/525
f 305/305/305 525/525/525 528/528/528
f 282/282/282 287/287/287 596/596/596
f 282/282/282 596/596/596 593/593/593
f 23/23/23 267/267/267 346/346/346
f 23/23/23 346/346/346 220/220/220
f 302/302/302 378/378/378 626/626/626
f 302/302/302 626/626/626 602/602/602
f 1/1/1 41/41/41 223/223/223
f 1/1/1 223/223/223 218/218/218
f 257/257/257 255/255/255 328/328/328
f 257/257/257 328/328/328 331/331/331
f 329/329/329 254/254/254 534/534/534
f 329/329/329 534/534/534 558/558/558
f 317/317/317 314/314/314 457/457/457
f 317/317/317 457/457/457 459/459/459
f 492/492/492 493/493/493 467/467/467
f 492/492/492 467/467/467 469/469/469
f 268/268/268 24/24/24 416/416/416
f 268/268/268 416/416/416 453/453/453
f 271/271/271 299/299/299 508/508/508
f 271/271/271 508/508/508 497/497/497
f 58/58/58 88/88/88 432/432/432
f 58/58/58 432/432/432 154/154/154
f 495/495/495 496/496/496 462/462/462
f 495/495/495 462/462/462 465/465/465
f 34/34/34 74/74/74 168/168/168
f 34/34/34 168/168/168 423/423/423
f 236/236/236 232/232/232 710/710/710
f 236/236/236 710/710/710 684/684/684
f 304/304/304 274/274/274 446/446/446
f 304/304/304 446/446/446 490/490/490
f 84/84/84 53/53/53 145/145/145
f 84/84/84 145/145/145 182/182/182
f 153/153/153 430/430/430 458/458/458
f 153/153/153 458/458/458 487/487/487
f 183/183/183 146/146/146 484/484/484
f 183/183/183 484/484/484 468/468/468
f 138/138/138 153/153/153 487/487/487
f 138/138/138 487/487/487 483/483/483
f 146/146/146 141/141/141 437/437/437
f 146/146/146 437/437/437 484/484/484
f 410/410/410 422/422/422 447/447/447
f 410/410/410 447/447/447 444/444/444
f 421/421/421 202/202/202 450/450/450
f 421/421/421 450/450/450 448/448/448
f 417/417/417 210/210/210 456/456/456
f 417/417/417 456/456/456 454/454/454
f 430/430/430 433/433/433 460/460/460
f 430/430/430 460/460/460 458/458/458
f 392/392/392 415/415/415 464/464/464
f 392/392/392 464/464/464 461/461/461
f 188/188/188 183/183/183 468/468/468
f 188/188/188 468/468/468 466/466/466
f 425/425/425 160/160/160 488/488/488
f 425/425/425 488/488/488 478/478/478
f 167/167/167 172/172/172 481/481/481
f 167/167/167 481/481/481 491/491/491
f 397/397/397 188/188/188 466/466/466
f 397/397/397 466/466/466 470/470/470
f 433/433/433 402/402/402 477/477/477
f 433/433/433 477/477/477 460/460/460
f 160/160/160 421/421/421 448/448/448
f 160/160/160 448/448/448 488/488/488
f 422/422/422 167/167/167 491/491/491
f 422/422/422 491/491/491 447/447/447
f 202/202/202 392/392/392 461/461/461
f 202/202/202 461/461/461 450/450/450
f 400/400/400 397/397/397 470/470/470
f 400/400/400 470/470/470 472/472/472
f 141/141/141 425/425/425 478/478/478
f 141/141/141 478/478/478 437/437/437
f 402/402/402 405/405/405 441/441/441
f 402/402/402 441/441/441 477/477/477
f 172/172/172 138/138/138 483/483/483
f 172/172/172 483/483/483 481/481/481
f 210/210/210 410/410/410 444/444/444
f 210/210/210 444/444/444 456/456/456
f 66/66/66 50/50/50 139/139/139
f 66/66/66 139/139/139 173/173/173
f 262/262/262 318/318/318 459/459/459
f 262/262/262 459/459/459 476/476/476
f 406/406/406 15/15/15 679/679/679
f 406/406/406 679/679/679 724/724/724
f 507/507/507 506/506/506 438/438/438
f 507/507/507 438/438/438 479/479/479
f 503/503/503 91/91/91 77/77/77
f 77/77/77 187/187/187 396/396/396
f 77/77/77 396/396/396 503/503/503
f 29/29/29 20/20/20 412/412/412
f 29/29/29 412/412/412 211/211/211
f 88/88/88 81/81/81 436/436/436
f 88/88/88 436/436/436 432/432/432
f 288/288/288 285/285/285 480/480/480
f 288/288/288 480/480/480 482/482/482
f 81/81/81 96/96/96 403/403/403
f 81/81/81 403/403/403 436/436/436
f 106/106/106 101/101/101 413/413/413
f 106/106/106 413/413/413 391/391/391
f 506/506/506 504/504/504 485/485/485
f 506/506/506 485/485/485 438/438/438
f 25/25/25 29/29/29 211/211/211
f 25/25/25 211/211/211 418/418/418
f 295/295/295 288/288/288 482/482/482
f 295/295/295 482/482/482 486/486/486
f 103/103/103 494/494/494 463/463/463
f 103/103/103 463/463/463 414/414/414
f 496/496/496 498/498/498 451/451/451
f 496/496/496 451/451/451 462/462/462
f 508/508/508 507/507/507 479/479/479
f 508/508/508 479/479/479 489/489/489
f 510/510/510 110/110/110 200/200/200
f 510/510/510 200/200/200 420/420/420
f 505/505/505 502/502/502 475/475/475
f 505/505/505 475/475/475 471/471/471
f 284/284/284 303/303/303 490/490/490
f 284/284/284 490/490/490 480/480/480
f 20/20/20 34/34/34 423/423/423
f 20/20/20 423/423/423 412/412/412
f 265/265/265 262/262/262 476/476/476
f 265/265/265 476/476/476 440/440/440
f 497/497/497 508/508/508 489/489/489
f 497/497/497 489/489/489 449/449/449
f 159/159/159 69/69/69 30/30/30
f 30/30/30 509/509/509 419/419/419
f 30/30/30 419/419/419 159/159/159
f 246/246/246 1/1/1 218/218/218
f 246/246/246 218/218/218 320/320/320
f 35/35/35 23/23/23 220/220/220
f 35/35/35 220/220/220 354/354/354
f 363/363/363 366/366/366 810/810/810
f 363/363/363 810/810/810 808/808/808
f 359/359/359 356/356/356 805/805/805
f 359/359/359 805/805/805 807/807/807
f 336/336/336 701/701/701 849/849/849
f 336/336/336 849/849/849 772/772/772
f 694/694/694 696/696/696 848/848/848
f 694/694/694 848/848/848 846/846/846
f 389/389/389 333/333/333 781/781/781
f 389/389/389 781/781/781 783/783/783
f 341/341/341 351/351/351 802/802/802
f 341/341/341 802/802/802 794/794/794
f 690/690/690 694/694/694 846/846/846
f 690/690/690 846/846/846 736/736/736
f 256/256/256 259/259/259 502/502/502
f 256/256/256 502/502/502 505/505/505
f 31/31/31 9/9/9 110/110/110
f 31/31/31 110/110/110 510/510/510
f 298/298/298 276/276/276 507/507/507
f 298/298/298 507/507/507 508/508/508
f 251/251/251 253/253/253 498/498/498
f 251/251/251 498/498/498 496/496/496
f 3/3/3 247/247/247 494/494/494
f 3/3/3 494/494/494 103/103/103
f 279/279/279 291/291/291 504/504/504
f 279/279/279 504/504/504 506/506/506
f 276/276/276 280/280/280 506/506/506
f 276/276/276 506/506/506 507/507/507
f 249/249/249 251/251/251 496/496/496
f 249/249/249 496/496/496 495/495/495
f 306/306/306 309/309/309 493/493/493
f 306/306/306 493/493/493 492/492/492
f 253/253/253 271/271/271 497/497/497
f 253/253/253 497/497/497 498/498/498
f 442/442/442 404/404/404 723/723/723
f 442/442/442 723/723/723 721/721/721
f 6/6/6 91/91/91 503/503/503
f 6/6/6 503/503/503 500/500/500
f 290/290/290 306/306/306 492/492/492
f 290/290/290 492/492/492 504/504/504
f 310/310/310 256/256/256 505/505/505
f 310/310/310 505/505/505 493/493/493
f 327/327/327 382/382/382 789/789/789
f 327/327/327 789/789/789 791/791/791
f 222/222/222 353/353/353 826/826/826
f 222/222/222 826/826/826 742/742/742
f 347/347/347 325/325/325 780/780/780
f 347/347/347 780/780/780 801/801/801
f 221/221/221 345/345/345 798/798/798
f 221/221/221 798/798/798 754/754/754
f 692/692/692 690/690/690 736/736/736
f 692/692/692 736/736/736 740/740/740
f 371/371/371 386/386/386 822/822/822
f 371/371/371 822/822/822 814/814/814
f 344/344/344 339/339/339 792/792/792
f 344/344/344 792/792/792 796/796/796
f 219/219/219 222/222/222 742/742/742
f 219/219/219 742/742/742 744/744/744
f 379/379/379 367/367/367 813/813/813
f 379/379/379 813/813/813 821/821/821
f 323/323/323 321/321/321 787/787/787
f 323/323/323 787/787/787 777/777/777
f 386/386/386 389/389/389 783/783/783
f 386/386/386 783/783/783 822/822/822
f 339/339/339 341/341/341 794/794/794
f 339/339/339 794/794/794 792/792/792
f 353/353/353 221/221/221 754/754/754
f 353/353/353 754/754/754 826/826/826
f 382/382/382 379/379/379 821/821/821
f 382/382/382 821/821/821 789/789/789
f 333/333/333 336/336/336 772/772/772
f 333/333/333 772/772/772 781/781/781
f 351/351/351 377/377/377 818/818/818
f 351/351/351 818/818/818 802/802/802
f 330/330/330 327/327/327 791/791/791
f 330/330/330 791/791/791 775/775/775
f 374/374/374 347/347/347 801/801/801
f 374/374/374 801/801/801 817/817/817
f 325/325/325 323/323/323 777/777/777
f 325/325/325 777/777/777 780/780/780
f 377/377/377 363/363/363 808/808/808
f 377/377/377 808/808/808 818/818/818
f 356/356/356 374/374/374 817/817/817
f 356/356/356 817/817/817 805/805/805
f 696/696/696 706/706/706 853/853/853
f 696/696/696 853/853/853 848/848/848
f 366/366/366 371/371/371 814/814/814
f 366/366/366 814/814/814 810/810/810
f 707/707/707 330/330/330 775/775/775
f 707/707/707 775/775/775 854/854/854
f 526/526/526 524/524/524 568/568/568
f 526/526/526 568/568/568 569/569/569
f 544/544/544 520/520/520 565/565/565
f 544/544/544 565/565/565 581/581/581
f 521/521/521 517/517/517 563/563/563
f 521/521/521 563/563/563 566/566/566
f 512/512/512 536/536/536 576/576/576
f 512/512/512 576/576/576 560/560/560
f 254/254/254 308/308/308 531/531/531
f 254/254/254 531/531/531 534/534/534
f 383/383/383 329/329/329 558/558/558
f 383/383/383 558/558/558 555/555/555
f 297/297/297 269/269/269 519/519/519
f 297/297/297 519/519/519 522/522/522
f 308/308/308 383/383/383 555/555/555
f 308/308/308 555/555/555 531/531/531
f 289/289/289 368/368/368 549/549/549
f 289/289/289 549/549/549 525/525/525
f 348/348/348 373/373/373 546/546/546
f 348/348/348 546/546/546 543/543/543
f 380/380/380 305/305/305 528/528/528
f 380/380/380 528/528/528 552/552/552
f 358/358/358 278/278/278 516/516/516
f 358/358/358 516/516/516 540/540/540
f 278/278/278 275/275/275 513/513/513
f 278/278/278 513/513/513 516/516/516
f 275/275/275 355/355/355 537/537/537
f 275/275/275 537/537/537 513/513/513
f 355/355/355 358/358/358 540/540/540
f 355/355/355 540/540/540 537/537/537
f 373/373/373 297/297/297 522/522/522
f 373/373/373 522/522/522 546/546/546
f 529/529/529 553/553/553 587/587/587
f 529/529/529 587/587/587 571/571/571
f 532/532/532 530/530/530 572/572/572
f 532/532/532 572/572/572 573/573/573
f 551/551/551 527/527/527 570/570/570
f 551/551/551 570/570/570 586/586/586
f 535/535/535 539/539/539 578/578/578
f 535/535/535 578/578/578 575/575/575
f 557/557/557 533/533/533 574/574/574
f 557/557/557 574/574/574 590/590/590
f 541/541/541 545/545/545 582/582/582
f 541/541/541 582/582/582 579/579/579
f 518/518/518 542/542/542 580/580/580
f 518/518/518 580/580/580 564/564/564
f 548/548/548 550/550/550 585/585/585
f 548/548/548 585/585/585 584/584/584
f 523/523/523 547/547/547 583/583/583
f 523/523/523 583/583/583 567/567/567
f 554/554/554 556/556/556 589/589/589
f 554/554/554 589/589/589 588/588/588
f 515/515/515 511/511/511 559/559/559
f 515/515/515 559/559/559 562/562/562
f 538/538/538 514/514/514 561/561/561
f 538/538/538 561/561/561 577/577/577
f 270/270/270 252/252/252 326/326/326
f 270/270/270 326/326/326 349/349/349
f 252/252/252 250/250/250 324/324/324
f 252/252/252 324/324/324 326/326/326
f 250/250/250 248/248/248 322/322/322
f 250/250/250 322/322/322 324/324/324
f 455/455/455 443/443/443 591/591/591
f 455/455/455 591/591/591 592/592/592
f 273/273/273 591/591/591 443/443/443
f 273/273/273 443/443/443 445/445/445
f 452/452/452 455/455/455 592/592/592
f 452/452/452 592/592/592 266/266/266
f 342/342/342 591/591/591 273/273/273
f 342/342/342 273/273/273 352/352/352
f 342/342/342 340/340/340 592/592/592
f 342/342/342 592/592/592 591/591/591
f 340/340/340 343/343/343 266/266/266
f 340/340/340 266/266/266 592/592/592
f 607/607/607 610/610/610 652/652/652
f 607/607/607 652/652/652 650/650/650
f 618/618/618 594/594/594 641/641/641
f 618/618/618 641/641/641 657/657/657
f 601/601/601 604/604/604 648/648/648
f 601/601/601 648/648/648 646/646/646
f 615/615/615 639/639/639 671/671/671
f 615/615/615 671/671/671 655/655/655
f 261/261/261 335/335/335 638/638/638
f 261/261/261 638/638/638 614/614/614
f 313/313/313 387/387/387 632/632/632
f 313/313/313 632/632/632 608/608/608
f 390/390/390 316/316/316 611/611/611
f 390/390/390 611/611/611 635/635/635
f 294/294/294 313/313/313 608/608/608
f 294/294/294 608/608/608 605/605/605
f 362/362/362 282/282/282 593/593/593
f 362/362/362 593/593/593 617/617/617
f 372/372/372 294/294/294 605/605/605
f 372/372/372 605/605/605 629/629/629
f 387/387/387 372/372/372 629/629/629
f 387/387/387 629/629/629 632/632/632
f 287/287/287 365/365/365 620/620/620
f 287/287/287 620/620/620 596/596/596
f 316/316/316 261/261/261 614/614/614
f 316/316/316 614/614/614 611/611/611
f 335/335/335 390/390/390 635/635/635
f 335/335/335 635/635/635 638/638/638
f 272/272/272 302/302/302 602/602/602
f 272/272/272 602/602/602 599/599/599
f 378/378/378 350/350/350 623/623/623
f 378/378/378 623/623/623 626/626/626
f 597/597/597 621/621/621 659/659/659
f 597/597/597 659/659/659 643/643/643
f 613/613/613 616/616/616 656/656/656
f 613/613/613 656/656/656 654/654/654
f 603/603/603 627/627/627 663/663/663
f 603/603/603 663/663/663 647/647/647
f 622/622/622 619/619/619 658/658/658
f 622/622/622 658/658/658 660/660/660
f 609/609/609 633/633/633 667/667/667
f 609/609/609 667/667/667 651/651/651
f 628/628/628 625/625/625 662/662/662
f 628/628/628 662/662/662 664/664/664
f 636/636/636 612/612/612 653/653/653
f 636/636/636 653/653/653 669/669/669
f 634/634/634 631/631/631 666/666/666
f 634/634/634 666/666/666 668/668/668
f 624/624/624 600/600/600 645/645/645
f 624/624/624 645/645/645 661/661/661
f 640/640/640 637/637/637 670/670/670
f 640/640/640 670/670/670 672/672/672
f 595/595/595 598/598/598 644/644/644
f 595/595/595 644/644/644 642/642/642
f 630/630/630 606/606/606 649/649/649
f 630/630/630 649/649/649 665/665/665
f 681/681/681 674/674/674 709/709/709
f 681/681/681 709/709/709 711/711/711
f 674/674/674 678/678/678 683/683/683
f 674/674/674 683/683/683 709/709/709
f 680/680/680 687/687/687 697/697/697
f 680/680/680 697/697/697 695/695/695
f 676/676/676 693/693/693 704/704/704
f 676/676/676 704/704/704 699/699/699
f 733/733/733 732/732/732 729/729/729
f 733/733/733 729/729/729 725/725/725
f 673/673/673 680/680/680 695/695/695
f 673/673/673 695/695/695 691/691/691
f 676/676/676 673/673/673 691/691/691
f 676/676/676 691/691/691 693/693/693
f 686/686/686 681/681/681 711/711/711
f 686/686/686 711/711/711 713/713/713
f 697/697/697 687/687/687 716/716/716
f 697/697/697 716/716/716 705/705/705
f 677/677/677 700/700/700 720/720/720
f 677/677/677 720/720/720 722/722/722
f 717/717/717 688/688/688 732/732/732
f 717/717/717 732/732/732 733/733/733
f 474/474/474 501/501/501 734/734/734
f 474/474/474 734/734/734 727/727/727
f 703/703/703 692/692/692 740/740/740
f 703/703/703 740/740/740 851/851/851
f 264/264/264 439/439/439 719/719/719
f 264/264/264 719/719/719 698/698/698
f 319/319/319 219/219/219 744/744/744
f 319/319/319 744/744/744 786/786/786
f 401/401/401 473/473/473 726/726/726
f 401/401/401 726/726/726 730/730/730
f 240/240/240 227/227/227 714/714/714
f 240/240/240 714/714/714 712/712/712
f 230/230/230 8/8/8 689/689/689
f 230/230/230 689/689/689 715/715/715
f 258/258/258 332/332/332 708/708/708
f 258/258/258 708/708/708 718/718/718
f 367/367/367 359/359/359 807/807/807
f 367/367/367 807/807/807 813/813/813
f 774/774/774 749/749/749 847/847/847
f 774/774/774 847/847/847 852/852/852
f 741/741/741 758/758/758 745/745/745
f 741/741/741 745/745/745 743/743/743
f 757/757/757 752/752/752 795/795/795
f 757/757/757 795/795/795 803/803/803
f 747/747/747 756/756/756 800/800/800
f 747/747/747 800/800/800 779/779/779
f 751/751/751 753/753/753 797/797/797
f 751/751/751 797/797/797 793/793/793
f 743/743/743 745/745/745 776/776/776
f 743/743/743 776/776/776 785/785/785
f 752/752/752 751/751/751 793/793/793
f 752/752/752 793/793/793 795/795/795
f 738/738/738 750/750/750 782/782/782
f 738/738/738 782/782/782 773/773/773
f 748/748/748 749/749/749 774/774/774
f 748/748/748 774/774/774 790/790/790
f 745/745/745 746/746/746 778/778/778
f 745/745/745 778/778/778 776/776/776
f 750/750/750 771/771/771 784/784/784
f 750/750/750 784/784/784 782/782/782
f 737/737/737 738/738/738 739/739/739
f 737/737/737 739/739/739 735/735/735
f 769/769/769 748/748/748 790/790/790
f 769/769/769 790/790/790 788/788/788
f 760/760/760 761/761/761 806/806/806
f 760/760/760 806/806/806 804/804/804
f 763/763/763 762/762/762 809/809/809
f 763/763/763 809/809/809 811/811/811
f 761/761/761 764/764/764 812/812/812
f 761/761/761 812/812/812 806/806/806
f 765/765/765 763/763/763 811/811/811
f 765/765/765 811/811/811 815/815/815
f 766/766/766 760/760/760 804/804/804
f 766/766/766 804/804/804 816/816/816
f 762/762/762 767/767/767 819/819/819
f 762/762/762 819/819/819 809/809/809
f 755/755/755 766/766/766 816/816/816
f 755/755/755 816/816/816 799/799/799
f 767/767/767 757/757/757 803/803/803
f 767/767/767 803/803/803 819/819/819
f 768/768/768 769/769/769 788/788/788
f 768/768/768 788/788/788 820/820/820
f 771/771/771 770/770/770 823/823/823
f 771/771/771 823/823/823 784/784/784
f 764/764/764 768/768/768 820/820/820
f 764/764/764 820/820/820 812/812/812
f 770/770/770 765/765/765 815/815/815
f 770/770/770 815/815/815 823/823/823
f 769/769/769 768/768/768 833/833/833
f 769/769/769 833/833/833 834/834/834
f 766/766/766 755/755/755 828/828/828
f 766/766/766 828/828/828 832/832/832
f 760/760/760 766/766/766 832/832/832
f 760/760/760 832/832/832 829/829/829
f 764/764/764 761/761/761 830/830/830
f 764/764/764 830/830/830 831/831/831
f 761/761/761 760/760/760 829/829/829
f 761/761/761 829/829/829 830/830/830
f 746/746/746 745/745/745 758/758/758
f 746/746/746 758/758/758 827/827/827
f 755/755/755 746/746/746 827/827/827
f 755/755/755 827/827/827 828/828/828
f 768/768/768 764/764/764 831/831/831
f 768/768/768 831/831/831 833/833/833
f 824/824/824 748/748/748 769/769/769
f 824/824/824 769/769/769 834/834/834
f 748/748/748 824/824/824 759/759/759
f 748/748/748 759/759/759 749/749/749
f 767/767/767 762/762/762 838/838/838
f 767/767/767 838/838/838 841/841/841
f 752/752/752 757/757/757 837/837/837
f 752/752/752 837/837/837 836/836/836
f 770/770/770 771/771/771 843/843/843
f 770/770/770 843/843/843 842/842/842
f 771/771/771 750/750/750 844/844/844
f 771/771/771 844/844/844 843/843/843
f 763/763/763 765/765/765 840/840/840
f 763/763/763 840/840/840 839/839/839
f 757/757/757 767/767/767 841/841/841
f 757/757/757 841/841/841 837/837/837
f 765/765/765 770/770/770 842/842/842
f 765/765/765 842/842/842 840/840/840
f 762/762/762 763/763/763 839/839/839
f 762/762/762 839/839/839 838/838/838
f 751/751/751 752/752/752 836/836/836
f 751/751/751 836/836/836 835/835/835
f 737/737/737 844/844/844 750/750/750
f 737/737/737 750/750/750 738/738/738
f 737/737/737 759/759/759 824/824/824
f 737/737/737 824/824/824 844/844/844
f 824/824/824 834/834/834 843/843/843
f 824/824/824 843/843/843 844/844/844
f 834/834/834 833/833/833 842/842/842
f 834/834/834 842/842/842 843/843/843
f 833/833/833 831/831/831 840/840/840
f 833/833/833 840/840/840 842/842/842
f 831/831/831 830/830/830 839/839/839
f 831/831/831 839/839/839 840/840/840
f 830/830/830 829/829/829 838/838/838
f 830/830/830 838/838/838 839/839/839
f 829/829/829 832/832/832 841/841/841
f 829/829/829 841/841/841 838/838/838
f 832/832/832 828/828/828 837/837/837
f 832/832/832 837/837/837 841/841/841
f 828/828/828 827/827/827 836/836/836
f 828/828/828 836/836/836 837/837/837
f 827/827/827 758/758/758 835/835/835
f 827/827/827 835/835/835 836/836/836
f 751/751/751 835/835/835 825/825/825
f 751/751/751 825/825/825 753/753/753
f 758/758/758 741/741/741 825/825/825
f 758/758/758 825/825/825 835/835/835
f 759/759/759 737/737/737 735/735/735
f 759/759/759 735/735/735 845/845/845
f 749/749/749 759/759/759 845/845/845
f 749/749/749 845/845/845 847/847/847
f 738/738/738 773/773/773 850/850/850
f 738/738/738 850/850/850 739/739/739
o Object_5
usemtl COMICBOOKS
v 0.7011052966117859 0.11649313569068909 1.4481799900531769
v -0.7365590929985046 0.11649313569068909 1.4481799900531769
v -0.619520902633667 0.11649313569068909 1.4481799900531769
v 0.0530228465795517 0.11649313569068909 1.4481799900531769
v 0.7011052966117859 0.4623280167579651 1.3881795480847359
v -0.7365590929985046 0.4623280167579651 1.3881795480847359
v -0.619520902633667 0.4623280167579651 1.3881795480847359
v 0.0530228465795517 0.4623280167579651 1.3881795480847359
v 0.7011052966117859 0.48485270142555237 1.4283526709768921
v -0.7365590929985046 0.48485270142555237 1.4283526709768921
v -0.619520902633667 0.48485270142555237 1.4283526709768921
v 0.0530228465795517 0.48485270142555237 1.4283526709768921
v 0.7011052966117859 0.29780706763267517 1.4387958077713847
v -0.7365590929985046 0.29780706763267517 1.4387958077713847
v -0.619520902633667 0.29780706763267517 1.4387958077713847
v 0.0530228465795517 0.29780706763267517 1.4387958077713847
v 0.7011052966117859 0.2786191999912262 1.4039614535868168
v -0.7365590929985046 0.2786191999912262 1.4039614535868168
v -0.619520902633667 0.2786191999912262 1.4039614535868168
v 0.0530228465795517 0.2786191999912262 1.4039614535868168
v 0.7011052966117859 0.6740308403968811 1.4109693393111227
v -0.7365590929985046 0.6740308403968811 1.410969343036413
v -0.619520902633667 0.6740308403968811 1.4109693393111227
v 0.0530228465795517 0.6740308403968811 1.4109693393111227
v 0.7011052966117859 0.6510651111602783 1.3727147728204725
v -0.7365590929985046 0.6510651111602783 1.372714780271053
v -0.619520902633667 0.6510651111602783 1.3727147728204725
v 0.0530228465795517 0.6510651111602783 1.3727147728204725
v 0.7011052966117859 0.8075816631317139 1.366264574229717
v -0.7365590929985046 0.8075816631317139 1.366264574229717
v -0.619520902633667 0.8075816631317139 1.366264574229717
v 0.0530228465795517 0.8075816631317139 1.366264574229717
v 0.7434723973274231 0.30064862966537476 1.418153576552868
v 0.7341080904006958 0.44570448994636536 1.418153576552868
v 0.7551409602165222 0.11990037560462952 1.418153576552868
v 0.7460991144180298 0.25996074080467224 1.418153576552868
v 0.7318357229232788 0.48090338706970215 1.418153576552868
v 0.7229951024055481 0.6178467869758606 1.4181535765528677
v 0.7198452353477478 0.6666395664215088 1.4181535765528677
v 0.7109060883522034 0.8051081895828247 1.4181535765528677
v 0.7434723973274231 0.3006485998630523 1.1176867187023163
v 0.7341080904006958 0.4457044899463653 1.1176867187023163
v 0.7551409602165222 0.11990037560462945 1.1176867187023163
v 0.7460991144180298 0.2599607110023498 1.1176867187023163
v 0.7318357229232788 0.4809033870697021 1.1176867187023163
v 0.7229951024055481 0.6178467273712157 1.1176867187023163
v 0.7198452353477478 0.6666395068168639 1.117686718702316
v 0.7109060883522034 0.8051081895828246 1.117686718702316
v -0.8010811805725098 0.2954503297805786 1.4209237322211266
v -0.7771251201629639 0.4407408833503723 1.4209237322211266
v -0.8007867336273193 0.11887466907501221 1.4209237322211266
v -0.7774195671081543 0.2605937123298645 1.4209237322211266
v -0.8003621101379395 0.4806681275367737 1.4209237322211266
v -0.7778441905975342 0.6172366738319397 1.4209237322211263
v -0.8006752729415894 0.6657541990280151 1.4209237322211263
v -0.7775310277938843 0.8061213493347168 1.4209237322211263
v -0.8010811805725098 0.29545032978057856 1.11491659283638
v -0.7771251201629639 0.44074088335037226 1.11491659283638
v -0.8007867336273193 0.11887466907501214 1.11491659283638
v -0.7774195671081543 0.26059371232986445 1.11491659283638
v -0.8003621101379395 0.48066809773445124 1.11491659283638
v -0.7778441905975342 0.6172366142272948 1.11491659283638
v -0.8006752729415894 0.6657541394233703 1.1149165928363798
v -0.7775310277938843 0.8061213493347167 1.1149165928363798
vt 0.9621583223342896 0.10653817653656006
vt 0.023601004853844643 0.10653817653656006
vt 0.09872929751873016 0.10653817653656006
vt 0.5304437875747681 0.10653817653656006
vt 0.9544720649719238 0.45957237482070923
vt 0.03367355093359947 0.459572434425354
vt 0.10738028585910797 0.45957231521606445
vt 0.5309261679649353 0.459572434425354
vt 0.9541535377502441 0.47420549392700195
vt 0.034091055393218994 0.47420555353164673
vt 0.10773886740207672 0.4742054343223572
vt 0.5309461951255798 0.47420555353164673
vt 0.9582196474075317 0.2874411940574646
vt 0.028762415051460266 0.2874412536621094
vt 0.10316227376461029 0.2874411940574646
vt 0.5306909084320068 0.2874412536621094
vt 0.9584994316101074 0.27458620071411133
vt 0.028395645320415497 0.2745862603187561
vt 0.10284726321697235 0.27458620071411133
vt 0.5306733250617981 0.27458620071411133
vt 0.950006365776062 0.6646845936775208
vt 0.03952568769454956 0.6646846532821655
vt 0.11240650713443756 0.6646846532821655
vt 0.5312064290046692 0.6646846532821655
vt 0.9503374099731445 0.6494829058647156
vt 0.03909195959568024 0.6494829058647156
vt 0.11203399300575256 0.6494829058647156
vt 0.5311856865882874 0.6494829058647156
vt 0.9469401836395264 0.8055190443992615
vt 0.04354389011859894 0.8055192232131958
vt 0.11585762351751328 0.8055191040039062
vt 0.5313988924026489 0.8055191040039062
vt 0.7347678542137146 0.29071128368377686
vt 0.7347679138183594 0.4520242214202881
vt 0.7347678542137146 0.10626959800720215
vt 0.7347678542137146 0.2620270848274231
vt 0.7348084449768066 0.47524118423461914
vt 0.7347679138183594 0.6275323629379272
vt 0.7347857356071472 0.664935827255249
vt 0.7347678542137146 0.8189229965209961
vt 0.9542843103408813 0.29071128368377686
vt 0.949816107749939 0.4520242214202881
vt 0.9633120894432068 0.10626959800720215
vt 0.9551051259040833 0.2620270848274231
vt 0.9494969844818115 0.47524118423461914
vt 0.9465785622596741 0.627532422542572
vt 0.9459832906723022 0.6649357080459595
vt 0.9452565312385559 0.8189229965209961
vt 0.25076550245285034 0.2861478328704834
vt 0.25081220269203186 0.4466043710708618
vt 0.25081220269203186 0.10626959800720215
vt 0.25081220269203186 0.26278185844421387
vt 0.2507726848125458 0.4753584861755371
vt 0.25081220269203186 0.6261826753616333
vt 0.2507924437522888 0.6639038920402527
vt 0.25081220269203186 0.8189229965209961
vt 0.031216086819767952 0.2861478328704834
vt 0.035613805055618286 0.4466044306755066
vt 0.022268010303378105 0.10626959800720215
vt 0.030514754354953766 0.26278185844421387
vt 0.03608422726392746 0.4753584861755371
vt 0.038975268602371216 0.6261826753616333
vt 0.03959360718727112 0.6639038920402527
vt 0.04032362997531891 0.8189229965209961
vn 0 0.2630920269616769 0.9647707423783103
vn 0 0.2630920269616769 0.9647707423783103
vn 0 0.2630920269616769 0.9647707423783103
vn 0 0.2630920269616769 0.9647707423783103
vn 0 0.29409285817461295 0.9557768519747101
vn 0 0.29409285817461295 0.9557768519747101
vn 0 0.29409285817461295 0.9557768519747101
vn 0 0.29409285817461295 0.9557768519747101
vn 0 0.3173975140765243 0.948292580408622
vn 0 0.3173975140765243 0.948292580408622
vn 0 0.3173975140765243 0.948292580408622
vn 0 0.3173975140765243 0.948292580408622
vn 0 0.29409285817461295 0.9557768519747101
vn 0 0.29409285817461295 0.9557768519747101
vn 0 0.29409285817461295 0.9557768519747101
vn 0 0.29409285817461295 0.9557768519747101
vn 0 0.2630920269616769 0.9647707423783103
vn 0 0.2630920269616769 0.9647707423783103
vn 0 0.2630920269616769 0.9647707423783103
vn 0 0.2630920269616769 0.9647707423783103
vn 0 0.3173975140765243 0.948292580408622
vn 0 0.3173975140765243 0.948292580408622
vn 0 0.3173975140765243 0.948292580408622
vn 0 0.3173975140765243 0.948292580408622
vn 0 0.3173975140765243 0.948292580408622
vn 0 0.3173975140765243 0.948292580408622
vn 0 0.3173975140765243 0.948292580408622
vn 0 0.3173975140765243 0.948292580408622
vn 0 0.3173975140765243 0.948292580408622
vn 0 0.3173975140765243 0.948292580408622
vn 0 0.3173975140765243 0.948292580408622
vn 0 0.3173975140765243 0.948292580408622
vn 0.9979240649136037 0.06440155794939632 -1.4300018491430216e-17
vn 0.9979240649136037 0.06440155794939632 -1.4300018491430216e-17
vn 0.9979240649136037 0.06440155794939632 -1.4300018491430216e-17
vn 0.9979240649136037 0.06440155794939632 -1.4300018491430216e-17
vn 0.9979240649136037 0.06440155794939632 -1.4300018491430216e-17
vn 0.9979240649136037 0.06440155794939632 -1.4300018491430216e-17
vn 0.9979240649136037 0.06440155794939632 -1.4300018491430216e-17
vn 0.9979240649136037 0.06440155794939632 -1.4300018491430216e-17
vn 0.9979240649136037 0.06440155794939632 -1.4300018491430216e-17
vn 0.9979240649136037 0.06440155794939632 -1.4300018491430216e-17
vn 0.9979240649136037 0.06440155794939632 -1.4300018491430216e-17
vn 0.9979240649136037 0.06440155794939632 -1.4300018491430216e-17
vn 0.9979240649136037 0.06440155794939632 -1.4300018491430216e-17
vn 0.9979240649136037 0.06440155794939632 -1.4300018491430216e-17
vn 0.9979240649136037 0.06440155794939632 -1.4300018491430216e-17
vn 0.9979240649136037 0.06440155794939632 -1.4300018491430216e-17
vn -0.9866762319846253 0.16269607627912228 -3.6125785980250463e-17
vn -0.9866762319846253 0.16269607627912228 -3.6125785980250463e-17
vn -0.9866762319846253 0.16269607627912228 -3.6125785980250463e-17
vn -0.9866762319846253 0.16269607627912228 -3.6125785980250463e-17
vn -0.9866762319846253 0.16269607627912228 -3.6125785980250463e-17
vn -0.9866762319846253 0.16269607627912228 -3.6125785980250463e-17
vn -0.9866762319846253 0.16269607627912228 -3.6125785980250463e-17
vn -0.9866762319846253 0.16269607627912228 -3.6125785980250463e-17
vn -0.9866762319846253 0.16269607627912228 -3.6125785980250463e-17
vn -0.9866762319846253 0.16269607627912228 -3.6125785980250463e-17
vn -0.9866762319846253 0.16269607627912228 -3.6125785980250463e-17
vn -0.9866762319846253 0.16269607627912228 -3.6125785980250463e-17
vn -0.9866762319846253 0.16269607627912228 -3.6125785980250463e-17
vn -0.9866762319846253 0.16269607627912228 -3.6125785980250463e-17
vn -0.9866762319846253 0.16269607627912228 -3.6125785980250463e-17
vn -0.9866762319846253 0.16269607627912228 -3.6125785980250463e-17
f 869/869/869 870/870/870 862/862/862
f 869/869/869 862/862/862 861/861/861
f 868/868/868 869/869/869 861/861/861
f 868/868/868 861/861/861 860/860/860
f 870/870/870 867/867/867 859/859/859
f 870/870/870 859/859/859 862/862/862
f 857/857/857 858/858/858 874/874/874
f 857/857/857 874/874/874 873/873/873
f 856/856/856 857/857/857 873/873/873
f 856/856/856 873/873/873 872/872/872
f 858/858/858 855/855/855 871/871/871
f 858/858/858 871/871/871 874/874/874
f 866/866/866 863/863/863 879/879/879
f 866/866/866 879/879/879 882/882/882
f 864/864/864 865/865/865 881/881/881
f 864/864/864 881/881/881 880/880/880
f 865/865/865 866/866/866 882/882/882
f 865/865/865 882/882/882 881/881/881
f 877/877/877 878/878/878 886/886/886
f 877/877/877 886/886/886 885/885/885
f 876/876/876 877/877/877 885/885/885
f 876/876/876 885/885/885 884/884/884
f 878/878/878 875/875/875 883/883/883
f 878/878/878 883/883/883 886/886/886
f 894/894/894 893/893/893 901/901/901
f 894/894/894 901/901/901 902/902/902
f 890/890/890 889/889/889 897/897/897
f 890/890/890 897/897/897 898/898/898
f 892/892/892 891/891/891 899/899/899
f 892/892/892 899/899/899 900/900/900
f 888/888/888 887/887/887 895/895/895
f 888/888/888 895/895/895 896/896/896
f 903/903/903 904/904/904 912/912/912
f 903/903/903 912/912/912 911/911/911
f 909/909/909 910/910/910 918/918/918
f 909/909/909 918/918/918 917/917/917
f 905/905/905 906/906/906 914/914/914
f 905/905/905 914/914/914 913/913/913
f 907/907/907 908/908/908 916/916/916
f 907/907/907 916/916/916 915/915/915
o Object_7
usemtl SHELF
v 0.8638230562210083 0.8168509006500244 1.4273490309715269
v 0.8638230562210083 0.8168509006500244 1.4273490309715269
v 0.8514657318592072 0.10304922610521317 1.4273490458726883
v 0.8514657318592072 0.10304922610521317 1.4273490458726883
v 0.8514657318592072 0.10304922610521317 1.4273490458726883
v 0.8514657318592072 0.10304922610521317 1.4273490458726883
v 0.851465716958046 0.2839522659778595 1.4273490458726883
v 0.851465716958046 0.2839522659778595 1.4273490458726883
v 0.851465716958046 0.44217026233673096 1.4273490458726883
v 0.851465716958046 0.44217026233673096 1.4273490458726883
v 0.851465716958046 0.4649418592453003 1.427349030971527
v 0.851465716958046 0.4649418592453003 1.427349030971527
v 1.1908729523420334 0.8168509006500244 1.4273489862680433
v 1.1908729523420334 0.8168509006500244 1.4273489862680433
v 0.851465716958046 0.2558184266090393 1.4273490458726883
v 0.851465716958046 0.2558184266090393 1.4273490458726883
v 0.8638230860233307 -0.001580259646289035 1.5179028064012527
v 0.8638230860233307 -0.001580259646289035 1.5179028064012527
v 0.8638230860233307 0.07570148259401323 1.517902821302414
v 0.8638230860233307 0.09791160374879838 1.517902821302414
v 0.8638230860233307 0.09791160374879838 1.517902821302414
v 0.8638230562210083 0.802030086517334 1.5179027915000913
v 0.8638230562210083 0.802030086517334 1.5179027915000913
v 0.8638230562210083 0.802030086517334 1.5179027915000913
v 0.8638230562210083 0.8090109825134277 1.5179027915000913
v 0.8638230562210083 0.8090109825134277 1.5179027915000913
v 0.8638230562210083 0.8090109825134277 1.5179027915000913
v 0.8638230860233307 0.10304922610521318 1.517902821302414
v 0.8638230860233307 0.10304922610521318 1.517902821302414
v 0.8638230860233307 0.10304922610521318 1.517902821302414
v 0.8638230860233307 0.2839522957801819 1.5179028064012527
v 0.8638230860233307 0.2839522957801819 1.5179028064012527
v 0.8638230860233307 0.2839522957801819 1.5179028064012527
v 0.8638230711221695 0.44217026233673096 1.5179027915000916
v 0.8638230711221695 0.44217026233673096 1.5179027915000916
v 0.8638230711221695 0.44217026233673096 1.5179027915000916
v 0.8638230711221695 0.4649418592453003 1.5179027915000916
v 0.8638230711221695 0.4649418592453003 1.5179027915000916
v 0.8638230711221695 0.4649418592453003 1.5179027915000916
v 0.8638230860233307 0.2558184266090393 1.5179028064012527
v 0.8638230860233307 0.2558184266090393 1.5179028064012527
v 0.8638230860233307 0.2558184266090393 1.5179028064012527
v 0.8638230711221695 0.6143112182617188 1.5179027915000913
v 0.8638230711221695 0.6143112182617188 1.5179027915000913
v 0.8638230711221695 0.6143112182617188 1.5179027915000913
v 0.8638230562210083 0.6509970426559448 1.5179027915000913
v 0.8638230562210083 0.6509970426559448 1.5179027915000913
v 0.8638230562210083 0.6509970426559448 1.5179027915000913
v 1.1908729821443558 -0.001580259646289035 1.5179027765989304
v 1.1908729821443558 -0.001580259646289035 1.5179027765989304
v 1.1908729821443558 -0.001580259646289035 1.5179027765989304
v 1.1908729821443558 0.07570148259401323 1.5179027616977692
v 1.1908729821443558 0.09791160374879838 1.5179027616977692
v 1.1908729821443558 0.09791160374879838 1.5179027616977692
v 1.1908729523420334 0.802030086517334 1.5179027318954466
v 1.1908729523420334 0.802030086517334 1.5179027318954466
v 1.1908729523420334 0.802030086517334 1.5179027318954466
v 1.1908729523420334 0.8090109825134277 1.5179027467966077
v 1.1908729523420334 0.8090109825134277 1.5179027467966077
v 1.1908729523420334 0.8090109825134277 1.5179027467966077
v 1.1908729821443558 0.10304922610521318 1.5179027616977692
v 1.1908729821443558 0.10304922610521318 1.5179027616977692
v 1.1908729821443558 0.10304922610521318 1.5179027616977692
v 1.1908729821443558 0.2839522361755371 1.5179027616977692
v 1.1908729821443558 0.2839522361755371 1.5179027616977692
v 1.1908729821443558 0.2839522361755371 1.5179027616977692
v 1.1908729672431946 0.44217023253440857 1.5179027616977692
v 1.1908729672431946 0.44217023253440857 1.5179027616977692
v 1.1908729672431946 0.44217023253440857 1.5179027616977692
v 1.1908729672431946 0.4649418294429779 1.5179027616977692
v 1.1908729672431946 0.4649418294429779 1.5179027616977692
v 1.1908729672431946 0.4649418294429779 1.5179027616977692
v 1.1908729821443558 0.2558184266090393 1.5179027616977692
v 1.1908729821443558 0.2558184266090393 1.5179027616977692
v 1.1908729821443558 0.2558184266090393 1.5179027616977692
v 1.1908729672431946 0.6143112182617188 1.5179027467966077
v 1.1908729672431946 0.6143112182617188 1.5179027467966077
v 1.1908729672431946 0.6143112182617188 1.5179027467966077
v 1.1908729523420334 0.6509969830513 1.5179027467966077
v 1.1908729523420334 0.6509969830513 1.5179027467966077
v 1.1908729523420334 0.6509969830513 1.5179027467966077
v 0.8514657020568848 0.6143112182617188 1.427349045872688
v 0.8514657020568848 0.6143112182617188 1.427349045872688
v 1.205631509423256 0.8168509006500244 1.4273489862680433
v 1.205631509423256 0.8168509006500244 1.4273489862680433
v 1.205631509423256 0.8168509006500244 1.4273489862680433
v 0.8514657318592072 -0.0015802596462890551 1.4273490607738495
v 0.8514657318592072 -0.0015802596462890551 1.4273490607738495
v 0.8514657318592072 -0.0015802596462890551 1.4273490607738495
v 1.205631509423256 0.614311158657074 1.4273489862680433
v 1.205631509423256 0.614311158657074 1.4273489862680433
v 1.2056315243244171 0.2558184266090393 1.4273490011692047
v 1.2056315243244171 0.2558184266090393 1.4273490011692047
v 1.2056315243244171 0.4649418294429779 1.4273490011692047
v 1.2056315243244171 0.4649418294429779 1.4273490011692047
v 1.2056315243244171 0.44217023253440857 1.4273490011692047
v 1.2056315243244171 0.44217023253440857 1.4273490011692047
v 1.2056315243244171 0.2839522957801819 1.4273490011692047
v 1.2056315243244171 0.2839522957801819 1.4273490011692047
v 1.2056315392255783 0.10304922610521317 1.4273490011692047
v 1.2056315392255783 0.10304922610521317 1.4273490011692047
v 1.2056315392255783 0.10304922610521317 1.4273490011692047
v 1.2056315392255783 0.10304922610521317 1.4273490011692047
v 0.8514657020568848 0.6509970426559448 1.4273490309715269
v 0.8514657020568848 0.6509970426559448 1.4273490309715269
v 1.205631509423256 0.802030086517334 1.427348971366882
v 1.205631509423256 0.802030086517334 1.427348971366882
v 1.205631509423256 0.6509970426559448 1.4273489862680433
v 1.205631509423256 0.6509970426559448 1.4273489862680433
v 1.2056315392255783 -0.0015802596462890551 1.427349016070366
v 1.2056315392255783 -0.0015802596462890551 1.427349016070366
v 1.2056315392255783 -0.0015802596462890551 1.427349016070366
v 1.2056315392255783 0.09791160374879837 1.4273490011692047
v 1.2056315392255783 0.09791160374879837 1.4273490011692047
v 1.2056315392255783 0.09791160374879837 1.4273490011692047
v 1.2056315392255783 0.09791160374879837 1.4273490011692047
v 1.2056315392255783 0.07570148259401321 1.4273490011692047
v 1.2056315392255783 0.07570148259401321 1.4273490011692047
v 1.205631509423256 0.8090109825134277 1.4273489862680433
v 1.205631509423256 0.8090109825134277 1.4273489862680433
v 0.8771146088838577 0.29038238525390625 1.5179028064012527
v 0.8771146088838577 0.29038238525390625 1.5179028064012527
v 0.8771146088838577 0.29038238525390625 1.5179028064012527
v 0.8771145939826965 0.4357401728630066 1.5179027915000916
v 0.8771145939826965 0.4357401728630066 1.5179027915000916
v 0.8771145939826965 0.4357401728630066 1.5179027915000916
v 0.8771146088838577 0.10925788432359697 1.517902821302414
v 0.8771146088838577 0.10925788432359697 1.517902821302414
v 0.8771146088838577 0.10925788432359697 1.517902821302414
v 0.8771146088838577 0.24960979819297793 1.5179028064012527
v 0.8771146088838577 0.24960979819297793 1.5179028064012527
v 0.8771146088838577 0.24960979819297793 1.5179028064012527
v 0.8771145939826965 0.47101232409477234 1.5179028064012527
v 0.8771145939826965 0.47101232409477234 1.5179028064012527
v 0.8771145939826965 0.47101232409477234 1.5179028064012527
v 0.8771145939826965 0.6082407236099243 1.5179027915000913
v 0.8771145939826965 0.6082407236099243 1.5179027915000913
v 0.8771145939826965 0.6082407236099243 1.5179027915000913
v 0.8771145790815353 0.6571351289749146 1.5179027765989301
v 0.8771145790815353 0.6571351289749146 1.5179027765989301
v 0.8771145790815353 0.6571351289749146 1.5179027765989301
v 0.8771145790815353 0.7958920001983643 1.5179027915000913
v 0.8771145790815353 0.7958920001983643 1.5179027915000913
v 0.8771145790815353 0.7958920001983643 1.5179027915000913
v 1.17758147418499 0.2903823256492615 1.5179027616977692
v 1.17758147418499 0.2903823256492615 1.5179027616977692
v 1.17758147418499 0.2903823256492615 1.5179027616977692
v 1.1775814592838287 0.4357401430606842 1.5179027616977692
v 1.1775814592838287 0.4357401430606842 1.5179027616977692
v 1.1775814592838287 0.4357401430606842 1.5179027616977692
v 1.17758147418499 0.10925788432359697 1.5179027616977692
v 1.17758147418499 0.10925788432359697 1.5179027616977692
v 1.17758147418499 0.10925788432359697 1.5179027616977692
v 1.17758147418499 0.24960978329181674 1.5179027616977692
v 1.17758147418499 0.24960978329181674 1.5179027616977692
v 1.17758147418499 0.24960978329181674 1.5179027616977692
v 1.1775814592838287 0.47101232409477234 1.5179027616977692
v 1.1775814592838287 0.47101232409477234 1.5179027616977692
v 1.1775814592838287 0.47101232409477234 1.5179027616977692
v 1.1775814592838287 0.6082407236099243 1.5179027467966077
v 1.1775814592838287 0.6082407236099243 1.5179027467966077
v 1.1775814592838287 0.6082407236099243 1.5179027467966077
v 1.1775814443826675 0.6571350693702698 1.5179027467966077
v 1.1775814443826675 0.6571350693702698 1.5179027467966077
v 1.1775814443826675 0.6571350693702698 1.5179027467966077
v 1.1775814443826675 0.7958920001983643 1.5179027318954466
v 1.1775814443826675 0.7958920001983643 1.5179027318954466
v 1.1775814443826675 0.7958920001983643 1.5179027318954466
v 0.8771145939826965 0.2943658232688904 1.5062441974878311
v 0.8771145939826965 0.2943658232688904 1.5062441974878311
v 0.8771145939826965 0.43212684988975525 1.459867537021637
v 0.8771145939826965 0.43212684988975525 1.459867537021637
v 0.8771146088838577 0.11235667020082475 1.5038544237613678
v 0.8771146088838577 0.11235667020082475 1.5038544237613678
v 0.8771145939826965 0.24764403700828552 1.4664914160966873
v 0.8771145939826965 0.24764403700828552 1.4664914160966873
v 0.8771145939826965 0.4761110842227936 1.498076930642128
v 0.8771145939826965 0.4761110842227936 1.498076930642128
v 0.8771145790815353 0.6027786731719971 1.4452851414680479
v 0.8771145790815353 0.6027786731719971 1.4452851414680479
v 0.8771145790815353 0.6590432524681091 1.5001006573438642
v 0.8771145790815353 0.6590432524681091 1.5001006573438642
v 0.8771145790815353 0.7928440570831299 1.463347017765045
v 0.8771145790815353 0.7928440570831299 1.463347017765045
v 1.1775814592838287 0.2943658232688904 1.5062441527843475
v 1.1775814592838287 0.2943658232688904 1.5062441527843475
v 1.1775814592838287 0.43212682008743286 1.4598675072193146
v 1.1775814592838287 0.43212682008743286 1.4598675072193146
v 1.17758147418499 0.11235667020082475 1.5038543790578842
v 1.17758147418499 0.11235667020082475 1.5038543790578842
v 1.1775814592838287 0.24764400720596313 1.4664913713932037
v 1.1775814592838287 0.24764400720596313 1.4664913713932037
v 1.1775814592838287 0.4761110842227936 1.4980768859386444
v 1.1775814592838287 0.4761110842227936 1.4980768859386444
v 1.1775814443826675 0.6027786135673523 1.4452850967645643
v 1.1775814443826675 0.6027786135673523 1.4452850967645643
v 1.1775814443826675 0.6590431928634644 1.5001006275415418
v 1.1775814443826675 0.6590431928634644 1.5001006275415418
v 1.1775814443826675 0.7928440570831299 1.4633469730615614
v 1.1775814443826675 0.7928440570831299 1.4633469730615614
v 1.1908729821443558 -0.0015802596462890551 1.427349016070366
v 1.1908729821443558 -0.0015802596462890551 1.427349016070366
v 1.1908729821443558 -0.0015802596462890551 1.427349016070366
v 0.8638230860233307 -0.0015802596462890551 1.4273490458726883
v 0.8638230860233307 -0.0015802596462890551 1.4273490458726883
v 1.1908729523420334 0.8168509006500244 1.5179027467966077
v 1.1908729523420334 0.8168509006500244 1.5179027467966077
v 1.1908729523420334 0.8168509006500244 1.5179027467966077
v 0.8514657020568848 0.8168509006500244 1.4273490309715269
v 0.8514657020568848 0.8168509006500244 1.4273490309715269
v 0.8514657020568848 0.8168509006500244 1.4273490309715269
v 0.8638230562210083 0.8168509006500244 1.5179027915000913
v 0.8638230562210083 0.8168509006500244 1.5179027915000913
v 0.8638230562210083 0.8168509006500244 1.5179027915000913
v 0.8514657318592072 0.07570148259401321 1.4273490458726883
v 0.8514657318592072 0.07570148259401321 1.4273490458726883
v 0.8514657318592072 0.09791160374879837 1.4273490458726883
v 0.8514657318592072 0.09791160374879837 1.4273490458726883
v 0.8514657318592072 0.09791160374879837 1.4273490458726883
v 0.8514657318592072 0.09791160374879837 1.4273490458726883
v 0.8514657020568848 0.802030086517334 1.4273490160703657
v 0.8514657020568848 0.802030086517334 1.4273490160703657
v 0.8514657020568848 0.8090109825134277 1.4273490309715269
v 0.8514657020568848 0.8090109825134277 1.4273490309715269
v 0.8514657020568848 0.8168509006500244 1.5179027915000913
v 0.8514657020568848 0.8168509006500244 1.5179027915000913
v 0.8514657020568848 0.8168509006500244 1.5179027915000913
v 0.8514657020568848 0.6509970426559448 1.5179027915000913
v 0.8514657020568848 0.6509970426559448 1.5179027915000913
v 0.851465716958046 0.6143112182617188 1.5179027915000913
v 0.851465716958046 0.6143112182617188 1.5179027915000913
v 0.8514657318592072 0.2558184266090393 1.5179028064012527
v 0.8514657318592072 0.2558184266090393 1.5179028064012527
v 0.851465716958046 0.4649418592453003 1.5179027915000916
v 0.851465716958046 0.4649418592453003 1.5179027915000916
v 0.851465716958046 0.44217026233673096 1.5179027915000916
v 0.851465716958046 0.44217026233673096 1.5179027915000916
v 0.8514657318592072 0.2839522659778595 1.5179028064012527
v 0.8514657318592072 0.2839522659778595 1.5179028064012527
v 0.8514657318592072 0.10304922610521318 1.517902821302414
v 0.8514657318592072 0.10304922610521318 1.517902821302414
v 0.8514657318592072 0.10304922610521318 1.517902821302414
v 0.8514657318592072 0.10304922610521318 1.517902821302414
v 0.8514657020568848 0.8090109825134277 1.5179027915000913
v 0.8514657020568848 0.8090109825134277 1.5179027915000913
v 0.8514657020568848 0.802030086517334 1.5179027915000913
v 0.8514657020568848 0.802030086517334 1.5179027915000913
v 0.8514657318592072 0.09791160374879838 1.517902821302414
v 0.8514657318592072 0.09791160374879838 1.517902821302414
v 0.8514657318592072 0.09791160374879838 1.517902821302414
v 0.8514657318592072 0.09791160374879838 1.517902821302414
v 0.8514657318592072 0.07570148259401323 1.517902821302414
v 0.8514657318592072 0.07570148259401323 1.517902821302414
v 1.205631509423256 0.8090109825134277 1.5179027467966077
v 1.205631509423256 0.8090109825134277 1.5179027467966077
v 1.2056315392255783 0.07570148259401323 1.5179027616977692
v 1.2056315392255783 0.07570148259401323 1.5179027616977692
v 1.2056315392255783 0.09791160374879838 1.5179027616977692
v 1.2056315392255783 0.09791160374879838 1.5179027616977692
v 1.2056315392255783 0.09791160374879838 1.5179027616977692
v 1.2056315392255783 0.09791160374879838 1.5179027616977692
v 1.2056315392255783 -0.001580259646289035 1.5179027765989304
v 1.2056315392255783 -0.001580259646289035 1.5179027765989304
v 1.2056315392255783 -0.001580259646289035 1.5179027765989304
v 1.205631509423256 0.6509970426559448 1.5179027467966077
v 1.205631509423256 0.6509970426559448 1.5179027467966077
v 1.205631509423256 0.802030086517334 1.5179027318954466
v 1.205631509423256 0.802030086517334 1.5179027318954466
v 1.2056315392255783 0.10304922610521318 1.5179027616977692
v 1.2056315392255783 0.10304922610521318 1.5179027616977692
v 1.2056315392255783 0.10304922610521318 1.5179027616977692
v 1.2056315392255783 0.10304922610521318 1.5179027616977692
v 1.2056315392255783 0.2839522957801819 1.5179027616977692
v 1.2056315392255783 0.2839522957801819 1.5179027616977692
v 1.2056315243244171 0.44217023253440857 1.5179027616977692
v 1.2056315243244171 0.44217023253440857 1.5179027616977692
v 1.2056315243244171 0.4649418294429779 1.5179027616977692
v 1.2056315243244171 0.4649418294429779 1.5179027616977692
v 1.2056315392255783 0.2558184266090393 1.5179027616977692
v 1.2056315392255783 0.2558184266090393 1.5179027616977692
v 1.2056315243244171 0.614311158657074 1.5179027467966077
v 1.2056315243244171 0.614311158657074 1.5179027467966077
v 0.8514657318592072 -0.001580259646289035 1.5179028064012527
v 0.8514657318592072 -0.001580259646289035 1.5179028064012527
v 0.8514657318592072 -0.001580259646289035 1.5179028064012527
v 1.205631509423256 0.8168509006500244 1.5179027467966077
v 1.205631509423256 0.8168509006500244 1.5179027467966077
v 1.205631509423256 0.8168509006500244 1.5179027467966077
v 1.1975913792848587 0.07570148259401321 1.4273490011692047
v 1.1975913792848587 0.09791160374879837 1.4273490011692047
v 1.1975913792848587 0.09791160374879837 1.4273490011692047
v 1.1975913792848587 0.10304922610521317 1.4273490011692047
v 1.1975913792848587 0.10304922610521317 1.4273490011692047
v 1.1975913643836975 0.2558184266090393 1.4273490011692047
v 1.1975913643836975 0.2839522361755371 1.4273490011692047
v 1.1975913643836975 0.44217023253440857 1.4273490011692047
v 1.1975913643836975 0.4649418294429779 1.4273490011692047
v 1.1975913494825363 0.6143112182617188 1.4273489862680433
v 1.1975913494825363 0.6509969830513 1.4273489862680433
v 1.1975913494825363 0.802030086517334 1.427348971366882
v 1.1975913494825363 0.8090109825134277 1.4273489862680433
v 0.8610447645187378 0.07570148259401321 1.4273490458726883
v 0.8610447645187378 0.09791160374879837 1.4273490458726883
v 0.8610447645187378 0.09791160374879837 1.4273490458726883
v 0.8610447645187378 0.10304922610521317 1.4273490458726883
v 0.8610447645187378 0.10304922610521317 1.4273490458726883
v 0.8610447496175766 0.2558184266090393 1.4273490458726883
v 0.8610447496175766 0.2839522957801819 1.4273490458726883
v 0.8610447496175766 0.44217026233673096 1.4273490458726883
v 0.8610447496175766 0.4649418592453003 1.427349030971527
v 0.8610447347164154 0.6143112182617188 1.4273490309715269
v 0.8610447347164154 0.6509970426559448 1.4273490309715269
v 0.8610447347164154 0.802030086517334 1.4273490160703657
v 0.8610447347164154 0.8090109825134277 1.4273490309715269
vt 0.2570361793041229 0.8502065539360046
vt 0.2745152711868286 0.8520519733428955
vt 0.26521602272987366 0.8951447010040283
vt 0.2704673409461975 0.8504854440689087
vt 0.2563009262084961 0.9150283336639404
vt 0.26536089181900024 0.9105220437049866
vt 0.2704673409461975 0.8603039979934692
vt 0.2563009262084961 0.899474024772644
vt 0.2704673409461975 0.8688913583755493
vt 0.2563009262084961 0.8858705759048462
vt 0.2704673409461975 0.8701272010803223
vt 0.2563009262084961 0.8839124441146851
vt 0.2641095519065857 0.8502065539360046
vt 0.2745152711868286 0.8698026537895203
vt 0.2704673409461975 0.8587769269943237
vt 0.2563009262084961 0.9018930196762085
vt 0.4407283067703247 0.004166007041931152
vt 0.490757018327713 0.007716774940490723
vt 0.490757018327713 0.0615992546081543
vt 0.26491615176200867 0.9058585166931152
vt 0.490757018327713 0.07708460092544556
vt 0.26447924971580505 0.8533508777618408
vt 0.26568403840065 0.8549293875694275
vt 0.2658521234989166 0.8673169612884521
vt 0.26568403840065 0.8543292880058289
vt 0.2658521234989166 0.8670090436935425
vt 0.2708810269832611 0.9753758907318115
vt 0.26447924971580505 0.8533508777618408
vt 0.26536089181900024 0.9058585166931152
vt 0.26568403840065 0.9150283336639404
vt 0.2547398805618286 0.8533508777618408
vt 0.26568403840065 0.899474024772644
vt 0.7347678542137146 0.29071128368377686
vt 0.24465312063694 0.8533508777618408
vt 0.26568403840065 0.8858705759048462
vt 0.7347679138183594 0.4520242214202881
vt 0.26568403840065 0.8839124441146851
vt 0.2836305797100067 0.8533508777618408
vt 0.7347677946090698 0.47524118423461914
vt 0.2547398805618286 0.8533508777618408
vt 0.26568403840065 0.9018930196762085
vt 0.7347679138183594 0.2620270252227783
vt 0.26568403840065 0.8710696697235107
vt 0.274107962846756 0.8533508777618408
vt 0.7347679138183594 0.6275322437286377
vt 0.26568403840065 0.8679153919219971
vt 0.274107962846756 0.8533508777618408
vt 0.7347678542137146 0.6649357676506042
vt 0.2579289972782135 0.9229419827461243
vt 0.5827484726905823 0.004166007041931152
vt 0.6346986293792725 0.007716774940490723
vt 0.6346986293792725 0.0615992546081543
vt 0.26491615176200867 0.8609994053840637
vt 0.6346986293792725 0.07708460092544556
vt 0.2603504955768585 0.8673169612884521
vt 0.26447924971580505 0.8863808512687683
vt 0.2648966908454895 0.9107469916343689
vt 0.2603504955768585 0.8670090436935425
vt 0.2648966908454895 0.9113474488258362
vt 0.2848721444606781 0.9738169312477112
vt 0.26447924971580505 0.8863808512687683
vt 0.2648966908454895 0.8506484031677246
vt 0.26536089181900024 0.8609994053840637
vt 0.2547398805618286 0.8863808512687683
vt 0.2648966908454895 0.8662023544311523
vt 0.9542843103408813 0.29071128368377686
vt 0.24465312063694 0.8863808512687683
vt 0.2648966908454895 0.8798061609268188
vt 0.9494231939315796 0.45202410221099854
vt 0.2648966908454895 0.8817639350891113
vt 0.2836305797100067 0.8863808512687683
vt 0.9494231939315796 0.4752412438392639
vt 0.2547398805618286 0.8863808512687683
vt 0.2648966908454895 0.8637833595275879
vt 0.9542844295501709 0.2620270252227783
vt 0.2648966908454895 0.89460688829422
vt 0.274107962846756 0.8863808512687683
vt 0.9459508657455444 0.6275324821472168
vt 0.2648966908454895 0.8977611660957336
vt 0.274107962846756 0.8863808512687683
vt 0.9459508657455444 0.6649357080459595
vt 0.2704673409461975 0.878234326839447
vt 0.2563009262084961 0.8710696697235107
vt 0.2648966908454895 0.8502065539360046
vt 0.2745152711868286 0.8717783093452454
vt 0.2704673409461975 0.8914039731025696
vt 0.8619793653488159 0.07105064392089844
vt 0.4757930636405945 0.007716774940490723
vt 0.4407283067703247 0.004166007041931152
vt 0.2648966908454895 0.8710696697235107
vt 0.2704673409461975 0.878234326839447
vt 0.2648966908454895 0.9018930196762085
vt 0.2704673409461975 0.8587769269943237
vt 0.2648966908454895 0.8839124441146851
vt 0.2704673409461975 0.8701272010803223
vt 0.2648966908454895 0.8858705759048462
vt 0.2704673409461975 0.8688913583755493
vt 0.2648966908454895 0.899474024772644
vt 0.2704673409461975 0.8603038191795349
vt 0.2648966908454895 0.9150283336639404
vt 0.26536089181900024 0.8560065031051636
vt 0.26521602272987366 0.8951447010040283
vt 0.2704673409461975 0.8504854440689087
vt 0.2704673409461975 0.8802253603935242
vt 0.2563009262084961 0.8679153919219971
vt 0.2648966908454895 0.8549293875694275
vt 0.2704673409461975 0.8884226083755493
vt 0.2648966908454895 0.8679153919219971
vt 0.2704673409461975 0.8802253603935242
vt 0.6507195234298706 0.007716774940490723
vt 0.2574619948863983 0.9229419827461243
vt 0.8619793653488159 0.07105064392089844
vt 0.26491615176200867 0.8560065031051636
vt 0.6507195234298706 0.07708460092544556
vt 0.2647712230682373 0.8951447010040283
vt 0.8978102803230286 0.07105064392089844
vt 0.6507195234298706 0.0615992546081543
vt 0.8898113369941711 0.07105064392089844
vt 0.2648966908454895 0.8543292880058289
vt 0.2704673409461975 0.8888015747070312
vt 0.24842898547649384 0.8863808512687683
vt 0.2543299198150635 0.8546931743621826
vt 0.251260906457901 0.8863808512687683
vt 0.2493729293346405 0.8863808512687683
vt 0.24506305158138275 0.8546931743621826
vt 0.251260906457901 0.9010611176490784
vt 0.24654100835323334 0.8863808512687683
vt 0.2640834450721741 0.8546931743621826
vt 0.2522048354148865 0.8863808512687683
vt 0.24654100835323334 0.8863808512687683
vt 0.2551356852054596 0.8546931743621826
vt 0.2522048354148865 0.9005555510520935
vt 0.2493729293346405 0.8863808512687683
vt 0.28324365615844727 0.8546931743621826
vt 0.2559807300567627 0.8863808512687683
vt 0.2836306691169739 0.8836961388587952
vt 0.2744949758052826 0.8546931743621826
vt 0.2559807300567627 0.9002400636672974
vt 0.28457459807395935 0.8533508777618408
vt 0.27371665835380554 0.8546931743621826
vt 0.25503677129745483 0.8863808512687683
vt 0.24465312063694 0.8863808512687683
vt 0.2648705542087555 0.8546931743621826
vt 0.25503677129745483 0.9003944396972656
vt 0.251260906457901 0.8863808512687683
vt 0.24842898547649384 0.9167261719703674
vt 0.2543299198150635 0.8850384950637817
vt 0.251260906457901 0.9010611176490784
vt 0.2493729293346405 0.9167261719703674
vt 0.24506305158138275 0.8850384950637817
vt 0.2540927827358246 0.8863808512687683
vt 0.24654100835323334 0.9167261719703674
vt 0.2640834450721741 0.8850384950637817
vt 0.2540927827358246 0.9005555510520935
vt 0.24654100835323334 0.9167261719703674
vt 0.2551356852054596 0.8850384950637817
vt 0.2578686475753784 0.8863808512687683
vt 0.2493729293346405 0.9167261719703674
vt 0.28324365615844727 0.8850384950637817
vt 0.2578686475753784 0.9002400636672974
vt 0.2836306691169739 0.9140414595603943
vt 0.2744949758052826 0.8850384950637817
vt 0.25503677129745483 0.8863808512687683
vt 0.28457459807395935 0.8836961388587952
vt 0.27371665835380554 0.8850384950637817
vt 0.25503677129745483 0.9003944396972656
vt 0.24465312063694 0.9167261719703674
vt 0.2648705542087555 0.8850384950637817
vt 0.24748502671718597 0.8863808512687683
vt 0.25220486521720886 0.8863808512687683
vt 0.250316858291626 0.8863808512687683
vt 0.25220486521720886 0.9010611176490784
vt 0.2455970197916031 0.8863808512687683
vt 0.25314879417419434 0.8863808512687683
vt 0.24748502671718597 0.8863808512687683
vt 0.25314879417419434 0.9005555510520935
vt 0.24842898547649384 0.8863808512687683
vt 0.25692465901374817 0.8863808512687683
vt 0.28457459807395935 0.8836961388587952
vt 0.25692465901374817 0.9002400636672974
vt 0.2836305797100067 0.8533508777618408
vt 0.2559807300567627 0.8863808512687683
vt 0.2455970197916031 0.8863808512687683
vt 0.2559807300567627 0.9003944396972656
vt 0.250316858291626 0.8863808512687683
vt 0.24748502671718597 0.9167261719703674
vt 0.250316858291626 0.9010611176490784
vt 0.250316858291626 0.9167261719703674
vt 0.25314879417419434 0.8863808512687683
vt 0.2455970197916031 0.9167261719703674
vt 0.25314879417419434 0.9005555510520935
vt 0.24748502671718597 0.9167261719703674
vt 0.25692465901374817 0.8863808512687683
vt 0.24842898547649384 0.9167261719703674
vt 0.25692465901374817 0.9002400636672974
vt 0.28457459807395935 0.9140414595603943
vt 0.2540927827358246 0.8863808512687683
vt 0.2836305797100067 0.8836961388587952
vt 0.2540927827358246 0.9003944396972656
vt 0.2455970197916031 0.9167261719703674
vt 0.6346986293792725 0.007716774940490723
vt 0.2579289972782135 0.9229419827461243
vt 0.5827484726905823 0.004166007041931152
vt 0.490757018327713 0.007716774940490723
vt 0.4407283067703247 0.004166007041931152
vt 0.2785632610321045 0.8698026537895203
vt 0.2648966908454895 0.9154698252677917
vt 0.2850854694843292 0.9786213636398315
vt 0.2704673409461975 0.8914039731025696
vt 0.2563009262084961 0.8502065539360046
vt 0.2745152711868286 0.8502065539360046
vt 0.2785632610321045 0.8520519733428955
vt 0.26568403840065 0.8502065539360046
vt 0.2710943818092346 0.9801803231239319
vt 0.8898113369941711 0.07105064392089844
vt 0.4757930636405945 0.0615992546081543
vt 0.2647712230682373 0.8951447010040283
vt 0.8978102803230286 0.07105064392089844
vt 0.26491615176200867 0.9105220437049866
vt 0.4757930636405945 0.07708460092544556
vt 0.2704673409461975 0.8884226083755493
vt 0.2563009262084961 0.8549293875694275
vt 0.2704673409461975 0.8888015747070312
vt 0.2563009262084961 0.8543292880058289
vt 0.2745152711868286 0.8914039731025696
vt 0.2785632610321045 0.8502065539360046
vt 0.26641926169395447 0.8502065539360046
vt 0.2745152711868286 0.8802253603935242
vt 0.26641926169395447 0.8679153919219971
vt 0.2745152711868286 0.878234326839447
vt 0.26641926169395447 0.8710696697235107
vt 0.2745152711868286 0.8587769269943237
vt 0.26641926169395447 0.9018930196762085
vt 0.2745152711868286 0.8701272010803223
vt 0.26641926169395447 0.8839124441146851
vt 0.2745152711868286 0.8688913583755493
vt 0.26641926169395447 0.8858705759048462
vt 0.2745152711868286 0.8603039979934692
vt 0.26641926169395447 0.899474024772644
vt 0.26521602272987366 0.8789389729499817
vt 0.2745152711868286 0.8504854440689087
vt 0.26536089181900024 0.9105220437049866
vt 0.26641926169395447 0.9150283336639404
vt 0.2745152711868286 0.8888015747070312
vt 0.26641926169395447 0.8543292880058289
vt 0.2745152711868286 0.8884226083755493
vt 0.26641926169395447 0.8549293875694275
vt 0.2647712230682373 0.8789389729499817
vt 0.8978099822998047 0.003644883632659912
vt 0.26491615176200867 0.9105220437049866
vt 0.4757930636405945 0.07708460092544556
vt 0.8898113369941711 0.003644883632659912
vt 0.4757930636405945 0.0615992546081543
vt 0.26568403840065 0.9113474488258362
vt 0.26641926169395447 0.8888015747070312
vt 0.6507195234298706 0.0615992546081543
vt 0.8898113369941711 0.003644883632659912
vt 0.26491615176200867 0.8560065031051636
vt 0.6507195234298706 0.07708460092544556
vt 0.2647712230682373 0.8789389729499817
vt 0.8978099822998047 0.003644883632659912
vt 0.2574619948863983 0.9229419827461243
vt 0.6507195234298706 0.007716774940490723
vt 0.8619793653488159 0.003644883632659912
vt 0.26568403840065 0.8977611660957336
vt 0.26641926169395447 0.8802253603935242
vt 0.26568403840065 0.9107469916343689
vt 0.26641926169395447 0.8884226083755493
vt 0.26536089181900024 0.8560065031051636
vt 0.26568403840065 0.8506484031677246
vt 0.26521602272987366 0.8789389729499817
vt 0.26641926169395447 0.8504854440689087
vt 0.26568403840065 0.8662023544311523
vt 0.26641926169395447 0.8603038191795349
vt 0.26568403840065 0.8798061609268188
vt 0.26641926169395447 0.8688913583755493
vt 0.26568403840065 0.8817639350891113
vt 0.26641926169395447 0.8701272010803223
vt 0.26568403840065 0.8637833595275879
vt 0.26641926169395447 0.8587769269943237
vt 0.26568403840065 0.89460688829422
vt 0.26641926169395447 0.878234326839447
vt 0.8619793653488159 0.003644883632659912
vt 0.4407283067703247 0.004166007041931152
vt 0.4757930636405945 0.007716774940490723
vt 0.2785632610321045 0.8717783093452454
vt 0.26568403840065 0.9154698252677917
vt 0.26641926169395447 0.8914039731025696
vt 0.6376556158065796 0.0615992546081543
vt 0.26491615176200867 0.8600778579711914
vt 0.6376556158065796 0.07708460092544556
vt 0.2642548382282257 0.9150283336639404
vt 0.26536089181900024 0.8600778579711914
vt 0.2642548382282257 0.9018930196762085
vt 0.2642548382282257 0.899474024772644
vt 0.2642548382282257 0.8858705759048462
vt 0.2642548382282257 0.8839124441146851
vt 0.2642548382282257 0.8710696697235107
vt 0.2642548382282257 0.8679153919219971
vt 0.2642548382282257 0.8549293875694275
vt 0.2642548382282257 0.8543292880058289
vt 0.4895341396331787 0.0615992546081543
vt 0.26491615176200867 0.9062396287918091
vt 0.4895341396331787 0.07708460092544556
vt 0.25697609782218933 0.9150283336639404
vt 0.26536089181900024 0.9062396287918091
vt 0.25697609782218933 0.9018930196762085
vt 0.25697609782218933 0.899474024772644
vt 0.25697609782218933 0.8858705759048462
vt 0.25697609782218933 0.8839124441146851
vt 0.25697609782218933 0.8710696697235107
vt 0.25697609782218933 0.8679153919219971
vt 0.25697609782218933 0.8549293875694275
vt 0.25697609782218933 0.8543292880058289
vn 0 -2.220446049250313e-16 -1
vn 0 1 -2.220446049250313e-16
vn -1 0 0
vn -1 0 0
vn 0 -2.220446049250313e-16 -1
vn 0 -2.220446049250313e-16 -1
vn -1 0 0
vn 0 -2.220446049250313e-16 -1
vn -1 0 0
vn 0 -2.220446049250313e-16 -1
vn -1 0 0
vn 0 -2.220446049250313e-16 -1
vn 0 -2.220446049250313e-16 -1
vn 0 1 -2.220446049250313e-16
vn -1 0 0
vn 0 -2.220446049250313e-16 -1
vn 0 -1 2.220446049250313e-16
vn 0 2.220446049250313e-16 1
vn 0 2.220446049250313e-16 1
vn 0 2.220446049250313e-16 1
vn 0 2.220446049250313e-16 1
vn 0 2.220446049250313e-16 1
vn 0 2.220446049250313e-16 1
vn 0 2.220446049250313e-16 1
vn 0 2.220446049250313e-16 1
vn 0 2.220446049250313e-16 1
vn 0 2.220446049250313e-16 1
vn 0 2.220446049250313e-16 1
vn 0 2.220446049250313e-16 1
vn 0 2.220446049250313e-16 1
vn 0 2.220446049250313e-16 1
vn 0 2.220446049250313e-16 1
vn 0 2.220446049250313e-16 1
vn 0 2.220446049250313e-16 1
vn 0 2.220446049250313e-16 1
vn 0 2.220446049250313e-16 1
vn 0 2.220446049250313e-16 1
vn 0 2.220446049250313e-16 1
vn 0 2.220446049250313e-16 1
vn 0 2.220446049250313e-16 1
vn 0 2.220446049250313e-16 1
vn 0 2.220446049250313e-16 1
vn 0 2.220446049250313e-16 1
vn 0 2.220446049250313e-16 1
vn 0 2.220446049250313e-16 1
vn 0 2.220446049250313e-16 1
vn 0 2.220446049250313e-16 1
vn 0 2.220446049250313e-16 1
vn 0 -1 2.220446049250313e-16
vn 0 -1 2.220446049250313e-16
vn 0 2.220446049250313e-16 1
vn 0 2.220446049250313e-16 1
vn 0 2.220446049250313e-16 1
vn 0 2.220446049250313e-16 1
vn 0 2.220446049250313e-16 1
vn 0 2.220446049250313e-16 1
vn 0 2.220446049250313e-16 1
vn 0 2.220446049250313e-16 1
vn 0 2.220446049250313e-16 1
vn 0 2.220446049250313e-16 1
vn 0 2.220446049250313e-16 1
vn 0 2.220446049250313e-16 1
vn 0 2.220446049250313e-16 1
vn 0 2.220446049250313e-16 1
vn 0 2.220446049250313e-16 1
vn 0 2.220446049250313e-16 1
vn 0 2.220446049250313e-16 1
vn 0 2.220446049250313e-16 1
vn 0 2.220446049250313e-16 1
vn 0 2.220446049250313e-16 1
vn 0 2.220446049250313e-16 1
vn 0 2.220446049250313e-16 1
vn 0 2.220446049250313e-16 1
vn 0 2.220446049250313e-16 1
vn 0 2.220446049250313e-16 1
vn 0 2.220446049250313e-16 1
vn 0 2.220446049250313e-16 1
vn 0 2.220446049250313e-16 1
vn 0 2.220446049250313e-16 1
vn 0 2.220446049250313e-16 1
vn 0 2.220446049250313e-16 1
vn -1 0 0
vn 0 -2.220446049250313e-16 -1
vn 0 -2.220446049250313e-16 -1
vn 0 1 -2.220446049250313e-16
vn 1 0 0
vn -1 0 0
vn 0 -2.220446049250313e-16 -1
vn 0 -1 2.220446049250313e-16
vn 0 -2.220446049250313e-16 -1
vn 1 0 0
vn 0 -2.220446049250313e-16 -1
vn 1 0 0
vn 0 -2.220446049250313e-16 -1
vn 1 0 0
vn 0 -2.220446049250313e-16 -1
vn 1 0 0
vn 0 -2.220446049250313e-16 -1
vn 1 0 0
vn 0 -2.220446049250313e-16 -1
vn 0 -2.220446049250313e-16 -1
vn 1 0 0
vn 1 0 0
vn -1 0 0
vn 0 -2.220446049250313e-16 -1
vn 0 -2.220446049250313e-16 -1
vn 1 0 0
vn 0 -2.220446049250313e-16 -1
vn 1 0 0
vn 0 -2.220446049250313e-16 -1
vn 0 -1 2.220446049250313e-16
vn 1 0 0
vn 0 -2.220446049250313e-16 -1
vn 0 -2.220446049250313e-16 -1
vn 1 0 0
vn 1 0 0
vn 0 -2.220446049250313e-16 -1
vn 1 0 0
vn 0 -2.220446049250313e-16 -1
vn 1 0 0
vn 0 0.9462968866170651 0.32329893655694186
vn 0 2.220446049250313e-16 1
vn 1 0 0
vn 0 -0.9980700483183406 0.06209813724924157
vn 0 2.220446049250313e-16 1
vn 1 0 0
vn 0 0.9765247018196294 0.21540544732221614
vn 0 2.220446049250313e-16 1
vn 1 0 0
vn 0 -0.9992701573328755 0.03819885684061997
vn 0 2.220446049250313e-16 1
vn 1 0 0
vn 0 0.9684791498798285 0.2490946331177067
vn 0 2.220446049250313e-16 1
vn 1 0 0
vn 0 -0.9971836265241156 0.0749987666046113
vn 0 2.220446049250313e-16 1
vn 1 0 0
vn 0 0.9943019639228905 0.106600208907314
vn 0 2.220446049250313e-16 1
vn 1 0 0
vn 0 -0.9984418355235262 0.05580233934533744
vn 0 2.220446049250313e-16 1
vn 1 0 0
vn -1 0 0
vn 0 0.9462968866170651 0.32329893655694186
vn 0 2.220446049250313e-16 1
vn -1 0 0
vn 0 -0.9980700483183406 0.06209813724924157
vn 0 2.220446049250313e-16 1
vn -1 0 0
vn 0 0.9765247018196294 0.21540544732221614
vn 0 2.220446049250313e-16 1
vn -1 0 0
vn 0 -0.9992701573328755 0.03819885684061997
vn 0 2.220446049250313e-16 1
vn -1 0 0
vn 0 0.9684791498798285 0.2490946331177067
vn 0 2.220446049250313e-16 1
vn -1 0 0
vn 0 -0.9971836265241156 0.0749987666046113
vn 0 2.220446049250313e-16 1
vn -1 0 0
vn 0 0.9943019639228905 0.106600208907314
vn 0 2.220446049250313e-16 1
vn -1 0 0
vn 0 -0.9984418355235262 0.05580233934533744
vn 0 2.220446049250313e-16 1
vn 0 0.9462968866170651 0.32329893655694186
vn 1 0 0
vn 0 -0.9980700483183406 0.06209813724924157
vn 1 0 0
vn 0 0.9765247018196294 0.21540544732221614
vn 1 0 0
vn 0 -0.9992701573328755 0.03819885684061997
vn 1 0 0
vn 0 0.9684791498798285 0.2490946331177067
vn 1 0 0
vn 0 -0.9971836265241156 0.0749987666046113
vn 1 0 0
vn 0 0.9943019639228905 0.106600208907314
vn 1 0 0
vn 0 -0.9984418355235262 0.05580233934533744
vn 1 0 0
vn -1 0 0
vn 0 0.9462968866170651 0.32329893655694186
vn -1 0 0
vn 0 -0.9980700483183406 0.06209813724924157
vn -1 0 0
vn 0 0.9765247018196294 0.21540544732221614
vn -1 0 0
vn 0 -0.9992701573328755 0.03819885684061997
vn -1 0 0
vn 0 0.9684791498798285 0.2490946331177067
vn -1 0 0
vn 0 -0.9971836265241156 0.0749987666046113
vn -1 0 0
vn 0 0.9943019639228905 0.106600208907314
vn -1 0 0
vn 0 -0.9984418355235262 0.05580233934533744
vn 0 -2.220446049250313e-16 -1
vn 0 -1 2.220446049250313e-16
vn 0 -1 2.220446049250313e-16
vn 0 -2.220446049250313e-16 -1
vn 0 -1 2.220446049250313e-16
vn 0 1 -2.220446049250313e-16
vn 0 2.220446049250313e-16 1
vn 0 2.220446049250313e-16 1
vn -1 0 0
vn 0 -2.220446049250313e-16 -1
vn 0 1 -2.220446049250313e-16
vn 0 1 -2.220446049250313e-16
vn 0 2.220446049250313e-16 1
vn 0 2.220446049250313e-16 1
vn -1 0 0
vn 0 -2.220446049250313e-16 -1
vn -1 0 0
vn -1 0 0
vn 0 -2.220446049250313e-16 -1
vn 0 -2.220446049250313e-16 -1
vn -1 0 0
vn 0 -2.220446049250313e-16 -1
vn -1 0 0
vn 0 -2.220446049250313e-16 -1
vn -1 0 0
vn 0 1 -2.220446049250313e-16
vn 0 2.220446049250313e-16 1
vn -1 0 0
vn 0 2.220446049250313e-16 1
vn -1 0 0
vn 0 2.220446049250313e-16 1
vn -1 0 0
vn 0 2.220446049250313e-16 1
vn -1 0 0
vn 0 2.220446049250313e-16 1
vn -1 0 0
vn 0 2.220446049250313e-16 1
vn -1 0 0
vn 0 2.220446049250313e-16 1
vn -1 0 0
vn -1 0 0
vn 0 2.220446049250313e-16 1
vn 0 2.220446049250313e-16 1
vn -1 0 0
vn 0 2.220446049250313e-16 1
vn -1 0 0
vn 0 2.220446049250313e-16 1
vn -1 0 0
vn -1 0 0
vn 0 2.220446049250313e-16 1
vn 0 2.220446049250313e-16 1
vn -1 0 0
vn 0 2.220446049250313e-16 1
vn 0 2.220446049250313e-16 1
vn 1 0 0
vn 0 2.220446049250313e-16 1
vn 1 0 0
vn 0 2.220446049250313e-16 1
vn 0 2.220446049250313e-16 1
vn 1 0 0
vn 1 0 0
vn 0 -1 2.220446049250313e-16
vn 0 2.220446049250313e-16 1
vn 1 0 0
vn 0 2.220446049250313e-16 1
vn 1 0 0
vn 0 2.220446049250313e-16 1
vn 1 0 0
vn 0 2.220446049250313e-16 1
vn 0 2.220446049250313e-16 1
vn 1 0 0
vn 1 0 0
vn 0 2.220446049250313e-16 1
vn 1 0 0
vn 0 2.220446049250313e-16 1
vn 1 0 0
vn 0 2.220446049250313e-16 1
vn 1 0 0
vn 0 2.220446049250313e-16 1
vn 1 0 0
vn 0 2.220446049250313e-16 1
vn 1 0 0
vn -1 0 0
vn 0 -1 2.220446049250313e-16
vn 0 2.220446049250313e-16 1
vn 0 1 -2.220446049250313e-16
vn 0 2.220446049250313e-16 1
vn 1 0 0
vn 0 -2.220446049250313e-16 -1
vn 0 -2.220446049250313e-16 -1
vn 0 -2.220446049250313e-16 -1
vn 0 -2.220446049250313e-16 -1
vn 0 -2.220446049250313e-16 -1
vn 0 -2.220446049250313e-16 -1
vn 0 -2.220446049250313e-16 -1
vn 0 -2.220446049250313e-16 -1
vn 0 -2.220446049250313e-16 -1
vn 0 -2.220446049250313e-16 -1
vn 0 -2.220446049250313e-16 -1
vn 0 -2.220446049250313e-16 -1
vn 0 -2.220446049250313e-16 -1
vn 0 -2.220446049250313e-16 -1
vn 0 -2.220446049250313e-16 -1
vn 0 -2.220446049250313e-16 -1
vn 0 -2.220446049250313e-16 -1
vn 0 -2.220446049250313e-16 -1
vn 0 -2.220446049250313e-16 -1
vn 0 -2.220446049250313e-16 -1
vn 0 -2.220446049250313e-16 -1
vn 0 -2.220446049250313e-16 -1
vn 0 -2.220446049250313e-16 -1
vn 0 -2.220446049250313e-16 -1
vn 0 -2.220446049250313e-16 -1
vn 0 -2.220446049250313e-16 -1
f 951/951/951 960/960/960 993/993/993
f 951/951/951 993/993/993 984/984/984
f 966/966/966 963/963/963 996/996/996
f 966/966/966 996/996/996 999/999/999
f 989/989/989 995/995/995 1080/1080/1080
f 989/989/989 1080/1080/1080 1077/1077/1077
f 957/957/957 954/954/954 987/987/987
f 957/957/957 987/987/987 990/990/990
f 946/946/946 979/979/979 1071/1071/1071
f 946/946/946 1071/1071/1071 1046/1046/1046
f 962/962/962 956/956/956 1052/1052/1052
f 962/962/962 1052/1052/1052 1055/1055/1055
f 944/944/944 942/942/942 973/973/973
f 944/944/944 973/973/973 976/976/976
f 974/974/974 940/940/940 1061/1061/1061
f 974/974/974 1061/1061/1061 1086/1086/1086
f 1222/1222/1222 1220/1220/1220 1134/1134/1134
f 1222/1222/1222 1134/1134/1134 1138/1138/1138
f 1224/1224/1224 1221/1221/1221 1137/1137/1137
f 1224/1224/1224 1137/1137/1137 924/924/924
f 1225/1225/1225 1223/1223/1223 923/923/923
f 1225/1225/1225 923/923/923 934/934/934
f 1226/1226/1226 1225/1225/1225 934/934/934
f 1226/1226/1226 934/934/934 926/926/926
f 1227/1227/1227 1226/1226/1226 926/926/926
f 1227/1227/1227 926/926/926 928/928/928
f 1228/1228/1228 1227/1227/1227 928/928/928
f 1228/1228/1228 928/928/928 930/930/930
f 1229/1229/1229 1228/1228/1228 930/930/930
f 1229/1229/1229 930/930/930 1001/1001/1001
f 1230/1230/1230 1229/1229/1229 1001/1001/1001
f 1230/1230/1230 1001/1001/1001 1023/1023/1023
f 1184/1184/1184 1200/1200/1200 1009/1009/1009
f 1184/1184/1184 1009/1009/1009 1027/1027/1027
f 1231/1231/1231 1230/1230/1230 1023/1023/1023
f 1231/1231/1231 1023/1023/1023 1140/1140/1140
f 1232/1232/1232 1231/1231/1231 1140/1140/1140
f 1232/1232/1232 1140/1140/1140 1142/1142/1142
f 1162/1162/1162 1143/1143/1143 1127/1127/1127
f 1162/1162/1162 1127/1127/1127 1141/1141/1141
f 1124/1124/1124 1204/1204/1204 1003/1003/1003
f 1124/1124/1124 1003/1003/1003 932/932/932
f 1194/1194/1194 1192/1192/1192 1017/1017/1017
f 1194/1194/1194 1017/1017/1017 1015/1015/1015
f 1170/1170/1170 1167/1167/1167 1136/1136/1136
f 1170/1170/1170 1136/1136/1136 1133/1133/1133
f 1189/1189/1189 1178/1178/1178 1033/1033/1033
f 1189/1189/1189 1033/1033/1033 1020/1020/1020
f 1164/1164/1164 1162/1162/1162 1141/1141/1141
f 1164/1164/1164 1141/1141/1141 1139/1139/1139
f 1175/1175/1175 1182/1182/1182 1030/1030/1030
f 1175/1175/1175 1030/1030/1030 1036/1036/1036
f 1180/1180/1180 967/967/967 1120/1120/1120
f 1180/1180/1180 1120/1120/1120 1029/1029/1029
f 986/986/986 983/983/983 1191/1191/1191
f 986/986/986 1191/1191/1191 1193/1193/1193
f 1201/1201/1201 1170/1170/1170 1133/1133/1133
f 1201/1201/1201 1133/1133/1133 1005/1005/1005
f 1173/1173/1173 1186/1186/1186 1025/1025/1025
f 1173/1173/1173 1025/1025/1025 1038/1038/1038
f 1166/1166/1166 1158/1158/1158 921/921/921
f 1166/1166/1166 921/921/921 1135/1135/1135
f 1179/1179/1179 1175/1175/1175 1036/1036/1036
f 1179/1179/1179 1036/1036/1036 1034/1034/1034
f 1156/1156/1156 1154/1154/1154 927/927/927
f 1156/1156/1156 927/927/927 925/925/925
f 1144/1144/1144 1130/1130/1130 920/920/920
f 1144/1144/1144 920/920/920 1129/1129/1129
f 1159/1159/1159 1150/1150/1150 933/933/933
f 1159/1159/1159 933/933/933 922/922/922
f 1154/1154/1154 1152/1152/1152 929/929/929
f 1154/1154/1154 929/929/929 927/927/927
f 1148/1148/1148 1146/1146/1146 1022/1022/1022
f 1148/1148/1148 1022/1022/1022 1000/1000/1000
f 1150/1150/1150 1156/1156/1156 925/925/925
f 1150/1150/1150 925/925/925 933/933/933
f 1152/1152/1152 1148/1148/1148 1000/1000/1000
f 1152/1152/1152 1000/1000/1000 929/929/929
f 1130/1130/1130 1124/1124/1124 932/932/932
f 1130/1130/1130 932/932/932 920/920/920
f 968/968/968 935/935/935 1123/1123/1123
f 968/968/968 1123/1123/1123 1121/1121/1121
f 975/975/975 997/997/997 1183/1183/1183
f 975/975/975 1183/1183/1183 1185/1185/1185
f 981/981/981 971/971/971 1176/1176/1176
f 981/981/981 1176/1176/1176 1187/1187/1187
f 994/994/994 988/988/988 1195/1195/1195
f 994/994/994 1195/1195/1195 1199/1199/1199
f 970/970/970 969/969/969 1181/1181/1181
f 970/970/970 1181/1181/1181 1174/1174/1174
f 997/997/997 994/994/994 1199/1199/1199
f 997/997/997 1199/1199/1199 1183/1183/1183
f 977/977/977 975/975/975 1185/1185/1185
f 977/977/977 1185/1185/1185 1172/1172/1172
f 992/992/992 980/980/980 1188/1188/1188
f 992/992/992 1188/1188/1188 1197/1197/1197
f 972/972/972 970/970/970 1174/1174/1174
f 972/972/972 1174/1174/1174 1177/1177/1177
f 983/983/983 992/992/992 1197/1197/1197
f 983/983/983 1197/1197/1197 1191/1191/1191
f 1192/1192/1192 1198/1198/1198 1011/1011/1011
f 1192/1192/1192 1011/1011/1011 1017/1017/1017
f 1125/1125/1125 977/977/977 1172/1172/1172
f 1125/1125/1125 1172/1172/1172 1205/1205/1205
f 1056/1056/1056 1053/1053/1053 1096/1096/1096
f 1056/1056/1056 1096/1096/1096 1098/1098/1098
f 1073/1073/1073 1048/1048/1048 1093/1093/1093
f 1073/1073/1073 1093/1093/1093 1110/1110/1110
f 1050/1050/1050 1047/1047/1047 1092/1092/1092
f 1050/1050/1050 1092/1092/1092 1094/1094/1094
f 1039/1039/1039 1064/1064/1064 1104/1104/1104
f 1039/1039/1039 1104/1104/1104 1087/1087/1087
f 940/940/940 965/965/965 1058/1058/1058
f 940/940/940 1058/1058/1058 1061/1061/1061
f 998/998/998 974/974/974 1086/1086/1086
f 998/998/998 1086/1086/1086 1083/1083/1083
f 958/958/958 946/946/946 1046/1046/1046
f 958/958/958 1046/1046/1046 1049/1049/1049
f 965/965/965 998/998/998 1083/1083/1083
f 965/965/965 1083/1083/1083 1058/1058/1058
f 956/956/956 989/989/989 1077/1077/1077
f 956/956/956 1077/1077/1077 1052/1052/1052
f 979/979/979 991/991/991 1074/1074/1074
f 979/979/979 1074/1074/1074 1071/1071/1071
f 995/995/995 962/962/962 1055/1055/1055
f 995/995/995 1055/1055/1055 1080/1080/1080
f 985/985/985 952/952/952 1043/1043/1043
f 985/985/985 1043/1043/1043 1068/1068/1068
f 952/952/952 949/949/949 1040/1040/1040
f 952/952/952 1040/1040/1040 1043/1043/1043
f 949/949/949 982/982/982 1065/1065/1065
f 949/949/949 1065/1065/1065 1040/1040/1040
f 982/982/982 985/985/985 1068/1068/1068
f 982/982/982 1068/1068/1068 1065/1065/1065
f 991/991/991 958/958/958 1049/1049/1049
f 991/991/991 1049/1049/1049 1074/1074/1074
f 1057/1057/1057 1082/1082/1082 1116/1116/1116
f 1057/1057/1057 1116/1116/1116 1099/1099/1099
f 1062/1062/1062 1059/1059/1059 1100/1100/1100
f 1062/1062/1062 1100/1100/1100 1102/1102/1102
f 1079/1079/1079 1054/1054/1054 1097/1097/1097
f 1079/1079/1079 1097/1097/1097 1114/1114/1114
f 1063/1063/1063 1066/1066/1066 1105/1105/1105
f 1063/1063/1063 1105/1105/1105 1103/1103/1103
f 1085/1085/1085 1060/1060/1060 1101/1101/1101
f 1085/1085/1085 1101/1101/1101 1118/1118/1118
f 1069/1069/1069 1072/1072/1072 1109/1109/1109
f 1069/1069/1069 1109/1109/1109 1107/1107/1107
f 1045/1045/1045 1070/1070/1070 1108/1108/1108
f 1045/1045/1045 1108/1108/1108 1091/1091/1091
f 1075/1075/1075 1078/1078/1078 1113/1113/1113
f 1075/1075/1075 1113/1113/1113 1111/1111/1111
f 1051/1051/1051 1076/1076/1076 1112/1112/1112
f 1051/1051/1051 1112/1112/1112 1095/1095/1095
f 1081/1081/1081 1084/1084/1084 1117/1117/1117
f 1081/1081/1081 1117/1117/1117 1115/1115/1115
f 1044/1044/1044 1041/1041/1041 1088/1088/1088
f 1044/1044/1044 1088/1088/1088 1090/1090/1090
f 1067/1067/1067 1042/1042/1042 1089/1089/1089
f 1067/1067/1067 1089/1089/1089 1106/1106/1106
f 947/947/947 938/938/938 971/971/971
f 947/947/947 971/971/971 981/981/981
f 939/939/939 937/937/937 970/970/970
f 939/939/939 970/970/970 972/972/972
f 937/937/937 936/936/936 969/969/969
f 937/937/937 969/969/969 970/970/970
f 1186/1186/1186 1184/1184/1184 1027/1027/1027
f 1186/1186/1186 1027/1027/1027 1025/1025/1025
f 1206/1206/1206 1173/1173/1173 1038/1038/1038
f 1206/1206/1206 1038/1038/1038 1004/1004/1004
f 1146/1146/1146 1164/1164/1164 1139/1139/1139
f 1146/1146/1146 1139/1139/1139 1022/1022/1022
f 1200/1200/1200 1196/1196/1196 1013/1013/1013
f 1200/1200/1200 1013/1013/1013 1009/1009/1009
f 1196/1196/1196 1194/1194/1194 1015/1015/1015
f 1196/1196/1196 1015/1015/1015 1013/1013/1013
f 935/935/935 1202/1202/1202 1007/1007/1007
f 935/935/935 1007/1007/1007 1123/1123/1123
f 1198/1198/1198 1190/1190/1190 1021/1021/1021
f 1198/1198/1198 1021/1021/1021 1011/1011/1011
f 945/945/945 978/978/978 1126/1126/1126
f 945/945/945 1126/1126/1126 1132/1132/1132
f 988/988/988 986/986/986 1193/1193/1193
f 988/988/988 1193/1193/1193 1195/1195/1195
f 953/953/953 955/955/955 1153/1153/1153
f 953/953/953 1153/1153/1153 1155/1155/1155
f 961/961/961 964/964/964 1147/1147/1147
f 961/961/961 1147/1147/1147 1149/1149/1149
f 941/941/941 943/943/943 1163/1163/1163
f 941/941/941 1163/1163/1163 1165/1165/1165
f 950/950/950 953/953/953 1155/1155/1155
f 950/950/950 1155/1155/1155 1157/1157/1157
f 948/948/948 959/959/959 1151/1151/1151
f 948/948/948 1151/1151/1151 1161/1161/1161
f 937/937/937 939/939/939 1169/1169/1169
f 937/937/937 1169/1169/1169 1171/1171/1171
f 964/964/964 941/941/941 1165/1165/1165
f 964/964/964 1165/1165/1165 1147/1147/1147
f 943/943/943 1131/1131/1131 1145/1145/1145
f 943/943/943 1145/1145/1145 1163/1163/1163
f 938/938/938 947/947/947 1160/1160/1160
f 938/938/938 1160/1160/1160 1168/1168/1168
f 959/959/959 950/950/950 1157/1157/1157
f 959/959/959 1157/1157/1157 1151/1151/1151
f 955/955/955 961/961/961 1149/1149/1149
f 955/955/955 1149/1149/1149 1153/1153/1153
f 936/936/936 937/937/937 1171/1171/1171
f 936/936/936 1171/1171/1171 1203/1203/1203
f 1037/1037/1037 1024/1024/1024 1218/1218/1218
f 1037/1037/1037 1218/1218/1218 1219/1219/1219
f 1024/1024/1024 1026/1026/1026 1217/1217/1217
f 1024/1024/1024 1217/1217/1217 1218/1218/1218
f 1026/1026/1026 1008/1008/1008 1216/1216/1216
f 1026/1026/1026 1216/1216/1216 1217/1217/1217
f 1008/1008/1008 1012/1012/1012 1215/1215/1215
f 1008/1008/1008 1215/1215/1215 1216/1216/1216
f 1012/1012/1012 1014/1014/1014 1214/1214/1214
f 1012/1012/1012 1214/1214/1214 1215/1215/1215
f 1014/1014/1014 1016/1016/1016 1213/1213/1213
f 1014/1014/1014 1213/1213/1213 1214/1214/1214
f 1016/1016/1016 1010/1010/1010 1212/1212/1212
f 1016/1016/1016 1212/1212/1212 1213/1213/1213
f 1010/1010/1010 1018/1018/1018 1210/1210/1210
f 1010/1010/1010 1210/1210/1210 1212/1212/1212
f 1019/1019/1019 1031/1031/1031 1208/1208/1208
f 1019/1019/1019 1208/1208/1208 1211/1211/1211
f 1032/1032/1032 1035/1035/1035 1207/1207/1207
f 1032/1032/1032 1207/1207/1207 1209/1209/1209
f 1219/1219/1219 1218/1218/1218 1231/1231/1231
f 1219/1219/1219 1231/1231/1231 1232/1232/1232
f 1218/1218/1218 1217/1217/1217 1230/1230/1230
f 1218/1218/1218 1230/1230/1230 1231/1231/1231
f 1217/1217/1217 1216/1216/1216 1229/1229/1229
f 1217/1217/1217 1229/1229/1229 1230/1230/1230
f 1216/1216/1216 1215/1215/1215 1228/1228/1228
f 1216/1216/1216 1228/1228/1228 1229/1229/1229
f 1215/1215/1215 1214/1214/1214 1227/1227/1227
f 1215/1215/1215 1227/1227/1227 1228/1228/1228
f 1214/1214/1214 1213/1213/1213 1226/1226/1226
f 1214/1214/1214 1226/1226/1226 1227/1227/1227
f 1213/1213/1213 1212/1212/1212 1225/1225/1225
f 1213/1213/1213 1225/1225/1225 1226/1226/1226
f 1212/1212/1212 1210/1210/1210 1223/1223/1223
f 1212/1212/1212 1223/1223/1223 1225/1225/1225
f 1211/1211/1211 1208/1208/1208 1221/1221/1221
f 1211/1211/1211 1221/1221/1221 1224/1224/1224
f 1209/1209/1209 1207/1207/1207 1220/1220/1220
f 1209/1209/1209 1220/1220/1220 1222/1222/1222
f 1220/1220/1220 1122/1122/1122 1006/1006/1006
f 1220/1220/1220 1006/1006/1006 1134/1134/1134
f 1035/1035/1035 1028/1028/1028 1119/1119/1119
f 1035/1035/1035 1119/1119/1119 1207/1207/1207
f 1122/1122/1122 1220/1220/1220 1207/1207/1207
f 1122/1122/1122 1207/1207/1207 1119/1119/1119
f 1142/1142/1142 1128/1128/1128 919/919/919
f 1142/1142/1142 919/919/919 1232/1232/1232
f 1219/1219/1219 931/931/931 1002/1002/1002
f 1219/1219/1219 1002/1002/1002 1037/1037/1037
f 931/931/931 1219/1219/1219 1232/1232/1232
f 931/931/931 1232/1232/1232 919/919/919
o Object_8
usemtl COMICBOOKS
v 0.8771145939826965 0.2943658232688904 1.5062441974878311
v 0.8771145939826965 0.43212684988975525 1.459867537021637
v 0.8771146088838577 0.11235667020082475 1.5038544237613678
v 0.8771145939826965 0.24764403700828552 1.4664914160966873
v 0.8771145939826965 0.4761110842227936 1.498076930642128
v 0.8771145790815353 0.6027786731719971 1.4452851414680479
v 0.8771145790815353 0.6590432524681091 1.5001006573438642
v 0.8771145790815353 0.7928440570831299 1.463347017765045
v 1.1775814592838287 0.2943658232688904 1.5062441527843475
v 1.1775814592838287 0.43212682008743286 1.4598675072193146
v 1.17758147418499 0.11235667020082475 1.5038543790578842
v 1.1775814592838287 0.24764400720596313 1.4664913713932037
v 1.1775814592838287 0.4761110842227936 1.4980768859386444
v 1.1775814443826675 0.6027786135673523 1.4452850967645643
v 1.1775814443826675 0.6590431928634644 1.5001006275415418
v 1.1775814443826675 0.7928440570831299 1.4633469730615614
vt 0.7347678542137146 0.29071128368377686
vt 0.7347679138183594 0.4520242214202881
vt 0.7347678542137146 0.10626959800720215
vt 0.7347678542137146 0.2620270848274231
vt 0.7348084449768066 0.47524118423461914
vt 0.7347679138183594 0.6275323629379272
vt 0.7347857356071472 0.664935827255249
vt 0.7347678542137146 0.8189229965209961
vt 0.9542843103408813 0.29071128368377686
vt 0.949816107749939 0.4520242214202881
vt 0.9633120894432068 0.10626959800720215
vt 0.9551051259040833 0.2620270848274231
vt 0.9494969844818115 0.47524118423461914
vt 0.9465785622596741 0.627532422542572
vt 0.9459832906723022 0.6649357080459595
vt 0.9452565312385559 0.8189229965209961
vn 0 0.3191063396684629 0.9477189161261874
vn 0 0.3191063396684629 0.9477189161261874
vn 0 0.26620455483472266 0.9639165601779269
vn 0 0.26620455483472266 0.9639165601779269
vn 0 0.3847148071628378 0.9230354907313479
vn 0 0.3847148071628378 0.9230354907313479
vn 0 0.2648938318036874 0.9642775834127638
vn 0 0.2648938318036874 0.9642775834127638
vn 0 0.3191063396684629 0.9477189161261874
vn 0 0.3191063396684629 0.9477189161261874
vn 0 0.26620455483472266 0.9639165601779269
vn 0 0.26620455483472266 0.9639165601779269
vn 0 0.3847148071628378 0.9230354907313479
vn 0 0.3847148071628378 0.9230354907313479
vn 0 0.2648938318036874 0.9642775834127638
vn 0 0.2648938318036874 0.9642775834127638
f 1240/1240/1240 1239/1239/1239 1247/1247/1247
f 1240/1240/1240 1247/1247/1247 1248/1248/1248
f 1236/1236/1236 1235/1235/1235 1243/1243/1243
f 1236/1236/1236 1243/1243/1243 1244/1244/1244
f 1238/1238/1238 1237/1237/1237 1245/1245/1245
f 1238/1238/1238 1245/1245/1245 1246/1246/1246
f 1234/1234/1234 1233/1233/1233 1241/1241/1241
f 1234/1234/1234 1241/1241/1241 1242/1242/1242
o Object_10
usemtl SHELF
v -0.9860022068023682 -0.0023818016052246224 1.298757504671812
v -1.0140434354543686 0.41562074422836304 1.2987574748694897
v -1.0140434354543686 0.42743629217147827 1.2987574748694897
v -1.0140434354543686 0.2524302899837494 1.2987574897706509
v -1.3140223920345306 0.7296238541603088 1.2987574897706506
v -1.3140223920345306 0.7226429581642151 1.2987574897706506
v -1.3140223920345306 0.5754024386405945 1.2987574897706506
v -1.314022421836853 0.08387988805770873 1.2987575195729733
v -1.314022421836853 0.08387988805770873 1.2987575195729733
v -1.314022421836853 0.10224771499633788 1.2987575195729733
v -1.3140224069356918 0.25955936312675476 1.2987574897706509
v -0.9860022068023682 0.10224771499633788 1.2987574897706509
v -0.9860022068023682 0.10224771499633788 1.2987574897706509
v -1.3140224069356918 0.41562074422836304 1.2987574897706509
v -1.3140224069356918 0.42177659273147583 1.2987574897706509
v -1.3140224069356918 0.2524302899837494 1.2987574897706509
v -1.0140434205532074 0.7296238541603088 1.2987574599683283
v -1.0140434354543686 0.08387988805770873 1.2987574897706509
v -1.0140434354543686 0.08387988805770873 1.2987574897706509
v -1.3140223920345306 0.5679233074188232 1.2987574897706506
v -1.0140434354543686 0.10224771499633788 1.2987574897706509
v -1.342063158750534 0.7368109226226807 1.2987574897706506
v -1.342063158750534 0.7368109226226807 1.2987574897706506
v -1.342063158750534 0.7368109226226807 1.2987574897706506
v -1.342063158750534 0.5679233074188232 1.2987574897706506
v -1.342063158750534 0.5679233074188232 1.2987574897706506
v -0.9860022068023682 0.08387988805770873 1.2987574897706509
v -0.9860022068023682 0.08387988805770873 1.2987574897706509
v -0.9860022068023682 0.08387988805770873 1.2987574897706509
v -0.9860021770000458 0.7296238541603088 1.2987574599683283
v -0.9860021770000458 0.7296238541603088 1.2987574599683283
v -0.9980528354644775 0.7226429581642151 1.398171283304691
v -0.9980528354644775 0.7226429581642151 1.398171283304691
v -0.9980528354644775 0.7226429581642151 1.398171283304691
v -0.9980528354644775 0.7296238541603088 1.398171283304691
v -0.9980528354644775 0.7296238541603088 1.398171283304691
v -0.9980528354644775 0.7296238541603088 1.398171283304691
v -0.9980528652667999 -0.0023817950859665784 1.3981713205575943
v -0.9980528652667999 0.1022477224469185 1.3981713131070137
v -0.9980528652667999 0.1022477224469185 1.3981713131070137
v -0.9980528652667999 0.1022477224469185 1.3981713131070137
v -0.9980528503656387 0.2595593333244324 1.398171305656433
v -0.9980528503656387 0.2595593333244324 1.398171305656433
v -0.9980528503656387 0.2595593333244324 1.398171305656433
v -0.9980528503656387 0.2595593333244324 1.398171305656433
v -0.9980528503656387 0.41562074422836304 1.3981712982058525
v -0.9980528503656387 0.41562074422836304 1.3981712982058525
v -0.9980528503656387 0.41562074422836304 1.3981712982058525
v -0.9980528503656387 0.4217766225337982 1.3981712982058525
v -0.9980528503656387 0.4217766225337982 1.3981712982058525
v -0.9980528503656387 0.4217766225337982 1.3981712982058525
v -0.9980528503656387 0.4217766225337982 1.3981712982058525
v -0.9980528503656387 0.2524302899837494 1.398171305656433
v -0.9980528503656387 0.2524302899837494 1.398171305656433
v -0.9980528503656387 0.2524302899837494 1.398171305656433
v -0.9980528354644775 0.5679233074188232 1.3981712907552717
v -0.9980528354644775 0.5679233074188232 1.3981712907552717
v -0.9980528354644775 0.5679233074188232 1.3981712907552717
v -0.9980528354644775 0.5754024386405945 1.3981712907552717
v -0.9980528354644775 0.5754024386405945 1.3981712907552717
v -0.9980528354644775 0.5754024386405945 1.3981712907552717
v -1.3251027315855026 0.7226429581642151 1.3981713056564329
v -1.3251027315855026 0.7226429581642151 1.3981713056564329
v -1.3251027315855026 0.7226429581642151 1.3981713056564329
v -1.3251027315855026 0.7296238541603088 1.3981713056564329
v -1.3251027315855026 0.7296238541603088 1.3981713056564329
v -1.3251027315855026 0.7296238541603088 1.3981713056564329
v -1.325102761387825 0.08387989550828935 1.3981713354587555
v -1.325102761387825 0.08387989550828935 1.3981713354587555
v -1.325102761387825 0.08387989550828935 1.3981713354587555
v -1.325102761387825 -0.0023817950859665784 1.3981713354587555
v -1.325102761387825 0.1022477224469185 1.3981713354587555
v -1.325102761387825 0.1022477224469185 1.3981713354587555
v -1.325102761387825 0.1022477224469185 1.3981713354587555
v -1.3251027464866638 0.25955936312675476 1.3981713205575943
v -1.3251027464866638 0.25955936312675476 1.3981713205575943
v -1.3251027464866638 0.25955936312675476 1.3981713205575943
v -1.3251027464866638 0.41562074422836304 1.398171305656433
v -1.3251027464866638 0.41562074422836304 1.398171305656433
v -1.3251027464866638 0.41562074422836304 1.398171305656433
v -1.3251027464866638 0.42177659273147583 1.398171305656433
v -1.3251027464866638 0.42177659273147583 1.398171305656433
v -1.3251027464866638 0.42177659273147583 1.398171305656433
v -1.3251027464866638 0.2524302899837494 1.3981713205575943
v -1.3251027464866638 0.2524302899837494 1.3981713205575943
v -1.3251027464866638 0.2524302899837494 1.3981713205575943
v -1.3251027315855026 0.5679233074188232 1.3981713056564329
v -1.3251027315855026 0.5679233074188232 1.3981713056564329
v -1.3251027315855026 0.5679233074188232 1.3981713056564329
v -1.3251027315855026 0.5754024386405945 1.3981713056564329
v -1.3251027315855026 0.5754024386405945 1.3981713056564329
v -1.3251027315855026 0.5754024386405945 1.3981713056564329
v -1.3420631736516953 0.2524302899837494 1.2987574897706509
v -1.3420631736516953 0.2524302899837494 1.2987574897706509
v -1.3420631736516953 0.42177659273147583 1.2987574897706509
v -1.3420631736516953 0.42177659273147583 1.2987574897706509
v -1.3420631736516953 0.41562074422836304 1.2987574897706509
v -1.3420631736516953 0.41562074422836304 1.2987574897706509
v -1.3420631736516953 0.25955936312675476 1.2987574897706509
v -1.3420631736516953 0.25955936312675476 1.2987574897706509
v -1.3420631885528564 0.10224771499633788 1.2987575195729733
v -1.3420631885528564 0.10224771499633788 1.2987575195729733
v -1.3420631885528564 -0.0023818016052246224 1.2987575195729733
v -1.3420631885528564 0.08387988805770873 1.2987575195729733
v -1.3420631885528564 0.08387988805770873 1.2987575195729733
v -1.3420631885528564 0.08387988805770873 1.2987575195729733
v -0.9860021770000458 0.7296238541603088 1.3981712758541105
v -0.9860021770000458 0.7296238541603088 1.3981712758541105
v -0.9860021770000458 0.7296238541603088 1.3981712758541105
v -0.9860022068023682 0.08387988805770875 1.398171305656433
v -0.9860022068023682 0.08387988805770875 1.398171305656433
v -0.9860022068023682 0.08387988805770875 1.398171305656433
v -0.9860022068023682 0.1022477149963379 1.398171305656433
v -0.9860022068023682 0.1022477149963379 1.398171305656433
v -0.9860022068023682 0.1022477149963379 1.398171305656433
v -0.9860022068023682 -0.0023818016052246007 1.3981713205575943
v -0.9860021770000458 0.5679233074188232 1.3981712907552717
v -0.9860021770000458 0.5679233074188232 1.3981712907552717
v -0.9860021770000458 0.5754024386405945 1.3981712907552717
v -0.9860021770000458 0.5754024386405945 1.3981712907552717
v -0.9860021770000458 0.7226429581642151 1.3981712758541105
v -0.9860021770000458 0.7226429581642151 1.3981712758541105
v -0.986002191901207 0.26403528451919556 1.398171305656433
v -0.986002191901207 0.26403528451919556 1.398171305656433
v -0.986002191901207 0.41562074422836304 1.398171290755272
v -0.986002191901207 0.41562074422836304 1.398171290755272
v -0.986002191901207 0.42743629217147827 1.398171290755272
v -0.986002191901207 0.42743629217147827 1.398171290755272
v -0.986002191901207 0.2524302899837494 1.398171305656433
v -0.986002191901207 0.2524302899837494 1.398171305656433
v -0.9981117397546768 0.08387989550828935 1.3981713131070137
v -0.9981117397546768 0.08387989550828935 1.3981713131070137
v -1.008574217557907 0.26753512024879456 1.398171305656433
v -1.008574217557907 0.26753512024879456 1.398171305656433
v -1.008574217557907 0.26753512024879456 1.398171305656433
v -1.008574217557907 0.4089617133140564 1.3981712982058525
v -1.008574217557907 0.4089617133140564 1.3981712982058525
v -1.008574217557907 0.4089617133140564 1.3981712982058525
v -1.0085742324590683 0.11109319329261781 1.3981713131070137
v -1.0085742324590683 0.11109319329261781 1.3981713131070137
v -1.0085742324590683 0.11109319329261781 1.3981713131070137
v -1.008574217557907 0.24691174924373627 1.398171305656433
v -1.008574217557907 0.24691174924373627 1.398171305656433
v -1.008574217557907 0.24691174924373627 1.398171305656433
v -1.008574217557907 0.4292735755443573 1.3981712982058525
v -1.008574217557907 0.4292735755443573 1.3981712982058525
v -1.008574217557907 0.4292735755443573 1.3981712982058525
v -1.008574202656746 0.5622101426124573 1.3981712907552717
v -1.008574202656746 0.5622101426124573 1.3981712907552717
v -1.008574202656746 0.5622101426124573 1.3981712907552717
v -1.008574202656746 0.5783032774925232 1.3981712907552717
v -1.008574202656746 0.5783032774925232 1.3981712907552717
v -1.008574202656746 0.5783032774925232 1.3981712907552717
v -1.008574202656746 0.7149374485015869 1.398171283304691
v -1.008574202656746 0.7149374485015869 1.398171283304691
v -1.008574202656746 0.7149374485015869 1.398171283304691
v -1.3145813643932343 0.26753512024879456 1.3981713205575943
v -1.3145813643932343 0.26753512024879456 1.3981713205575943
v -1.3145813643932343 0.26753512024879456 1.3981713205575943
v -1.3145813643932343 0.4089617133140564 1.398171305656433
v -1.3145813643932343 0.4089617133140564 1.398171305656433
v -1.3145813643932343 0.4089617133140564 1.398171305656433
v -1.3145813792943954 0.11109319329261781 1.3981713354587555
v -1.3145813792943954 0.11109319329261781 1.3981713354587555
v -1.3145813792943954 0.11109319329261781 1.3981713354587555
v -1.3145813643932343 0.24691174924373627 1.3981713205575943
v -1.3145813643932343 0.24691174924373627 1.3981713205575943
v -1.3145813643932343 0.24691174924373627 1.3981713205575943
v -1.3145813643932343 0.4292735755443573 1.398171305656433
v -1.3145813643932343 0.4292735755443573 1.398171305656433
v -1.3145813643932343 0.4292735755443573 1.398171305656433
v -1.314581349492073 0.5622101426124573 1.3981713056564329
v -1.314581349492073 0.5622101426124573 1.3981713056564329
v -1.314581349492073 0.5622101426124573 1.3981713056564329
v -1.314581349492073 0.5783032774925232 1.3981713056564329
v -1.314581349492073 0.5783032774925232 1.3981713056564329
v -1.314581349492073 0.5783032774925232 1.3981713056564329
v -1.314581349492073 0.7149374485015869 1.3981713056564329
v -1.314581349492073 0.7149374485015869 1.3981713056564329
v -1.314581349492073 0.7149374485015869 1.3981713056564329
v -1.008574217557907 0.26753512024879456 1.3752824738621712
v -1.008574217557907 0.26753512024879456 1.3752824738621712
v -1.008574217557907 0.4089617133140564 1.317874900996685
v -1.008574217557907 0.4089617133140564 1.317874900996685
v -1.0085742324590683 0.1110931932926178 1.3791560493409634
v -1.0085742324590683 0.1110931932926178 1.3791560493409634
v -1.008574217557907 0.24691174924373627 1.3140013441443443
v -1.008574217557907 0.24691174924373627 1.3140013441443443
v -1.008574217557907 0.4292735755443573 1.3735593352466822
v -1.008574217557907 0.4292735755443573 1.3735593352466822
v -1.008574202656746 0.5622101426124573 1.319598041474819
v -1.008574202656746 0.5622101426124573 1.319598041474819
v -1.008574202656746 0.5783032774925232 1.3743097744882105
v -1.008574202656746 0.5783032774925232 1.3743097744882105
v -1.008574202656746 0.7149374485015869 1.318847585469484
v -1.008574202656746 0.7149374485015869 1.318847585469484
v -1.3145813643932343 0.26753512024879456 1.3752824813127518
v -1.3145813643932343 0.26753512024879456 1.3752824813127518
v -1.3145813643932343 0.4089617133140564 1.317874900996685
v -1.3145813643932343 0.4089617133140564 1.317874900996685
v -1.3145813792943954 0.1110931932926178 1.3791560642421246
v -1.3145813792943954 0.1110931932926178 1.3791560642421246
v -1.3145813643932343 0.24691174924373627 1.314001351594925
v -1.3145813643932343 0.24691174924373627 1.314001351594925
v -1.3145813643932343 0.4292735755443573 1.3735593426972628
v -1.3145813643932343 0.4292735755443573 1.3735593426972628
v -1.314581349492073 0.5622101426124573 1.3195980563759802
v -1.314581349492073 0.5622101426124573 1.3195980563759802
v -1.314581349492073 0.5783032774925232 1.3743098005652425
v -1.314581349492073 0.5783032774925232 1.3743098005652425
v -1.314581349492073 0.7149374485015869 1.3188475742936132
v -1.314581349492073 0.7149374485015869 1.3188475742936132
v -1.325102761387825 -0.002381799276918186 1.2987575195729733
v -0.9980528652667999 -0.002381799276918186 1.298757504671812
v -0.9980528503656387 0.7368109226226807 1.398171283304691
v -0.9980528503656387 0.7368109226226807 1.398171283304691
v -1.3251027315855026 0.7368109226226807 1.3981712907552717
v -1.3251027315855026 0.7368109226226807 1.3981712907552717
v -1.3251027315855026 0.7368109226226807 1.3981712907552717
v -0.9860021770000458 0.7368109226226807 1.3981712758541105
v -0.9860021770000458 0.7368109226226807 1.3981712758541105
v -0.9860021770000458 0.7368109226226807 1.3981712758541105
v -1.342063158750534 0.5754024386405945 1.2987574897706506
v -1.342063158750534 0.5754024386405945 1.2987574897706506
v -1.342063158750534 0.7226429581642151 1.2987574897706506
v -1.342063158750534 0.7226429581642151 1.2987574897706506
v -1.342063158750534 0.7296238541603088 1.2987574897706506
v -1.342063158750534 0.7296238541603088 1.2987574897706506
v -0.9860021770000458 0.7368109226226807 1.2987574599683283
v -0.9860021770000458 0.7368109226226807 1.2987574599683283
v -0.9860021770000458 0.7368109226226807 1.2987574599683283
v -1.3251027315855026 0.7368109226226807 1.2987574748694894
v -1.3251027315855026 0.7368109226226807 1.2987574748694894
v -0.9980528503656387 0.7368109226226807 1.2987574674189089
v -0.9980528503656387 0.7368109226226807 1.2987574674189089
v -0.986002191901207 0.2524302899837494 1.2987574897706509
v -0.986002191901207 0.2524302899837494 1.2987574897706509
v -0.986002191901207 0.42743629217147827 1.2987574748694897
v -0.986002191901207 0.42743629217147827 1.2987574748694897
v -0.986002191901207 0.41562074422836304 1.2987574748694897
v -0.986002191901207 0.41562074422836304 1.2987574748694897
v -0.986002191901207 0.26403528451919556 1.2987574897706509
v -0.986002191901207 0.26403528451919556 1.2987574897706509
v -0.9860021770000458 0.7226429581642151 1.2987574599683283
v -0.9860021770000458 0.7226429581642151 1.2987574599683283
v -0.9860021770000458 0.5754024386405945 1.2987574748694894
v -0.9860021770000458 0.5754024386405945 1.2987574748694894
v -0.9860021770000458 0.5679233074188232 1.2987574748694894
v -0.9860021770000458 0.5679233074188232 1.2987574748694894
v -1.342063158750534 0.7296238541603088 1.3981713056564329
v -1.342063158750534 0.7296238541603088 1.3981713056564329
v -1.342063158750534 0.7226429581642151 1.3981713056564329
v -1.342063158750534 0.7226429581642151 1.3981713056564329
v -1.342063158750534 0.5754024386405945 1.3981713056564329
v -1.342063158750534 0.5754024386405945 1.3981713056564329
v -1.3420631885528564 0.08387988805770875 1.3981713354587555
v -1.3420631885528564 0.08387988805770875 1.3981713354587555
v -1.3420631885528564 0.08387988805770875 1.3981713354587555
v -1.3420631885528564 -0.0023818016052246007 1.3981713354587555
v -1.3420631885528564 0.1022477149963379 1.3981713354587555
v -1.3420631885528564 0.1022477149963379 1.3981713354587555
v -1.3420631736516953 0.25955936312675476 1.398171305656433
v -1.3420631736516953 0.25955936312675476 1.398171305656433
v -1.3420631736516953 0.41562074422836304 1.398171305656433
v -1.3420631736516953 0.41562074422836304 1.398171305656433
v -1.3420631736516953 0.42177659273147583 1.398171305656433
v -1.3420631736516953 0.42177659273147583 1.398171305656433
v -1.3420631736516953 0.2524302899837494 1.398171305656433
v -1.3420631736516953 0.2524302899837494 1.398171305656433
v -1.342063158750534 0.5679233074188232 1.3981713056564329
v -1.342063158750534 0.5679233074188232 1.3981713056564329
v -1.342063158750534 0.7368109226226807 1.3981713056564329
v -1.342063158750534 0.7368109226226807 1.3981713056564329
v -1.342063158750534 0.7368109226226807 1.3981713056564329
v -1.0140434354543686 0.26403528451919556 1.2987574897706509
v -1.0140434205532074 0.7226429581642151 1.2987574599683283
v -1.0140434205532074 0.5754024386405945 1.2987574748694894
v -1.0140434205532074 0.5679233074188232 1.2987574748694894
v -0.9763748794794083 0.06990930438041686 1.2905951738357544
v -0.9763748794794083 0.06990930438041686 1.2905951738357544
v -1.00593900680542 0.06990930438041686 1.2905951738357544
v -1.00593900680542 0.08545138686895369 1.2905951738357544
v -1.00593900680542 0.08545138686895369 1.2905951738357544
v -0.9763748794794083 0.08545138686895369 1.2905951738357544
v -0.9763748794794083 0.08545138686895369 1.2905951738357544
v -0.9763748794794083 0.08545138686895369 1.2905951738357544
v -0.9763748794794083 -0.005495101213455215 1.2905951887369156
v -0.9763748794794083 -0.005495101213455215 1.2905951887369156
v -0.9763748794794083 -0.005495101213455215 1.2905951887369156
v -1.3222095966339111 0.08545138686895369 1.2905952036380768
v -1.3222095966339111 0.08545138686895369 1.2905952036380768
v -1.3517732322216034 0.08545138686895369 1.2905952036380768
v -1.3517732322216034 0.08545138686895369 1.2905952036380768
v -1.3517732322216034 0.08545138686895369 1.2905952036380768
v -0.9763748794794083 -0.00549510121345519 1.4063336364924908
v -0.9763748794794083 -0.00549510121345519 1.4063336364924908
v -0.9763748794794083 -0.00549510121345519 1.4063336364924908
v -0.989080011844635 -0.005495093762874593 1.4063336364924908
v -0.989080011844635 -0.005495093762874593 1.4063336364924908
v -1.3222095966339111 0.06990930438041686 1.2905952036380768
v -1.3338917046785355 -0.0054950974881649165 1.2905952036380768
v -1.3338917046785355 -0.0054950974881649165 1.2905952036380768
v -0.989080011844635 -0.0054950974881649165 1.2905951887369156
v -0.989080011844635 -0.0054950974881649165 1.2905951887369156
v -1.3338917046785355 0.06990931928157808 1.406333651393652
v -1.3338917046785355 0.08545139431953432 1.406333651393652
v -1.3338917046785355 0.08545139431953432 1.406333651393652
v -1.3338917046785355 -0.005495093762874593 1.406333651393652
v -1.3338917046785355 -0.005495093762874593 1.406333651393652
v -1.3517732322216034 0.06990930438041686 1.2905952036380768
v -1.3517732322216034 0.06990930438041686 1.2905952036380768
v -1.3517732322216034 0.06990930438041688 1.406333651393652
v -1.3517732322216034 0.06990930438041688 1.406333651393652
v -0.9763748794794083 0.06990930438041688 1.4063336178660393
v -0.9763748794794083 0.06990930438041688 1.4063336178660393
v -0.9763748794794083 0.08545138686895372 1.4063336178660393
v -0.9763748794794083 0.08545138686895372 1.4063336178660393
v -0.9763748794794083 0.08545138686895372 1.4063336178660393
v -1.3517732322216034 -0.00549510121345519 1.406333651393652
v -1.3517732322216034 -0.00549510121345519 1.406333651393652
v -1.3517732322216034 -0.00549510121345519 1.406333651393652
v -1.3517732322216034 -0.005495101213455215 1.2905952036380768
v -1.3517732322216034 -0.005495101213455215 1.2905952036380768
v -1.3517732322216034 -0.005495101213455215 1.2905952036380768
v -1.3517732322216034 0.08545138686895372 1.406333651393652
v -1.3517732322216034 0.08545138686895372 1.406333651393652
v -1.3517732322216034 0.08545138686895372 1.406333651393652
v -0.9891420751810074 0.06990931928157808 1.4063336290419102
v -0.9891420751810074 0.08545139431953432 1.4063336290419102
v -0.9891420751810074 0.08545139431953432 1.4063336290419102
vt 0.27041053771972656 0.8865975141525269
vt 0.2683146595954895 0.8906444311141968
vt 0.2683146595954895 0.8916677236557007
vt 0.2683146595954895 0.877708911895752
vt 0.2550731897354126 0.9153236150741577
vt 0.2550731897354126 0.9148354530334473
vt 0.2550731897354126 0.9042034149169922
vt 0.2550731897354126 0.864673376083374
vt 0.49254390597343445 0.029224753379821777
vt 0.2550731897354126 0.8659577965736389
vt 0.2550731897354126 0.878294825553894
vt 0.27041053771972656 0.8659577965736389
vt 0.24767763912677765 0.8865975141525269
vt 0.2550731897354126 0.889299750328064
vt 0.2550731897354126 0.8912719488143921
vt 0.2550731897354126 0.8766922950744629
vt 0.2683146595954895 0.9153236150741577
vt 0.2683146595954895 0.864673376083374
vt 0.526341438293457 0.029224753379821777
vt 0.2550731897354126 0.9016163349151611
vt 0.2683146595954895 0.8659577965736389
vt 0.2809563875198364 0.8865975141525269
vt 0.25297728180885315 0.9186766147613525
vt 0.25297728180885315 0.8865975141525269
vt 0.2701870799064636 0.8865975141525269
vt 0.25297728180885315 0.9016163349151611
vt 0.5295007824897766 0.029224753379821777
vt 0.27041053771972656 0.864673376083374
vt 0.24686680734157562 0.8865975141525269
vt 0.27041053771972656 0.9153236150741577
vt 0.2788398563861847 0.8865975141525269
vt 0.26473891735076904 0.8513947129249573
vt 0.2658521234989166 0.8673169612884521
vt 0.2718571126461029 0.8594403266906738
vt 0.26473891735076904 0.8507038950920105
vt 0.2658521234989166 0.8670090436935425
vt 0.27130767703056335 0.9849846959114075
vt 0.26902055740356445 0.8935492038726807
vt 0.256775826215744 0.8594403266906738
vt 0.26473891735076904 0.9205687642097473
vt 0.2686346173286438 0.8557977676391602
vt 0.24900808930397034 0.8594403266906738
vt 0.26473891735076904 0.9031088352203369
vt 0.26473891735076904 0.9031087756156921
vt 0.26807206869125366 0.8472784161567688
vt 0.256775826215744 0.8594403266906738
vt 0.26470479369163513 0.8593561053276062
vt 0.26473891735076904 0.8875340223312378
vt 0.26473891735076904 0.8847430348396301
vt 0.26473891735076904 0.8847429156303406
vt 0.26701536774635315 0.8593561053276062
vt 0.2718571126461029 0.8594403266906738
vt 0.26435256004333496 0.8594403266906738
vt 0.26473891735076904 0.9053768515586853
vt 0.26492416858673096 0.8472784161567688
vt 0.2642887532711029 0.8621066212654114
vt 0.26473891735076904 0.8701031804084778
vt 0.27915847301483154 0.8594403266906738
vt 0.26435256004333496 0.8594403266906738
vt 0.26473891735076904 0.8664416670799255
vt 0.2670755386352539 0.8621066212654114
vt 0.25839611887931824 0.920140266418457
vt 0.2603504955768585 0.8673169612884521
vt 0.2718571126461029 0.885012149810791
vt 0.25839611887931824 0.9204962849617004
vt 0.2603504955768585 0.8670090436935425
vt 0.28529879450798035 0.9834256768226624
vt 0.4912954866886139 0.04696822166442871
vt 0.25839611887931824 0.883550763130188
vt 0.26651304960250854 0.9156407713890076
vt 0.25458407402038574 0.8935492038726807
vt 0.256775826215744 0.885012149810791
vt 0.25839611887931824 0.8844876885414124
vt 0.2686346173286438 0.9156407713890076
vt 0.24900808930397034 0.885012149810791
vt 0.25839611887931824 0.8934866189956665
vt 0.2680721580982208 0.9184454679489136
vt 0.256775826215744 0.885012149810791
vt 0.25839611887931824 0.9015138745307922
vt 0.26470479369163513 0.9018021821975708
vt 0.25839611887931824 0.9029524326324463
vt 0.26701536774635315 0.9018021821975708
vt 0.2718571126461029 0.885012149810791
vt 0.25839611887931824 0.8923177123069763
vt 0.26435256004333496 0.885012149810791
vt 0.26492416858673096 0.9184454679489136
vt 0.25839611887931824 0.910497784614563
vt 0.2642887532711029 0.9011311531066895
vt 0.27915847301483154 0.885012149810791
vt 0.25839611887931824 0.9123849272727966
vt 0.26435256004333496 0.885012149810791
vt 0.2670755386352539 0.9011311531066895
vt 0.25445377826690674 0.8865975141525269
vt 0.25297728180885315 0.8766922950744629
vt 0.2636571526527405 0.8865975141525269
vt 0.25297728180885315 0.8912719488143921
vt 0.26241225004196167 0.8865975141525269
vt 0.25297728180885315 0.889299750328064
vt 0.2554653584957123 0.8865975141525269
vt 0.25297728180885315 0.878294825553894
vt 0.24767763912677765 0.8865975141525269
vt 0.25297728180885315 0.8659577965736389
vt 0.25297728180885315 0.8865975141525269
vt 0.24686680734157562 0.8865975141525269
vt 0.25297728180885315 0.864673376083374
vt 0.48938465118408203 0.029224753379821777
vt 0.2667061984539032 0.8507038950920105
vt 0.26996052265167236 0.9851347804069519
vt 0.2788398563861847 0.8935492038726807
vt 0.5295007824897766 0.04696822166442871
vt 0.26651304960250854 0.8500356674194336
vt 0.24686680734157562 0.8935492038726807
vt 0.2667061984539032 0.9205687642097473
vt 0.2686346173286438 0.8500356674194336
vt 0.24767763912677765 0.8935492038726807
vt 0.27041053771972656 0.8935492038726807
vt 0.2667061984539032 0.8668367266654968
vt 0.2716439962387085 0.8935492038726807
vt 0.2667061984539032 0.8653322458267212
vt 0.27231502532958984 0.8935492038726807
vt 0.2667061984539032 0.8513947129249573
vt 0.27853167057037354 0.8935492038726807
vt 0.2667061984539032 0.9026657938957214
vt 0.2556629478931427 0.8935492038726807
vt 0.2667061984539032 0.8856310248374939
vt 0.263261079788208 0.8935492038726807
vt 0.2667061984539032 0.8841828107833862
vt 0.2639070153236389 0.8935492038726807
vt 0.2667061984539032 0.9039379954338074
vt 0.25509554147720337 0.8935492038726807
vt 0.5281364321708679 0.04696822166442871
vt 0.26651304960250854 0.8558085560798645
vt 0.26291003823280334 0.885012149810791
vt 0.2585783004760742 0.885012149810791
vt 0.24925796687602997 0.8602629899978638
vt 0.26291003823280334 0.8965256214141846
vt 0.25084611773490906 0.885012149810791
vt 0.2565259039402008 0.8602629899978638
vt 0.2646600008010864 0.885012149810791
vt 0.25448766350746155 0.885012149810791
vt 0.2570195496082306 0.8602629899978638
vt 0.2647331655025482 0.8962411880493164
vt 0.25266966223716736 0.885012149810791
vt 0.2641088664531708 0.8602629899978638
vt 0.27192458510398865 0.885012149810791
vt 0.27915847301483154 0.8594403266906738
vt 0.2720920145511627 0.8602629899978638
vt 0.2719933092594147 0.8958331346511841
vt 0.2585783004760742 0.885012149810791
vt 0.27892357110977173 0.8602629899978638
vt 0.27019110321998596 0.885012149810791
vt 0.27915847301483154 0.8833668231964111
vt 0.2645939886569977 0.8602629899978638
vt 0.27019110321998596 0.8961355686187744
vt 0.25448766350746155 0.885012149810791
vt 0.2716156244277954 0.8602629899978638
vt 0.2585783004760742 0.9089386463165283
vt 0.24925796687602997 0.8841894865036011
vt 0.2592351734638214 0.885012149810791
vt 0.25084611773490906 0.9089386463165283
vt 0.2565259039402008 0.8841894865036011
vt 0.2592351734638214 0.8965256214141846
vt 0.25448766350746155 0.9089386463165283
vt 0.2570195496082306 0.8841894865036011
vt 0.2648063600063324 0.885012149810791
vt 0.25266966223716736 0.9089386463165283
vt 0.2641088664531708 0.8841894865036011
vt 0.2647331655025482 0.8962411880493164
vt 0.27915847301483154 0.8833668231964111
vt 0.2720920145511627 0.8841894865036011
vt 0.2720620334148407 0.885012149810791
vt 0.2585783004760742 0.9089386463165283
vt 0.27892357110977173 0.8841894865036011
vt 0.2719933092594147 0.8958331346511841
vt 0.27915847301483154 0.9072933197021484
vt 0.2645939886569977 0.8841894865036011
vt 0.2665563225746155 0.885012149810791
vt 0.25448766350746155 0.9089386463165283
vt 0.2716156244277954 0.8841894865036011
vt 0.2665563225746155 0.8961355686187744
vt 0.2622549831867218 0.8850888013839722
vt 0.2592351734638214 0.885012149810791
vt 0.2610726058483124 0.8964489698410034
vt 0.24900808930397034 0.885012149810791
vt 0.26399102807044983 0.8851144313812256
vt 0.2551589012145996 0.885012149810791
vt 0.26291003823280334 0.8962411880493164
vt 0.25084611773490906 0.885012149810791
vt 0.2712346017360687 0.8851118087768555
vt 0.279850572347641 0.8594403266906738
vt 0.27019110321998596 0.8958331346511841
vt 0.256775826215744 0.885012149810791
vt 0.2695160210132599 0.885086178779602
vt 0.27983516454696655 0.8833668231964111
vt 0.2683737277984619 0.8960614204406738
vt 0.25266966223716736 0.885012149810791
vt 0.2592351734638214 0.9089386463165283
vt 0.2598901689052582 0.8850888013839722
vt 0.24900808930397034 0.9089386463165283
vt 0.2610726058483124 0.8964489698410034
vt 0.2551589012145996 0.9089386463165283
vt 0.2654753029346466 0.8851144313812256
vt 0.25084611773490906 0.9089386463165283
vt 0.2665563225746155 0.8962411880493164
vt 0.279850572347641 0.8833668231964111
vt 0.27275198698043823 0.8851118087768555
vt 0.256775826215744 0.9089386463165283
vt 0.2737955152988434 0.8958331346511841
vt 0.27983516454696655 0.9072933197021484
vt 0.26723140478134155 0.885086178779602
vt 0.25266966223716736 0.9089386463165283
vt 0.2683737277984619 0.8960614204406738
vt 0.25458407402038574 0.8865975141525269
vt 0.26902055740356445 0.8865975141525269
vt 0.26902055740356445 0.8935492038726807
vt 0.2710943818092346 0.9801803231239319
vt 0.25458407402038574 0.8935492038726807
vt 0.25839611887931824 0.9229419827461243
vt 0.2850854694843292 0.9786213636398315
vt 0.27041053771972656 0.8935492038726807
vt 0.26974719762802124 0.9803304076194763
vt 0.2809563875198364 0.8935492038726807
vt 0.27182018756866455 0.8865975141525269
vt 0.25297728180885315 0.9042034149169922
vt 0.27853167057037354 0.8865975141525269
vt 0.25297728180885315 0.9148354530334473
vt 0.2788398563861847 0.8865975141525269
vt 0.25297728180885315 0.9153236150741577
vt 0.27041053771972656 0.9186766147613525
vt 0.27041053771972656 0.8865975141525269
vt 0.2809563875198364 0.8865975141525269
vt 0.25458407402038574 0.9186766147613525
vt 0.25458407402038574 0.8865975141525269
vt 0.26902055740356445 0.9186766147613525
vt 0.26902055740356445 0.8865975141525269
vt 0.27041053771972656 0.877708911895752
vt 0.25509554147720337 0.8865975141525269
vt 0.27041053771972656 0.8916677236557007
vt 0.2639070153236389 0.8865975141525269
vt 0.27041053771972656 0.8906444311141968
vt 0.263261079788208 0.8865975141525269
vt 0.27041053771972656 0.8786078095436096
vt 0.2556629478931427 0.8865975141525269
vt 0.27041053771972656 0.9148354530334473
vt 0.27853167057037354 0.8865975141525269
vt 0.27041053771972656 0.9049873352050781
vt 0.27231502532958984 0.8865975141525269
vt 0.27041053771972656 0.9039243459701538
vt 0.2716439962387085 0.8865975141525269
vt 0.2788398563861847 0.8935492038726807
vt 0.2579289972782135 0.9204962849617004
vt 0.27853167057037354 0.8935492038726807
vt 0.2579289972782135 0.920140266418457
vt 0.27182018756866455 0.8935492038726807
vt 0.2579289972782135 0.9123849272727966
vt 0.24686680734157562 0.8935492038726807
vt 0.2579289972782135 0.883550763130188
vt 0.48938465118408203 0.04696822166442871
vt 0.25297728180885315 0.8935492038726807
vt 0.24767763912677765 0.8935492038726807
vt 0.2579289972782135 0.8844876885414124
vt 0.2554653584957123 0.8935492038726807
vt 0.2579289972782135 0.8934866189956665
vt 0.26241225004196167 0.8935492038726807
vt 0.2579289972782135 0.9015138745307922
vt 0.2636571526527405 0.8935492038726807
vt 0.2579289972782135 0.9029524326324463
vt 0.25445377826690674 0.8935492038726807
vt 0.2579289972782135 0.8923177123069763
vt 0.2701870799064636 0.8935492038726807
vt 0.2579289972782135 0.910497784614563
vt 0.2809563875198364 0.8935492038726807
vt 0.25297728180885315 0.8935492038726807
vt 0.2579289972782135 0.9229419827461243
vt 0.2683146595954895 0.8786078095436096
vt 0.2683146595954895 0.9148354530334473
vt 0.2683146595954895 0.9049873352050781
vt 0.2683146595954895 0.9039243459701538
vt 0.6189539432525635 0.0630882978439331
vt 0.6689922213554382 0.06295758485794067
vt 0.6048409938812256 0.0630882978439331
vt 0.6048409938812256 0.07484149932861328
vt 0.5272545218467712 0.02776789665222168
vt 0.5305854678153992 0.02776789665222168
vt 0.6189539432525635 0.07484149932861328
vt 0.6689922213554382 0.07471084594726562
vt 0.27041053771972656 0.8865975141525269
vt 0.6189539432525635 0.006065964698791504
vt 0.6689922213554382 0.005935311317443848
vt 0.4538649320602417 0.07484149932861328
vt 0.4916214346885681 0.02776789665222168
vt 0.6689922213554382 0.07471084594726562
vt 0.43975237011909485 0.07484149932861328
vt 0.48829060792922974 0.02776789665222168
vt 0.27041053771972656 0.8935492038726807
vt 0.6189539432525635 0.006065964698791504
vt 0.6189585328102112 0.005935311317443848
vt 0.26902055740356445 0.8935492038726807
vt 0.6128888726234436 0.006066024303436279
vt 0.4538649320602417 0.0630882978439331
vt 0.44828829169273376 0.006065964698791504
vt 0.25458407402038574 0.8865975141525269
vt 0.6128888726234436 0.006065964698791504
vt 0.26902055740356445 0.8865975141525269
vt 0.44828829169273376 0.0630882978439331
vt 0.4903053045272827 0.04842507839202881
vt 0.44828829169273376 0.07484149932861328
vt 0.25458407402038574 0.8935492038726807
vt 0.44828829169273376 0.006066024303436279
vt 0.6689922213554382 0.06295758485794067
vt 0.43975237011909485 0.0630882978439331
vt 0.6189585328102112 0.06295758485794067
vt 0.43975237011909485 0.0630882978439331
vt 0.6189539432525635 0.0630882978439331
vt 0.6189585328102112 0.06295758485794067
vt 0.5305854678153992 0.04842507839202881
vt 0.6189539432525635 0.07484149932861328
vt 0.6189585328102112 0.07471084594726562
vt 0.6189585328102112 0.005935311317443848
vt 0.43975237011909485 0.006065964698791504
vt 0.25297728180885315 0.8935492038726807
vt 0.6689922213554382 0.005935311317443848
vt 0.43975237011909485 0.006065964698791504
vt 0.25297728180885315 0.8865975141525269
vt 0.6189585328102112 0.07471084594726562
vt 0.43975237011909485 0.07484149932861328
vt 0.48829060792922974 0.04842507839202881
vt 0.6128592491149902 0.0630882978439331
vt 0.5291469693183899 0.04842507839202881
vt 0.6128592491149902 0.07484149932861328
vn -0.11420489006800984 -0.9833420432572563 0.14140604317778807
vn 0 -2.220446049250313e-16 -1
vn 0 -2.220446049250313e-16 -1
vn 0 -2.220446049250313e-16 -1
vn 0 -2.220446049250313e-16 -1
vn 0 -2.220446049250313e-16 -1
vn 0 -2.220446049250313e-16 -1
vn 0 -2.220446049250313e-16 -1
vn 0 0.9819593443253194 0.18909216295814232
vn 0 -2.220446049250313e-16 -1
vn 0 -2.220446049250313e-16 -1
vn 0 -2.220446049250313e-16 -1
vn 1 0 0
vn 0 -2.220446049250313e-16 -1
vn 0 -2.220446049250313e-16 -1
vn 0 -2.220446049250313e-16 -1
vn 0 -2.220446049250313e-16 -1
vn 0 -2.220446049250313e-16 -1
vn 0 0.9819593443253194 0.18909216295814232
vn 0 -2.220446049250313e-16 -1
vn 0 -2.220446049250313e-16 -1
vn -1 0 0
vn 0 -2.220446049250313e-16 -1
vn 0 1 -2.220446049250313e-16
vn -1 0 0
vn 0 -2.220446049250313e-16 -1
vn -0.07840342010811382 0.9920432486843003 0.09850429663344742
vn 0 -2.220446049250313e-16 -1
vn 1 0 0
vn 0 -2.220446049250313e-16 -1
vn 1 0 0
vn 0 2.220446049250313e-16 1
vn 0 2.220446049250313e-16 1
vn 0 2.220446049250313e-16 1
vn 0 2.220446049250313e-16 1
vn 0 2.220446049250313e-16 1
vn 0 2.220446049250313e-16 1
vn 0 -0.983444746457896 -0.18120825219720144
vn 0 2.220446049250313e-16 1
vn 0 2.220446049250313e-16 1
vn 0 2.220446049250313e-16 1
vn 0 2.220446049250313e-16 1
vn 0 2.220446049250313e-16 1
vn 0 2.220446049250313e-16 1
vn 0 2.220446049250313e-16 1
vn 0 2.220446049250313e-16 1
vn 0 2.220446049250313e-16 1
vn 0 2.220446049250313e-16 1
vn 0 2.220446049250313e-16 1
vn 0 2.220446049250313e-16 1
vn 0 2.220446049250313e-16 1
vn 0 2.220446049250313e-16 1
vn 0 2.220446049250313e-16 1
vn 0 2.220446049250313e-16 1
vn 0 2.220446049250313e-16 1
vn 0 2.220446049250313e-16 1
vn 0 2.220446049250313e-16 1
vn 0 2.220446049250313e-16 1
vn 0 2.220446049250313e-16 1
vn 0 2.220446049250313e-16 1
vn 0 2.220446049250313e-16 1
vn 0 2.220446049250313e-16 1
vn 0 2.220446049250313e-16 1
vn 0 2.220446049250313e-16 1
vn 0 2.220446049250313e-16 1
vn 0 2.220446049250313e-16 1
vn 0 2.220446049250313e-16 1
vn 0 0.9819593443253194 -0.18909216295814277
vn 0 2.220446049250313e-16 1
vn 0 2.220446049250313e-16 1
vn 0 -0.983444746457896 -0.18120825219720144
vn 0 2.220446049250313e-16 1
vn 0 2.220446049250313e-16 1
vn 0 2.220446049250313e-16 1
vn 0 2.220446049250313e-16 1
vn 0 2.220446049250313e-16 1
vn 0 2.220446049250313e-16 1
vn 0 2.220446049250313e-16 1
vn 0 2.220446049250313e-16 1
vn 0 2.220446049250313e-16 1
vn 0 2.220446049250313e-16 1
vn 0 2.220446049250313e-16 1
vn 0 2.220446049250313e-16 1
vn 0 2.220446049250313e-16 1
vn 0 2.220446049250313e-16 1
vn 0 2.220446049250313e-16 1
vn 0 2.220446049250313e-16 1
vn 0 2.220446049250313e-16 1
vn 0 2.220446049250313e-16 1
vn 0 2.220446049250313e-16 1
vn 0 2.220446049250313e-16 1
vn 0 2.220446049250313e-16 1
vn -1 0 0
vn 0 -2.220446049250313e-16 -1
vn -1 0 0
vn 0 -2.220446049250313e-16 -1
vn -1 0 0
vn 0 -2.220446049250313e-16 -1
vn -1 0 0
vn 0 -2.220446049250313e-16 -1
vn -1 0 0
vn 0 -2.220446049250313e-16 -1
vn 0.11310305685046786 -0.9834265216834125 0.1417038283912777
vn -1 0 0
vn 0 -2.220446049250313e-16 -1
vn 0.0775989982485604 0.9920871725941316 0.09869872058441999
vn 0 2.220446049250313e-16 1
vn 0 2.220446049250313e-16 1
vn 1 0 0
vn -0.07840342010811382 0.9920432486843003 -0.09850429663344787
vn 0 2.220446049250313e-16 1
vn 1 0 0
vn 0 2.220446049250313e-16 1
vn 0 2.220446049250313e-16 1
vn 1 0 0
vn -0.11420489006800984 -0.9833420432572563 -0.14140604317778763
vn 0 2.220446049250313e-16 1
vn 1 0 0
vn 0 2.220446049250313e-16 1
vn 1 0 0
vn 0 2.220446049250313e-16 1
vn 1 0 0
vn 0 2.220446049250313e-16 1
vn 1 0 0
vn 0 2.220446049250313e-16 1
vn 1 0 0
vn 0 2.220446049250313e-16 1
vn 1 0 0
vn 0 2.220446049250313e-16 1
vn 1 0 0
vn 0 0.9819593443253194 -0.18909216295814277
vn 0 2.220446049250313e-16 1
vn -1 0 0
vn 0 1 -2.220446049250313e-16
vn 0 2.220446049250313e-16 1
vn -1 0 0
vn 0 -1 2.220446049250313e-16
vn 0 2.220446049250313e-16 1
vn -1 0 0
vn 0 1 -2.220446049250313e-16
vn 0 2.220446049250313e-16 1
vn -1 0 0
vn 0 -1 2.220446049250313e-16
vn 0 2.220446049250313e-16 1
vn -1 0 0
vn 0 1 -2.220446049250313e-16
vn 0 2.220446049250313e-16 1
vn -1 0 0
vn 0 -1 2.220446049250313e-16
vn 0 2.220446049250313e-16 1
vn -1 0 0
vn 0 1 -2.220446049250313e-16
vn 0 2.220446049250313e-16 1
vn -1 0 0
vn 0 -1 2.220446049250313e-16
vn 0 2.220446049250313e-16 1
vn 0 1 -2.220446049250313e-16
vn 0 2.220446049250313e-16 1
vn 1 0 0
vn 0 -1 2.220446049250313e-16
vn 0 2.220446049250313e-16 1
vn 1 0 0
vn 0 1 -2.220446049250313e-16
vn 0 2.220446049250313e-16 1
vn 1 0 0
vn 0 -1 2.220446049250313e-16
vn 0 2.220446049250313e-16 1
vn 1 0 0
vn 0 1 -2.220446049250313e-16
vn 0 2.220446049250313e-16 1
vn 1 0 0
vn 0 -1 2.220446049250313e-16
vn 0 2.220446049250313e-16 1
vn 1 0 0
vn 0 1 -2.220446049250313e-16
vn 0 2.220446049250313e-16 1
vn 1 0 0
vn 0 -1 2.220446049250313e-16
vn 0 2.220446049250313e-16 1
vn 1 0 0
vn -1 0 0
vn 0 1 -2.220446049250313e-16
vn -1 0 0
vn 0 -1 2.220446049250313e-16
vn -1 0 0
vn 0 1 -2.220446049250313e-16
vn -1 0 0
vn 0 -1 2.220446049250313e-16
vn -1 0 0
vn 0 1 -2.220446049250313e-16
vn -1 0 0
vn 0 -1 2.220446049250313e-16
vn -1 0 0
vn 0 1 -2.220446049250313e-16
vn -1 0 0
vn 0 -1 2.220446049250313e-16
vn 0 1 -2.220446049250313e-16
vn 1 0 0
vn 0 -1 2.220446049250313e-16
vn 1 0 0
vn 0 1 -2.220446049250313e-16
vn 1 0 0
vn 0 -1 2.220446049250313e-16
vn 1 0 0
vn 0 1 -2.220446049250313e-16
vn 1 0 0
vn 0 -1 2.220446049250313e-16
vn 1 0 0
vn 0 1 -2.220446049250313e-16
vn 1 0 0
vn 0 -1 2.220446049250313e-16
vn 1 0 0
vn 0 -0.983444746457896 0.18120825219720188
vn 0 -0.983444746457896 0.18120825219720188
vn 0 1 -2.220446049250313e-16
vn 0 2.220446049250313e-16 1
vn 0 1 -2.220446049250313e-16
vn 0 2.220446049250313e-16 1
vn 0 2.220446049250313e-16 1
vn 0 1 -2.220446049250313e-16
vn 0 2.220446049250313e-16 1
vn 1 0 0
vn -1 0 0
vn 0 -2.220446049250313e-16 -1
vn -1 0 0
vn 0 -2.220446049250313e-16 -1
vn -1 0 0
vn 0 -2.220446049250313e-16 -1
vn 0 -2.220446049250313e-16 -1
vn 0 1 -2.220446049250313e-16
vn 1 0 0
vn 0 -2.220446049250313e-16 -1
vn 0 1 -2.220446049250313e-16
vn 0 -2.220446049250313e-16 -1
vn 0 1 -2.220446049250313e-16
vn 0 -2.220446049250313e-16 -1
vn 1 0 0
vn 0 -2.220446049250313e-16 -1
vn 1 0 0
vn 0 -2.220446049250313e-16 -1
vn 1 0 0
vn 0 -2.220446049250313e-16 -1
vn 1 0 0
vn 0 -2.220446049250313e-16 -1
vn 1 0 0
vn 0 -2.220446049250313e-16 -1
vn 1 0 0
vn 0 -2.220446049250313e-16 -1
vn 1 0 0
vn -1 0 0
vn 0 2.220446049250313e-16 1
vn -1 0 0
vn 0 2.220446049250313e-16 1
vn -1 0 0
vn 0 2.220446049250313e-16 1
vn -1 0 0
vn 0 2.220446049250313e-16 1
vn 0.0775989982485604 0.9920871725941316 -0.09869872058442043
vn 0.11310305685046786 -0.9834265216834125 -0.14170382839127726
vn -1 0 0
vn 0 2.220446049250313e-16 1
vn -1 0 0
vn 0 2.220446049250313e-16 1
vn -1 0 0
vn 0 2.220446049250313e-16 1
vn -1 0 0
vn 0 2.220446049250313e-16 1
vn -1 0 0
vn 0 2.220446049250313e-16 1
vn -1 0 0
vn 0 2.220446049250313e-16 1
vn -1 0 0
vn 0 1 -2.220446049250313e-16
vn 0 2.220446049250313e-16 1
vn 0 -2.220446049250313e-16 -1
vn 0 -2.220446049250313e-16 -1
vn 0 -2.220446049250313e-16 -1
vn 0 -2.220446049250313e-16 -1
vn 0 -2.220446049250313e-16 -1
vn 1 0 0
vn 0 -2.220446049250313e-16 -1
vn 0 -2.220446049250313e-16 -1
vn 0 0.9819593443253194 0.18909216295814232
vn -0.08950090970102545 0.9923100268290507 0.08550086442380382
vn 0 -2.220446049250313e-16 -1
vn 1 0 0
vn -0.17330215300352847 -0.9708120503051578 0.16580207099622526
vn 0 -2.220446049250313e-16 -1
vn 1 0 0
vn 0 -2.220446049250313e-16 -1
vn 0 0.9819593443253194 0.18909216295814232
vn -1 0 0
vn 0 -2.220446049250313e-16 -1
vn 0.08909904728073616 0.992389295849596 0.08499908974105473
vn -0.17330215300352847 -0.9708120503051578 -0.16580207099622482
vn 0 2.220446049250313e-16 1
vn 1 0 0
vn 0 -0.9343292238871412 -0.3564111409460322
vn 0 2.220446049250313e-16 1
vn 0 -2.220446049250313e-16 -1
vn 0 -2.220446049250313e-16 -1
vn 0 -0.934329223887141 0.35641114094603266
vn 0 -2.220446049250313e-16 -1
vn 0 -0.934329223887141 0.35641114094603266
vn 0 2.220446049250313e-16 1
vn 0 0.9819593443253194 -0.18909216295814277
vn 0 2.220446049250313e-16 1
vn 0 -0.9343292238871412 -0.3564111409460322
vn 0 2.220446049250313e-16 1
vn -1 0 0
vn 0 -2.220446049250313e-16 -1
vn -1 0 0
vn 0 2.220446049250313e-16 1
vn 0 2.220446049250313e-16 1
vn 1 0 0
vn -0.08950090970102545 0.9923100268290507 -0.08550086442380427
vn 0 2.220446049250313e-16 1
vn 1 0 0
vn -1 0 0
vn 0 2.220446049250313e-16 1
vn 0.17269546945414202 -0.9710745025224735 -0.16489568029740406
vn -1 0 0
vn 0 -2.220446049250313e-16 -1
vn 0.17269546945414202 -0.9710745025224735 0.1648956802974045
vn -1 0 0
vn 0 2.220446049250313e-16 1
vn 0.08909904728073616 0.992389295849596 -0.08499908974105518
vn 0 2.220446049250313e-16 1
vn 0 0.9819593443253194 -0.18909216295814277
vn 0 2.220446049250313e-16 1
f 1470/1470/1470 1357/1357/1357 1279/1279/1279
f 1470/1470/1470 1279/1279/1279 1479/1479/1479
f 1286/1286/1286 1364/1364/1364 1543/1543/1543
f 1286/1286/1286 1543/1543/1543 1546/1546/1546
f 1342/1342/1342 1348/1348/1348 1259/1259/1259
f 1342/1342/1342 1259/1259/1259 1264/1264/1264
f 1492/1492/1492 1494/1494/1494 1525/1525/1525
f 1492/1492/1492 1525/1525/1525 1524/1524/1524
f 1350/1350/1350 1342/1342/1342 1264/1264/1264
f 1350/1350/1350 1264/1264/1264 1258/1258/1258
f 1260/1260/1260 1276/1276/1276 1266/1266/1266
f 1260/1260/1260 1266/1266/1266 1269/1269/1269
f 1474/1474/1474 1476/1476/1476 1253/1253/1253
f 1474/1474/1474 1253/1253/1253 1254/1254/1254
f 1488/1488/1488 1490/1490/1490 1523/1523/1523
f 1488/1488/1488 1523/1523/1523 1250/1250/1250
f 1315/1315/1315 1285/1285/1285 1464/1464/1464
f 1315/1315/1315 1464/1464/1464 1467/1467/1467
f 1305/1305/1305 1298/1298/1298 1375/1375/1375
f 1305/1305/1305 1375/1375/1375 1365/1365/1365
f 1281/1281/1281 1284/1284/1284 1314/1314/1314
f 1281/1281/1281 1314/1314/1314 1311/1311/1311
f 1326/1326/1326 1323/1323/1323 1406/1406/1406
f 1326/1326/1326 1406/1406/1406 1409/1409/1409
f 1303/1303/1303 1293/1293/1293 1325/1325/1325
f 1303/1303/1303 1325/1325/1325 1334/1334/1334
f 1304/1304/1304 1309/1309/1309 1340/1340/1340
f 1304/1304/1304 1340/1340/1340 1336/1336/1336
f 1320/1320/1320 1287/1287/1287 1389/1389/1389
f 1320/1320/1320 1389/1389/1389 1412/1412/1412
f 1295/1295/1295 1299/1299/1299 1330/1330/1330
f 1295/1295/1295 1330/1330/1330 1328/1328/1328
f 1290/1290/1290 1294/1294/1294 1386/1386/1386
f 1290/1290/1290 1386/1386/1386 1383/1383/1383
f 1274/1274/1274 1472/1472/1472 1255/1255/1255
f 1274/1274/1274 1255/1255/1255 1268/1268/1268
f 1301/1301/1301 1333/1333/1333 1415/1415/1415
f 1301/1301/1301 1415/1415/1415 1392/1392/1392
f 1308/1308/1308 1305/1305/1305 1365/1365/1365
f 1308/1308/1308 1365/1365/1365 1367/1367/1367
f 1358/1358/1358 1379/1379/1379 1577/1577/1577
f 1358/1358/1358 1577/1577/1577 1564/1564/1564
f 1486/1486/1486 1488/1488/1488 1250/1250/1250
f 1486/1486/1486 1250/1250/1250 1251/1251/1251
f 1354/1354/1354 1257/1257/1257 1539/1539/1539
f 1354/1354/1354 1539/1539/1539 1542/1542/1542
f 1302/1302/1302 1288/1288/1288 1361/1361/1361
f 1302/1302/1302 1361/1361/1361 1377/1377/1377
f 1344/1344/1344 1274/1274/1274 1268/1268/1268
f 1344/1344/1344 1268/1268/1268 1263/1263/1263
f 1490/1490/1490 1484/1484/1484 1252/1252/1252
f 1490/1490/1490 1252/1252/1252 1523/1523/1523
f 1472/1472/1472 1474/1474/1474 1254/1254/1254
f 1472/1472/1472 1254/1254/1254 1255/1255/1255
f 1353/1353/1353 1350/1350/1350 1258/1258/1258
f 1353/1353/1353 1258/1258/1258 1256/1256/1256
f 1484/1484/1484 1260/1260/1260 1269/1269/1269
f 1484/1484/1484 1269/1269/1269 1252/1252/1252
f 1348/1348/1348 1346/1346/1346 1262/1262/1262
f 1348/1348/1348 1262/1262/1262 1259/1259/1259
f 1494/1494/1494 1496/1496/1496 1526/1526/1526
f 1494/1494/1494 1526/1526/1526 1525/1525/1525
f 1462/1462/1462 1461/1461/1461 1550/1550/1550
f 1462/1462/1462 1550/1550/1550 1552/1552/1552
f 1257/1257/1257 1267/1267/1267 1531/1531/1531
f 1257/1257/1257 1531/1531/1531 1539/1539/1539
f 1506/1506/1506 1354/1354/1354 1542/1542/1542
f 1506/1506/1506 1542/1542/1542 1575/1575/1575
f 1357/1357/1357 1370/1370/1370 1493/1493/1493
f 1357/1357/1357 1493/1493/1493 1279/1279/1279
f 1500/1500/1500 1498/1498/1498 1475/1475/1475
f 1500/1500/1500 1475/1475/1475 1473/1473/1473
f 1280/1280/1280 1308/1308/1308 1367/1367/1367
f 1280/1280/1280 1367/1367/1367 1369/1369/1369
f 1370/1370/1370 1368/1368/1368 1495/1495/1495
f 1370/1370/1370 1495/1495/1495 1493/1493/1493
f 1286/1286/1286 1319/1319/1319 1461/1461/1461
f 1286/1286/1286 1461/1461/1461 1462/1462/1462
f 1502/1502/1502 1500/1500/1500 1473/1473/1473
f 1502/1502/1502 1473/1473/1473 1471/1471/1471
f 1296/1296/1296 1292/1292/1292 1371/1371/1371
f 1296/1296/1296 1371/1371/1371 1373/1373/1373
f 1319/1319/1319 1507/1507/1507 1351/1351/1351
f 1319/1319/1319 1351/1351/1351 1461/1461/1461
f 1366/1366/1366 1376/1376/1376 1487/1487/1487
f 1366/1366/1366 1487/1487/1487 1497/1497/1497
f 1297/1297/1297 1296/1296/1296 1373/1373/1373
f 1297/1297/1297 1373/1373/1373 1375/1375/1375
f 1291/1291/1291 1302/1302/1302 1377/1377/1377
f 1291/1291/1291 1377/1377/1377 1371/1371/1371
f 1521/1521/1521 1465/1465/1465 1481/1481/1481
f 1521/1521/1521 1481/1481/1481 1272/1272/1272
f 1283/1283/1283 1280/1280/1280 1369/1369/1369
f 1283/1283/1283 1369/1369/1369 1355/1355/1355
f 1324/1324/1324 1327/1327/1327 1513/1513/1513
f 1324/1324/1324 1513/1513/1513 1511/1511/1511
f 1313/1313/1313 1466/1466/1466 1522/1522/1522
f 1313/1313/1313 1522/1522/1522 1499/1499/1499
f 1338/1338/1338 1310/1310/1310 1501/1501/1501
f 1338/1338/1338 1501/1501/1501 1503/1503/1503
f 1317/1317/1317 1321/1321/1321 1509/1509/1509
f 1317/1317/1317 1509/1509/1509 1505/1505/1505
f 1514/1514/1514 1518/1518/1518 1273/1273/1273
f 1514/1514/1514 1273/1273/1273 1343/1343/1343
f 1463/1463/1463 1468/1468/1468 1478/1478/1478
f 1463/1463/1463 1478/1478/1478 1483/1483/1483
f 1329/1329/1329 1335/1335/1335 1519/1519/1519
f 1329/1329/1329 1519/1519/1519 1515/1515/1515
f 1351/1351/1351 1507/1507/1507 1569/1569/1569
f 1351/1351/1351 1569/1569/1569 1572/1572/1572
f 1335/1335/1335 1338/1338/1338 1503/1503/1503
f 1335/1335/1335 1503/1503/1503 1519/1519/1519
f 1507/1507/1507 1319/1319/1319 1556/1556/1556
f 1507/1507/1507 1556/1556/1556 1569/1569/1569
f 1310/1310/1310 1313/1313/1313 1499/1499/1499
f 1310/1310/1310 1499/1499/1499 1501/1501/1501
f 1321/1321/1321 1332/1332/1332 1517/1517/1517
f 1321/1321/1321 1517/1517/1517 1509/1509/1509
f 1332/1332/1332 1324/1324/1324 1511/1511/1511
f 1332/1332/1332 1511/1511/1511 1517/1517/1517
f 1327/1327/1327 1329/1329/1329 1515/1515/1515
f 1327/1327/1327 1515/1515/1515 1513/1513/1513
f 1267/1267/1267 1275/1275/1275 1532/1532/1532
f 1267/1267/1267 1532/1532/1532 1531/1531/1531
f 1289/1289/1289 1380/1380/1380 1359/1359/1359
f 1289/1289/1289 1359/1359/1359 1362/1362/1362
f 1364/1364/1364 1249/1249/1249 1535/1535/1535
f 1364/1364/1364 1535/1535/1535 1543/1543/1543
f 1318/1318/1318 1380/1380/1380 1289/1289/1289
f 1318/1318/1318 1289/1289/1289 1322/1322/1322
f 1275/1275/1275 1358/1358/1358 1564/1564/1564
f 1275/1275/1275 1564/1564/1564 1532/1532/1532
f 1319/1319/1319 1286/1286/1286 1546/1546/1546
f 1319/1319/1319 1546/1546/1546 1556/1556/1556
f 1393/1393/1393 1396/1396/1396 1439/1439/1439
f 1393/1393/1393 1439/1439/1439 1437/1437/1437
f 1405/1405/1405 1382/1382/1382 1430/1430/1430
f 1405/1405/1405 1430/1430/1430 1445/1445/1445
f 1387/1387/1387 1390/1390/1390 1435/1435/1435
f 1387/1387/1387 1435/1435/1435 1433/1433/1433
f 1403/1403/1403 1426/1426/1426 1459/1459/1459
f 1403/1403/1403 1459/1459/1459 1444/1444/1444
f 1282/1282/1282 1312/1312/1312 1427/1427/1427
f 1282/1282/1282 1427/1427/1427 1404/1404/1404
f 1306/1306/1306 1337/1337/1337 1421/1421/1421
f 1306/1306/1306 1421/1421/1421 1398/1398/1398
f 1339/1339/1339 1307/1307/1307 1401/1401/1401
f 1339/1339/1339 1401/1401/1401 1424/1424/1424
f 1300/1300/1300 1306/1306/1306 1398/1398/1398
f 1300/1300/1300 1398/1398/1398 1395/1395/1395
f 1323/1323/1323 1290/1290/1290 1383/1383/1383
f 1323/1323/1323 1383/1383/1383 1406/1406/1406
f 1331/1331/1331 1300/1300/1300 1395/1395/1395
f 1331/1331/1331 1395/1395/1395 1418/1418/1418
f 1337/1337/1337 1331/1331/1331 1418/1418/1418
f 1337/1337/1337 1418/1418/1418 1421/1421/1421
f 1294/1294/1294 1326/1326/1326 1409/1409/1409
f 1294/1294/1294 1409/1409/1409 1386/1386/1386
f 1307/1307/1307 1282/1282/1282 1404/1404/1404
f 1307/1307/1307 1404/1404/1404 1401/1401/1401
f 1312/1312/1312 1339/1339/1339 1424/1424/1424
f 1312/1312/1312 1424/1424/1424 1427/1427/1427
f 1287/1287/1287 1301/1301/1301 1392/1392/1392
f 1287/1287/1287 1392/1392/1392 1389/1389/1389
f 1333/1333/1333 1320/1320/1320 1412/1412/1412
f 1333/1333/1333 1412/1412/1412 1415/1415/1415
f 1385/1385/1385 1408/1408/1408 1447/1447/1447
f 1385/1385/1385 1447/1447/1447 1432/1432/1432
f 1399/1399/1399 1402/1402/1402 1443/1443/1443
f 1399/1399/1399 1443/1443/1443 1441/1441/1441
f 1391/1391/1391 1414/1414/1414 1451/1451/1451
f 1391/1391/1391 1451/1451/1451 1436/1436/1436
f 1410/1410/1410 1407/1407/1407 1446/1446/1446
f 1410/1410/1410 1446/1446/1446 1448/1448/1448
f 1397/1397/1397 1420/1420/1420 1455/1455/1455
f 1397/1397/1397 1455/1455/1455 1440/1440/1440
f 1416/1416/1416 1413/1413/1413 1450/1450/1450
f 1416/1416/1416 1450/1450/1450 1452/1452/1452
f 1423/1423/1423 1400/1400/1400 1442/1442/1442
f 1423/1423/1423 1442/1442/1442 1457/1457/1457
f 1422/1422/1422 1419/1419/1419 1454/1454/1454
f 1422/1422/1422 1454/1454/1454 1456/1456/1456
f 1411/1411/1411 1388/1388/1388 1434/1434/1434
f 1411/1411/1411 1434/1434/1434 1449/1449/1449
f 1428/1428/1428 1425/1425/1425 1458/1458/1458
f 1428/1428/1428 1458/1458/1458 1460/1460/1460
f 1381/1381/1381 1384/1384/1384 1431/1431/1431
f 1381/1381/1381 1431/1431/1431 1429/1429/1429
f 1417/1417/1417 1394/1394/1394 1438/1438/1438
f 1417/1417/1417 1438/1438/1438 1453/1453/1453
f 1368/1368/1368 1366/1366/1366 1497/1497/1497
f 1368/1368/1368 1497/1497/1497 1495/1495/1495
f 1518/1518/1518 1502/1502/1502 1471/1471/1471
f 1518/1518/1518 1471/1471/1471 1273/1273/1273
f 1498/1498/1498 1520/1520/1520 1270/1270/1270
f 1498/1498/1498 1270/1270/1270 1475/1475/1475
f 1285/1285/1285 1356/1356/1356 1469/1469/1469
f 1285/1285/1285 1469/1469/1469 1464/1464/1464
f 1378/1378/1378 1363/1363/1363 1261/1261/1261
f 1378/1378/1378 1261/1261/1261 1485/1485/1485
f 1508/1508/1508 1516/1516/1516 1341/1341/1341
f 1508/1508/1508 1341/1341/1341 1349/1349/1349
f 1372/1372/1372 1378/1378/1378 1485/1485/1485
f 1372/1372/1372 1485/1485/1485 1491/1491/1491
f 1516/1516/1516 1510/1510/1510 1347/1347/1347
f 1516/1516/1516 1347/1347/1347 1341/1341/1341
f 1465/1465/1465 1463/1463/1463 1483/1483/1483
f 1465/1465/1465 1483/1483/1483 1481/1481/1481
f 1376/1376/1376 1374/1374/1374 1489/1489/1489
f 1376/1376/1376 1489/1489/1489 1487/1487/1487
f 1512/1512/1512 1514/1514/1514 1343/1343/1343
f 1512/1512/1512 1343/1343/1343 1345/1345/1345
f 1374/1374/1374 1372/1372/1372 1491/1491/1491
f 1374/1374/1374 1491/1491/1491 1489/1489/1489
f 1364/1364/1364 1286/1286/1286 1462/1462/1462
f 1364/1364/1364 1462/1462/1462 1249/1249/1249
f 1510/1510/1510 1512/1512/1512 1345/1345/1345
f 1510/1510/1510 1345/1345/1345 1347/1347/1347
f 1363/1363/1363 1360/1360/1360 1277/1277/1277
f 1363/1363/1363 1277/1277/1277 1261/1261/1261
f 1504/1504/1504 1508/1508/1508 1349/1349/1349
f 1504/1504/1504 1349/1349/1349 1352/1352/1352
f 1278/1278/1278 1492/1492/1492 1524/1524/1524
f 1278/1278/1278 1524/1524/1524 1265/1265/1265
f 1496/1496/1496 1486/1486/1486 1251/1251/1251
f 1496/1496/1496 1251/1251/1251 1526/1526/1526
f 1346/1346/1346 1344/1344/1344 1263/1263/1263
f 1346/1346/1346 1263/1263/1263 1262/1262/1262
f 1461/1461/1461 1351/1351/1351 1572/1572/1572
f 1461/1461/1461 1572/1572/1572 1550/1550/1550
f 1266/1266/1266 1256/1256/1256 1258/1258/1258
f 1266/1266/1266 1258/1258/1258 1269/1269/1269
f 1269/1269/1269 1258/1258/1258 1264/1264/1264
f 1269/1269/1269 1264/1264/1264 1252/1252/1252
f 1252/1252/1252 1264/1264/1264 1259/1259/1259
f 1252/1252/1252 1259/1259/1259 1523/1523/1523
f 1523/1523/1523 1259/1259/1259 1262/1262/1262
f 1523/1523/1523 1262/1262/1262 1250/1250/1250
f 1250/1250/1250 1262/1262/1262 1263/1263/1263
f 1250/1250/1250 1263/1263/1263 1251/1251/1251
f 1251/1251/1251 1263/1263/1263 1268/1268/1268
f 1251/1251/1251 1268/1268/1268 1526/1526/1526
f 1526/1526/1526 1268/1268/1268 1255/1255/1255
f 1526/1526/1526 1255/1255/1255 1525/1525/1525
f 1525/1525/1525 1255/1255/1255 1254/1254/1254
f 1525/1525/1525 1254/1254/1254 1524/1524/1524
f 1524/1524/1524 1254/1254/1254 1253/1253/1253
f 1524/1524/1524 1253/1253/1253 1265/1265/1265
f 1278/1278/1278 1265/1265/1265 1482/1482/1482
f 1278/1278/1278 1482/1482/1482 1477/1477/1477
f 1476/1476/1476 1271/1271/1271 1480/1480/1480
f 1476/1476/1476 1480/1480/1480 1253/1253/1253
f 1480/1480/1480 1482/1482/1482 1265/1265/1265
f 1480/1480/1480 1265/1265/1265 1253/1253/1253
f 1379/1379/1379 1316/1316/1316 1554/1554/1554
f 1379/1379/1379 1554/1554/1554 1577/1577/1577
f 1249/1249/1249 1462/1462/1462 1552/1552/1552
f 1249/1249/1249 1552/1552/1552 1535/1535/1535
f 1316/1316/1316 1506/1506/1506 1575/1575/1575
f 1316/1316/1316 1575/1575/1575 1554/1554/1554
f 1563/1563/1563 1545/1545/1545 1537/1537/1537
f 1563/1563/1563 1537/1537/1537 1528/1528/1528
f 1559/1559/1559 1541/1541/1541 1538/1538/1538
f 1559/1559/1559 1538/1538/1538 1548/1548/1548
f 1533/1533/1533 1527/1527/1527 1529/1529/1529
f 1533/1533/1533 1529/1529/1529 1530/1530/1530
f 1567/1567/1567 1560/1560/1560 1558/1558/1558
f 1567/1567/1567 1558/1558/1558 1570/1570/1570
f 1566/1566/1566 1563/1563/1563 1528/1528/1528
f 1566/1566/1566 1528/1528/1528 1534/1534/1534
f 1560/1560/1560 1573/1573/1573 1540/1540/1540
f 1560/1560/1560 1540/1540/1540 1558/1558/1558
f 1557/1557/1557 1553/1553/1553 1561/1561/1561
f 1557/1557/1557 1561/1561/1561 1568/1568/1568
f 1553/1553/1553 1555/1555/1555 1574/1574/1574
f 1553/1553/1553 1574/1574/1574 1561/1561/1561
f 1562/1562/1562 1565/1565/1565 1578/1578/1578
f 1562/1562/1562 1578/1578/1578 1576/1576/1576
f 1544/1544/1544 1562/1562/1562 1576/1576/1576
f 1544/1544/1544 1576/1576/1576 1547/1547/1547
f 1555/1555/1555 1553/1553/1553 1576/1576/1576
f 1555/1555/1555 1576/1576/1576 1578/1578/1578
f 1553/1553/1553 1557/1557/1557 1547/1547/1547
f 1553/1553/1553 1547/1547/1547 1576/1576/1576
f 1529/1529/1529 1548/1548/1548 1538/1538/1538
f 1529/1529/1529 1538/1538/1538 1530/1530/1530
f 1551/1551/1551 1549/1549/1549 1548/1548/1548
f 1551/1551/1551 1548/1548/1548 1529/1529/1529
f 1559/1559/1559 1548/1548/1548 1549/1549/1549
f 1559/1559/1559 1549/1549/1549 1571/1571/1571
f 1529/1529/1529 1527/1527/1527 1536/1536/1536
f 1529/1529/1529 1536/1536/1536 1551/1551/1551
o Object_11
usemtl COMICBOOKS
v -1.008574217557907 0.26753512024879456 1.3752824738621712
v -1.008574217557907 0.4089617133140564 1.317874900996685
v -1.0085742324590683 0.1110931932926178 1.3791560493409634
v -1.008574217557907 0.24691174924373627 1.3140013441443443
v -1.008574217557907 0.4292735755443573 1.3735593352466822
v -1.008574202656746 0.5622101426124573 1.319598041474819
v -1.008574202656746 0.5783032774925232 1.3743097744882105
v -1.008574202656746 0.7149374485015869 1.318847585469484
v -1.3145813643932343 0.26753512024879456 1.3752824813127518
v -1.3145813643932343 0.4089617133140564 1.317874900996685
v -1.3145813792943954 0.1110931932926178 1.3791560642421246
v -1.3145813643932343 0.24691174924373627 1.314001351594925
v -1.3145813643932343 0.4292735755443573 1.3735593426972628
v -1.314581349492073 0.5622101426124573 1.3195980563759802
v -1.314581349492073 0.5783032774925232 1.3743098005652425
v -1.314581349492073 0.7149374485015869 1.3188475742936132
vt 0.25076550245285034 0.2861478328704834
vt 0.25081220269203186 0.4466043710708618
vt 0.25081220269203186 0.10626959800720215
vt 0.25081220269203186 0.26278185844421387
vt 0.2507726848125458 0.4753584861755371
vt 0.25081220269203186 0.6261826753616333
vt 0.2507924437522888 0.6639038920402527
vt 0.25081220269203186 0.8189229965209961
vt 0.031216086819767952 0.2861478328704834
vt 0.035613805055618286 0.4466044306755066
vt 0.022268010303378105 0.10626959800720215
vt 0.030514754354953766 0.26278185844421387
vt 0.03608422726392746 0.4753584861755371
vt 0.038975268602371216 0.6261826753616333
vt 0.03959360718727112 0.6639038920402527
vt 0.04032362997531891 0.8189229965209961
vn 0 0.3760927080002546 0.9265820389954875
vn 0 0.3760927080002546 0.9265820389954875
vn 0 0.43251325482350417 0.9016275752227073
vn 0 0.43251325482350417 0.9016275752227073
vn 0 0.3760927080002546 0.9265820389954875
vn 0 0.3760927080002546 0.9265820389954875
vn 0 0.3760927080002546 0.9265820389954875
vn 0 0.3760927080002546 0.9265820389954875
vn 0 0.3760927080002546 0.9265820389954875
vn 0 0.3760927080002546 0.9265820389954875
vn 0 0.43251325482350417 0.9016275752227073
vn 0 0.43251325482350417 0.9016275752227073
vn 0 0.3760927080002546 0.9265820389954875
vn 0 0.3760927080002546 0.9265820389954875
vn 0 0.3760927080002546 0.9265820389954875
vn 0 0.3760927080002546 0.9265820389954875
f 1579/1579/1579 1580/1580/1580 1588/1588/1588
f 1579/1579/1579 1588/1588/1588 1587/1587/1587
f 1585/1585/1585 1586/1586/1586 1594/1594/1594
f 1585/1585/1585 1594/1594/1594 1593/1593/1593
f 1581/1581/1581 1582/1582/1582 1590/1590/1590
f 1581/1581/1581 1590/1590/1590 1589/1589/1589
f 1583/1583/1583 1584/1584/1584 1592/1592/1592
f 1583/1583/1583 1592/1592/1592 1591/1591/1591
